base_height,block_id,bn1_id,bn_id,canonical_height,canonical_tip,deadline,event,height,miner,new_tip,old_tip,parent_id,private_bn_id,race_tip_id,state,t,t_publish
0,,,,0,0,10.076884129407365,mine_A_start_withhold,,,,,,1,,WITHHOLD,6.357824940837203,
,,,,1,1,,reorg_or_tip_change,,,1,0,,,,WITHHOLD,10.076884129407365,
,1,,,1,1,,publish,1,A,,,0,,,WITHHOLD,10.076884129407365,10.076884129407365
,,,1,1,1,,release_bn,,,,,,,,WITHHOLD,10.076884129407365,
,,,,1,1,,release_no_race,,,,,,,,WITHHOLD,10.076884129407365,
1,,,,1,1,15.774182699987549,mine_A_start_withhold,,,,,,2,,WITHHOLD,12.055123511417387,
,,,,2,2,,reorg_or_tip_change,,,2,1,,,,WITHHOLD,15.774182699987549,
,2,,,2,2,,publish,2,A,,,1,,,WITHHOLD,15.774182699987549,15.774182699987549
,,,2,2,2,,release_bn,,,,,,,,WITHHOLD,15.774182699987549,
,,,,2,2,,release_no_race,,,,,,,,WITHHOLD,15.774182699987549,
2,,,,2,2,21.205254811278873,mine_A_start_withhold,,,,,,3,,WITHHOLD,17.48619562270871,
,,,,3,3,,reorg_or_tip_change,,,3,2,,,,WITHHOLD,21.205254811278873,
,3,,,3,3,,publish,3,A,,,2,,,WITHHOLD,21.205254811278873,21.205254811278873
,,,3,3,3,,release_bn,,,,,,,,WITHHOLD,21.205254811278873,
,,,,3,3,,release_no_race,,,,,,,,WITHHOLD,21.205254811278873,
,,,,4,4,,reorg_or_tip_change,,,4,3,,,,IDLE,21.725591292638597,
,4,,,4,4,,publish,4,H,,,3,,,IDLE,21.725591292638597,21.725591292638597
,4,,,4,4,,mine_H_publish,,,,,,,,IDLE,21.725591292638597,
4,,,,4,4,36.5173609313338,mine_A_start_withhold,,,,,,5,,WITHHOLD,32.798301742763634,
,,,,5,5,,reorg_or_tip_change,,,5,4,,,,WITHHOLD,36.5173609313338,
,5,,,5,5,,publish,5,A,,,4,,,WITHHOLD,36.5173609313338,36.5173609313338
,,,5,5,5,,release_bn,,,,,,,,WITHHOLD,36.5173609313338,
,,,,5,5,,release_no_race,,,,,,,,WITHHOLD,36.5173609313338,
,,,,6,6,,reorg_or_tip_change,,,6,5,,,,IDLE,36.59002211476652,
,6,,,6,6,,publish,6,H,,,5,,,IDLE,36.59002211476652,36.59002211476652
,6,,,6,6,,mine_H_publish,,,,,,,,IDLE,36.59002211476652,
6,,,,6,6,47.55309368933153,mine_A_start_withhold,,,,,,7,,WITHHOLD,43.83403450076137,
,,,,7,7,,reorg_or_tip_change,,,7,6,,,,WITHHOLD,45.28436392541967,
,7,,,7,7,,publish,7,A,,,6,,,WITHHOLD,45.28436392541967,45.28436392541967
,,,,8,8,,reorg_or_tip_change,,,8,7,,,,WITHHOLD,45.28436392541967,
,8,,,8,8,,publish,8,A,,,7,,,WITHHOLD,45.28436392541967,45.28436392541967
,,8,7,8,8,,mine_A_withhold_success,,,,,,,,WITHHOLD,45.28436392541967,
8,,,,8,8,57.70623757047202,mine_A_start_withhold,,,,,,9,,WITHHOLD,53.987178381901856,
,,,,9,9,,reorg_or_tip_change,,,9,8,,,,WITHHOLD,57.70623757047202,
,9,,,9,9,,publish,9,A,,,8,,,WITHHOLD,57.70623757047202,57.70623757047202
,,,9,9,9,,release_bn,,,,,,,,WITHHOLD,57.70623757047202,
,,,,9,9,,release_no_race,,,,,,,,WITHHOLD,57.70623757047202,
,,,,10,10,,reorg_or_tip_change,,,10,9,,,,IDLE,68.34668534839656,
,10,,,10,10,,publish,10,H,,,9,,,IDLE,68.34668534839656,68.34668534839656
,10,,,10,10,,mine_H_publish,,,,,,,,IDLE,68.34668534839656,
10,,,,10,10,74.46263128133856,mine_A_start_withhold,,,,,,11,,WITHHOLD,70.7435720927684,
,,,,11,11,,reorg_or_tip_change,,,11,10,,,,WITHHOLD,74.46263128133856,
,11,,,11,11,,publish,11,A,,,10,,,WITHHOLD,74.46263128133856,74.46263128133856
,,,11,11,11,,release_bn,,,,,,,,WITHHOLD,74.46263128133856,
,,,,11,11,,release_no_race,,,,,,,,WITHHOLD,74.46263128133856,
11,,,,11,11,78.40901479170009,mine_A_start_withhold,,,,,,12,,WITHHOLD,74.68995560312993,
,,,,12,13,,reorg_or_tip_change,,,13,11,,,,WITHHOLD,76.79374537859276,
,13,,,12,13,,publish,12,H,,,11,,,WITHHOLD,76.79374537859276,76.79374537859276
,13,,,12,13,,mine_H_publish,,,,,,,,WITHHOLD,76.79374537859276,
,12,,,12,13,,publish,12,A,,,11,,,WITHHOLD,78.40901479170009,78.40901479170009
,,,12,12,13,,release_bn,,,,,,,,WITHHOLD,78.40901479170009,
,,,,12,13,,release_enter_race,,,,,,,12,RACE,78.40901479170009,
,,,,13,14,,reorg_or_tip_change,,,14,13,,,,RACE,94.34979083481919,
,14,,,13,14,,publish,13,A,,,12,,,RACE,94.34979083481919,94.34979083481919
,14,,,13,14,,mine_A_race_success,,,,,,,,RACE,94.34979083481919,
13,,,,13,14,114.28063480128174,mine_A_start_withhold,,,,,,15,,WITHHOLD,110.56157561271158,
,,,,14,15,,reorg_or_tip_change,,,15,14,,,,WITHHOLD,114.28063480128174,
,15,,,14,15,,publish,14,A,,,14,,,WITHHOLD,114.28063480128174,114.28063480128174
,,,15,14,15,,release_bn,,,,,,,,WITHHOLD,114.28063480128174,
,,,,14,15,,release_no_race,,,,,,,,WITHHOLD,114.28063480128174,
14,,,,14,15,129.38842715565144,mine_A_start_withhold,,,,,,16,,WITHHOLD,125.66936796708127,
,,,,15,16,,reorg_or_tip_change,,,16,15,,,,WITHHOLD,128.12959663878948,
,16,,,15,16,,publish,15,A,,,15,,,WITHHOLD,128.12959663878948,128.12959663878948
,,,,16,17,,reorg_or_tip_change,,,17,16,,,,WITHHOLD,128.12959663878948,
,17,,,16,17,,publish,16,A,,,16,,,WITHHOLD,128.12959663878948,128.12959663878948
,,17,16,16,17,,mine_A_withhold_success,,,,,,,,WITHHOLD,128.12959663878948,
16,,,,16,17,138.14643950384206,mine_A_start_withhold,,,,,,18,,WITHHOLD,134.4273803152719,
,,,,17,18,,reorg_or_tip_change,,,18,17,,,,WITHHOLD,138.14643950384206,
,18,,,17,18,,publish,17,A,,,17,,,WITHHOLD,138.14643950384206,138.14643950384206
,,,18,17,18,,release_bn,,,,,,,,WITHHOLD,138.14643950384206,
,,,,17,18,,release_no_race,,,,,,,,WITHHOLD,138.14643950384206,
17,,,,17,18,142.49991420580028,mine_A_start_withhold,,,,,,19,,WITHHOLD,138.78085501723012,
,,,,18,19,,reorg_or_tip_change,,,19,18,,,,WITHHOLD,142.49991420580028,
,19,,,18,19,,publish,18,A,,,18,,,WITHHOLD,142.49991420580028,142.49991420580028
,,,19,18,19,,release_bn,,,,,,,,WITHHOLD,142.49991420580028,
,,,,18,19,,release_no_race,,,,,,,,WITHHOLD,142.49991420580028,
,,,,19,20,,reorg_or_tip_change,,,20,19,,,,IDLE,147.67112367199283,
,20,,,19,20,,publish,19,H,,,19,,,IDLE,147.67112367199283,147.67112367199283
,20,,,19,20,,mine_H_publish,,,,,,,,IDLE,147.67112367199283,
19,,,,19,20,154.78720943012684,mine_A_start_withhold,,,,,,21,,WITHHOLD,151.06815024155668,
,,,,20,22,,reorg_or_tip_change,,,22,20,,,,WITHHOLD,153.742995734325,
,22,,,20,22,,publish,20,H,,,20,,,WITHHOLD,153.742995734325,153.742995734325
,22,,,20,22,,mine_H_publish,,,,,,,,WITHHOLD,153.742995734325,
,21,,,20,22,,publish,20,A,,,20,,,WITHHOLD,154.78720943012684,154.78720943012684
,,,21,20,22,,release_bn,,,,,,,,WITHHOLD,154.78720943012684,
,,,,20,22,,release_enter_race,,,,,,,21,RACE,154.78720943012684,
,,,,21,23,,reorg_or_tip_change,,,23,22,,,,RACE,158.9570878011171,
,23,,,21,23,,publish,21,A,,,21,,,RACE,158.9570878011171,158.9570878011171
,23,,,21,23,,mine_A_race_success,,,,,,,,RACE,158.9570878011171,
,,,,22,24,,reorg_or_tip_change,,,24,23,,,,IDLE,163.99040173544194,
,24,,,22,24,,publish,22,H,,,23,,,IDLE,163.99040173544194,163.99040173544194
,24,,,22,24,,mine_H_publish,,,,,,,,IDLE,163.99040173544194,
,,,,23,25,,reorg_or_tip_change,,,25,24,,,,IDLE,165.99490275570594,
,25,,,23,25,,publish,23,H,,,24,,,IDLE,165.99490275570594,165.99490275570594
,25,,,23,25,,mine_H_publish,,,,,,,,IDLE,165.99490275570594,
23,,,,23,25,179.3995473675089,mine_A_start_withhold,,,,,,26,,WITHHOLD,175.68048817893873,
,,,,24,26,,reorg_or_tip_change,,,26,25,,,,WITHHOLD,176.34778909320133,
,26,,,24,26,,publish,24,A,,,25,,,WITHHOLD,176.34778909320133,176.34778909320133
,,,,25,27,,reorg_or_tip_change,,,27,26,,,,WITHHOLD,176.34778909320133,
,27,,,25,27,,publish,25,A,,,26,,,WITHHOLD,176.34778909320133,176.34778909320133
,,27,26,25,27,,mine_A_withhold_success,,,,,,,,WITHHOLD,176.34778909320133,
25,,,,25,27,190.2053616247009,mine_A_start_withhold,,,,,,28,,WITHHOLD,186.48630243613076,
,,,,26,28,,reorg_or_tip_change,,,28,27,,,,WITHHOLD,190.2053616247009,
,28,,,26,28,,publish,26,A,,,27,,,WITHHOLD,190.2053616247009,190.2053616247009
,,,28,26,28,,release_bn,,,,,,,,WITHHOLD,190.2053616247009,
,,,,26,28,,release_no_race,,,,,,,,WITHHOLD,190.2053616247009,
26,,,,26,28,199.13103646900495,mine_A_start_withhold,,,,,,29,,WITHHOLD,195.4119772804348,
,,,,27,29,,reorg_or_tip_change,,,29,28,,,,WITHHOLD,199.13103646900495,
,29,,,27,29,,publish,27,A,,,28,,,WITHHOLD,199.13103646900495,199.13103646900495
,,,29,27,29,,release_bn,,,,,,,,WITHHOLD,199.13103646900495,
,,,,27,29,,release_no_race,,,,,,,,WITHHOLD,199.13103646900495,
27,,,,27,29,207.12689098440154,mine_A_start_withhold,,,,,,30,,WITHHOLD,203.40783179583138,
,,,,28,30,,reorg_or_tip_change,,,30,29,,,,WITHHOLD,207.12689098440154,
,30,,,28,30,,publish,28,A,,,29,,,WITHHOLD,207.12689098440154,207.12689098440154
,,,30,28,30,,release_bn,,,,,,,,WITHHOLD,207.12689098440154,
,,,,28,30,,release_no_race,,,,,,,,WITHHOLD,207.12689098440154,
28,,,,28,30,215.52856926041267,mine_A_start_withhold,,,,,,31,,WITHHOLD,211.8095100718425,
,,,,29,32,,reorg_or_tip_change,,,32,30,,,,WITHHOLD,214.85527061348117,
,32,,,29,32,,publish,29,H,,,30,,,WITHHOLD,214.85527061348117,214.85527061348117
,32,,,29,32,,mine_H_publish,,,,,,,,WITHHOLD,214.85527061348117,
,,,,30,33,,reorg_or_tip_change,,,33,32,,,,WITHHOLD,215.1147126401133,
,33,,,30,33,,publish,30,H,,,32,,,WITHHOLD,215.1147126401133,215.1147126401133
,33,,,30,33,,mine_H_publish,,,,,,,,WITHHOLD,215.1147126401133,
,,,,30,33,,withhold_abort_honest_advanced,,,,,,,,WITHHOLD,215.1147126401133,
,,,,31,34,,reorg_or_tip_change,,,34,33,,,,IDLE,220.96827714001085,
,34,,,31,34,,publish,31,H,,,33,,,IDLE,220.96827714001085,220.96827714001085
,34,,,31,34,,mine_H_publish,,,,,,,,IDLE,220.96827714001085,
,,,,32,35,,reorg_or_tip_change,,,35,34,,,,IDLE,225.76896774533003,
,35,,,32,35,,publish,32,H,,,34,,,IDLE,225.76896774533003,225.76896774533003
,35,,,32,35,,mine_H_publish,,,,,,,,IDLE,225.76896774533003,
,,,,33,36,,reorg_or_tip_change,,,36,35,,,,IDLE,234.69801297151267,
,36,,,33,36,,publish,33,H,,,35,,,IDLE,234.69801297151267,234.69801297151267
,36,,,33,36,,mine_H_publish,,,,,,,,IDLE,234.69801297151267,
,,,,34,37,,reorg_or_tip_change,,,37,36,,,,IDLE,242.68735787626224,
,37,,,34,37,,publish,34,H,,,36,,,IDLE,242.68735787626224,242.68735787626224
,37,,,34,37,,mine_H_publish,,,,,,,,IDLE,242.68735787626224,
,,,,35,38,,reorg_or_tip_change,,,38,37,,,,IDLE,284.52219628434676,
,38,,,35,38,,publish,35,H,,,37,,,IDLE,284.52219628434676,284.52219628434676
,38,,,35,38,,mine_H_publish,,,,,,,,IDLE,284.52219628434676,
35,,,,35,38,291.7114467711254,mine_A_start_withhold,,,,,,39,,WITHHOLD,287.99238758255524,
,,,,36,39,,reorg_or_tip_change,,,39,38,,,,WITHHOLD,290.11627022684684,
,39,,,36,39,,publish,36,A,,,38,,,WITHHOLD,290.11627022684684,290.11627022684684
,,,,37,40,,reorg_or_tip_change,,,40,39,,,,WITHHOLD,290.11627022684684,
,40,,,37,40,,publish,37,A,,,39,,,WITHHOLD,290.11627022684684,290.11627022684684
,,40,39,37,40,,mine_A_withhold_success,,,,,,,,WITHHOLD,290.11627022684684,
37,,,,37,40,318.478434154775,mine_A_start_withhold,,,,,,41,,WITHHOLD,314.75937496620486,
,,,,38,41,,reorg_or_tip_change,,,41,40,,,,WITHHOLD,318.478434154775,
,41,,,38,41,,publish,38,A,,,40,,,WITHHOLD,318.478434154775,318.478434154775
,,,41,38,41,,release_bn,,,,,,,,WITHHOLD,318.478434154775,
,,,,38,41,,release_no_race,,,,,,,,WITHHOLD,318.478434154775,
38,,,,38,41,326.8238770334589,mine_A_start_withhold,,,,,,42,,WITHHOLD,323.10481784488877,
,,,,39,42,,reorg_or_tip_change,,,42,41,,,,WITHHOLD,324.4550816970997,
,42,,,39,42,,publish,39,A,,,41,,,WITHHOLD,324.4550816970997,324.4550816970997
,,,,40,43,,reorg_or_tip_change,,,43,42,,,,WITHHOLD,324.4550816970997,
,43,,,40,43,,publish,40,A,,,42,,,WITHHOLD,324.4550816970997,324.4550816970997
,,43,42,40,43,,mine_A_withhold_success,,,,,,,,WITHHOLD,324.4550816970997,
40,,,,40,43,348.4647776052373,mine_A_start_withhold,,,,,,44,,WITHHOLD,344.74571841666716,
,,,,41,44,,reorg_or_tip_change,,,44,43,,,,WITHHOLD,348.4647776052373,
,44,,,41,44,,publish,41,A,,,43,,,WITHHOLD,348.4647776052373,348.4647776052373
,,,44,41,44,,release_bn,,,,,,,,WITHHOLD,348.4647776052373,
,,,,41,44,,release_no_race,,,,,,,,WITHHOLD,348.4647776052373,
,,,,42,45,,reorg_or_tip_change,,,45,44,,,,IDLE,379.70431199607486,
,45,,,42,45,,publish,42,H,,,44,,,IDLE,379.70431199607486,379.70431199607486
,45,,,42,45,,mine_H_publish,,,,,,,,IDLE,379.70431199607486,
42,,,,42,45,389.2130101952296,mine_A_start_withhold,,,,,,46,,WITHHOLD,385.4939510066594,
,,,,43,46,,reorg_or_tip_change,,,46,45,,,,WITHHOLD,388.6765010983364,
,46,,,43,46,,publish,43,A,,,45,,,WITHHOLD,388.6765010983364,388.6765010983364
,,,,44,47,,reorg_or_tip_change,,,47,46,,,,WITHHOLD,388.6765010983364,
,47,,,44,47,,publish,44,A,,,46,,,WITHHOLD,388.6765010983364,388.6765010983364
,,47,46,44,47,,mine_A_withhold_success,,,,,,,,WITHHOLD,388.6765010983364,
44,,,,44,47,392.5388755932928,mine_A_start_withhold,,,,,,48,,WITHHOLD,388.81981640472264,
,,,,45,48,,reorg_or_tip_change,,,48,47,,,,WITHHOLD,391.0492284447729,
,48,,,45,48,,publish,45,A,,,47,,,WITHHOLD,391.0492284447729,391.0492284447729
,,,,46,49,,reorg_or_tip_change,,,49,48,,,,WITHHOLD,391.0492284447729,
,49,,,46,49,,publish,46,A,,,48,,,WITHHOLD,391.0492284447729,391.0492284447729
,,49,48,46,49,,mine_A_withhold_success,,,,,,,,WITHHOLD,391.0492284447729,
46,,,,46,49,396.5713959081855,mine_A_start_withhold,,,,,,50,,WITHHOLD,392.8523367196153,
,,,,47,51,,reorg_or_tip_change,,,51,49,,,,WITHHOLD,393.9480601312934,
,51,,,47,51,,publish,47,H,,,49,,,WITHHOLD,393.9480601312934,393.9480601312934
,51,,,47,51,,mine_H_publish,,,,,,,,WITHHOLD,393.9480601312934,
,50,,,47,51,,publish,47,A,,,49,,,WITHHOLD,396.5713959081855,396.5713959081855
,,,50,47,51,,release_bn,,,,,,,,WITHHOLD,396.5713959081855,
,,,,47,51,,release_enter_race,,,,,,,50,RACE,396.5713959081855,
,,,,48,52,,reorg_or_tip_change,,,52,51,,,,RACE,401.57640686146567,
,52,,,48,52,,publish,48,A,,,50,,,RACE,401.57640686146567,401.57640686146567
,52,,,48,52,,mine_A_race_success,,,,,,,,RACE,401.57640686146567,
,,,,49,53,,reorg_or_tip_change,,,53,52,,,,IDLE,422.15440321843954,
,53,,,49,53,,publish,49,H,,,52,,,IDLE,422.15440321843954,422.15440321843954
,53,,,49,53,,mine_H_publish,,,,,,,,IDLE,422.15440321843954,
49,,,,49,53,432.9410515424722,mine_A_start_withhold,,,,,,54,,WITHHOLD,429.22199235390207,
,,,,50,54,,reorg_or_tip_change,,,54,53,,,,WITHHOLD,432.9410515424722,
,54,,,50,54,,publish,50,A,,,53,,,WITHHOLD,432.9410515424722,432.9410515424722
,,,54,50,54,,release_bn,,,,,,,,WITHHOLD,432.9410515424722,
,,,,50,54,,release_no_race,,,,,,,,WITHHOLD,432.9410515424722,
50,,,,50,54,443.5892271953758,mine_A_start_withhold,,,,,,55,,WITHHOLD,439.87016800680567,
,,,,51,56,,reorg_or_tip_change,,,56,54,,,,WITHHOLD,443.56466441319566,
,56,,,51,56,,publish,51,H,,,54,,,WITHHOLD,443.56466441319566,443.56466441319566
,56,,,51,56,,mine_H_publish,,,,,,,,WITHHOLD,443.56466441319566,
,55,,,51,56,,publish,51,A,,,54,,,WITHHOLD,443.5892271953758,443.5892271953758
,,,55,51,56,,release_bn,,,,,,,,WITHHOLD,443.5892271953758,
,,,,51,56,,release_enter_race,,,,,,,55,RACE,443.5892271953758,
,,,,52,57,,reorg_or_tip_change,,,57,56,,,,RACE,444.62365800939125,
,57,,,52,57,,publish,52,A,,,55,,,RACE,444.62365800939125,444.62365800939125
,57,,,52,57,,mine_A_race_success,,,,,,,,RACE,444.62365800939125,
,,,,53,58,,reorg_or_tip_change,,,58,57,,,,IDLE,449.47094550273096,
,58,,,53,58,,publish,53,H,,,57,,,IDLE,449.47094550273096,449.47094550273096
,58,,,53,58,,mine_H_publish,,,,,,,,IDLE,449.47094550273096,
53,,,,53,58,460.2863761181937,mine_A_start_withhold,,,,,,59,,WITHHOLD,456.56731692962353,
,,,,54,59,,reorg_or_tip_change,,,59,58,,,,WITHHOLD,460.2863761181937,
,59,,,54,59,,publish,54,A,,,58,,,WITHHOLD,460.2863761181937,460.2863761181937
,,,59,54,59,,release_bn,,,,,,,,WITHHOLD,460.2863761181937,
,,,,54,59,,release_no_race,,,,,,,,WITHHOLD,460.2863761181937,
54,,,,54,59,477.7643848814774,mine_A_start_withhold,,,,,,60,,WITHHOLD,474.0453256929072,
,,,,55,61,,reorg_or_tip_change,,,61,59,,,,WITHHOLD,474.0682342071884,
,61,,,55,61,,publish,55,H,,,59,,,WITHHOLD,474.0682342071884,474.0682342071884
,61,,,55,61,,mine_H_publish,,,,,,,,WITHHOLD,474.0682342071884,
,,,,56,62,,reorg_or_tip_change,,,62,61,,,,WITHHOLD,474.4941253072448,
,62,,,56,62,,publish,56,H,,,61,,,WITHHOLD,474.4941253072448,474.4941253072448
,62,,,56,62,,mine_H_publish,,,,,,,,WITHHOLD,474.4941253072448,
,,,,56,62,,withhold_abort_honest_advanced,,,,,,,,WITHHOLD,474.4941253072448,
56,,,,56,62,483.00865123685776,mine_A_start_withhold,,,,,,63,,WITHHOLD,479.2895920482876,
,,,,57,64,,reorg_or_tip_change,,,64,62,,,,WITHHOLD,482.15643776767,
,64,,,57,64,,publish,57,H,,,62,,,WITHHOLD,482.15643776767,482.15643776767
,64,,,57,64,,mine_H_publish,,,,,,,,WITHHOLD,482.15643776767,
,63,,,57,64,,publish,57,A,,,62,,,WITHHOLD,483.00865123685776,483.00865123685776
,,,63,57,64,,release_bn,,,,,,,,WITHHOLD,483.00865123685776,
,,,,57,64,,release_enter_race,,,,,,,63,RACE,483.00865123685776,
,,,,58,65,,reorg_or_tip_change,,,65,64,,,,RACE,498.6232222772825,
,65,,,58,65,,publish,58,A,,,63,,,RACE,498.6232222772825,498.6232222772825
,65,,,58,65,,mine_A_race_success,,,,,,,,RACE,498.6232222772825,
,,,,59,66,,reorg_or_tip_change,,,66,65,,,,IDLE,498.75789549948803,
,66,,,59,66,,publish,59,H,,,65,,,IDLE,498.75789549948803,498.75789549948803
,66,,,59,66,,mine_H_publish,,,,,,,,IDLE,498.75789549948803,
59,,,,59,66,522.6289041059542,mine_A_start_withhold,,,,,,67,,WITHHOLD,518.909844917384,
,,,,60,67,,reorg_or_tip_change,,,67,66,,,,WITHHOLD,519.3610956113082,
,67,,,60,67,,publish,60,A,,,66,,,WITHHOLD,519.3610956113082,519.3610956113082
,,,,61,68,,reorg_or_tip_change,,,68,67,,,,WITHHOLD,519.3610956113082,
,68,,,61,68,,publish,61,A,,,67,,,WITHHOLD,519.3610956113082,519.3610956113082
,,68,67,61,68,,mine_A_withhold_success,,,,,,,,WITHHOLD,519.3610956113082,
61,,,,61,68,535.4653914299316,mine_A_start_withhold,,,,,,69,,WITHHOLD,531.7463322413614,
,,,,62,69,,reorg_or_tip_change,,,69,68,,,,WITHHOLD,535.4653914299316,
,69,,,62,69,,publish,62,A,,,68,,,WITHHOLD,535.4653914299316,535.4653914299316
,,,69,62,69,,release_bn,,,,,,,,WITHHOLD,535.4653914299316,
,,,,62,69,,release_no_race,,,,,,,,WITHHOLD,535.4653914299316,
,,,,63,70,,reorg_or_tip_change,,,70,69,,,,IDLE,536.2466042199958,
,70,,,63,70,,publish,63,H,,,69,,,IDLE,536.2466042199958,536.2466042199958
,70,,,63,70,,mine_H_publish,,,,,,,,IDLE,536.2466042199958,
,,,,64,71,,reorg_or_tip_change,,,71,70,,,,IDLE,546.1735223902326,
,71,,,64,71,,publish,64,H,,,70,,,IDLE,546.1735223902326,546.1735223902326
,71,,,64,71,,mine_H_publish,,,,,,,,IDLE,546.1735223902326,
,,,,65,72,,reorg_or_tip_change,,,72,71,,,,IDLE,547.8379451202859,
,72,,,65,72,,publish,65,H,,,71,,,IDLE,547.8379451202859,547.8379451202859
,72,,,65,72,,mine_H_publish,,,,,,,,IDLE,547.8379451202859,
65,,,,65,72,562.1981724354254,mine_A_start_withhold,,,,,,73,,WITHHOLD,558.4791132468551,
,,,,66,73,,reorg_or_tip_change,,,73,72,,,,WITHHOLD,562.1981724354254,
,73,,,66,73,,publish,66,A,,,72,,,WITHHOLD,562.1981724354254,562.1981724354254
,,,73,66,73,,release_bn,,,,,,,,WITHHOLD,562.1981724354254,
,,,,66,73,,release_no_race,,,,,,,,WITHHOLD,562.1981724354254,
,,,,67,74,,reorg_or_tip_change,,,74,73,,,,IDLE,562.9832934446852,
,74,,,67,74,,publish,67,H,,,73,,,IDLE,562.9832934446852,562.9832934446852
,74,,,67,74,,mine_H_publish,,,,,,,,IDLE,562.9832934446852,
,,,,68,75,,reorg_or_tip_change,,,75,74,,,,IDLE,568.5117590921627,
,75,,,68,75,,publish,68,H,,,74,,,IDLE,568.5117590921627,568.5117590921627
,75,,,68,75,,mine_H_publish,,,,,,,,IDLE,568.5117590921627,
,,,,69,76,,reorg_or_tip_change,,,76,75,,,,IDLE,572.3452585248735,
,76,,,69,76,,publish,69,H,,,75,,,IDLE,572.3452585248735,572.3452585248735
,76,,,69,76,,mine_H_publish,,,,,,,,IDLE,572.3452585248735,
69,,,,69,76,585.5499162114762,mine_A_start_withhold,,,,,,77,,WITHHOLD,581.830857022906,
,,,,70,77,,reorg_or_tip_change,,,77,76,,,,WITHHOLD,585.5499162114762,
,77,,,70,77,,publish,70,A,,,76,,,WITHHOLD,585.5499162114762,585.5499162114762
,,,77,70,77,,release_bn,,,,,,,,WITHHOLD,585.5499162114762,
,,,,70,77,,release_no_race,,,,,,,,WITHHOLD,585.5499162114762,
70,,,,70,77,589.3162468533209,mine_A_start_withhold,,,,,,78,,WITHHOLD,585.5971876647507,
,,,,71,78,,reorg_or_tip_change,,,78,77,,,,WITHHOLD,589.3162468533209,
,78,,,71,78,,publish,71,A,,,77,,,WITHHOLD,589.3162468533209,589.3162468533209
,,,78,71,78,,release_bn,,,,,,,,WITHHOLD,589.3162468533209,
,,,,71,78,,release_no_race,,,,,,,,WITHHOLD,589.3162468533209,
,,,,72,79,,reorg_or_tip_change,,,79,78,,,,IDLE,594.2543907624097,
,79,,,72,79,,publish,72,H,,,78,,,IDLE,594.2543907624097,594.2543907624097
,79,,,72,79,,mine_H_publish,,,,,,,,IDLE,594.2543907624097,
,,,,73,80,,reorg_or_tip_change,,,80,79,,,,IDLE,607.699914078776,
,80,,,73,80,,publish,73,H,,,79,,,IDLE,607.699914078776,607.699914078776
,80,,,73,80,,mine_H_publish,,,,,,,,IDLE,607.699914078776,
,,,,74,81,,reorg_or_tip_change,,,81,80,,,,IDLE,609.1741037213723,
,81,,,74,81,,publish,74,H,,,80,,,IDLE,609.1741037213723,609.1741037213723
,81,,,74,81,,mine_H_publish,,,,,,,,IDLE,609.1741037213723,
,,,,75,82,,reorg_or_tip_change,,,82,81,,,,IDLE,616.5411260147588,
,82,,,75,82,,publish,75,H,,,81,,,IDLE,616.5411260147588,616.5411260147588
,82,,,75,82,,mine_H_publish,,,,,,,,IDLE,616.5411260147588,
,,,,76,83,,reorg_or_tip_change,,,83,82,,,,IDLE,623.5149709340541,
,83,,,76,83,,publish,76,H,,,82,,,IDLE,623.5149709340541,623.5149709340541
,83,,,76,83,,mine_H_publish,,,,,,,,IDLE,623.5149709340541,
76,,,,76,83,637.2239881020943,mine_A_start_withhold,,,,,,84,,WITHHOLD,633.504928913524,
,,,,77,84,,reorg_or_tip_change,,,84,83,,,,WITHHOLD,637.2239881020943,
,84,,,77,84,,publish,77,A,,,83,,,WITHHOLD,637.2239881020943,637.2239881020943
,,,84,77,84,,release_bn,,,,,,,,WITHHOLD,637.2239881020943,
,,,,77,84,,release_no_race,,,,,,,,WITHHOLD,637.2239881020943,
77,,,,77,84,659.7751960974367,mine_A_start_withhold,,,,,,85,,WITHHOLD,656.0561369088665,
,,,,78,85,,reorg_or_tip_change,,,85,84,,,,WITHHOLD,659.7751960974367,
,85,,,78,85,,publish,78,A,,,84,,,WITHHOLD,659.7751960974367,659.7751960974367
,,,85,78,85,,release_bn,,,,,,,,WITHHOLD,659.7751960974367,
,,,,78,85,,release_no_race,,,,,,,,WITHHOLD,659.7751960974367,
78,,,,78,85,677.3670390182004,mine_A_start_withhold,,,,,,86,,WITHHOLD,673.6479798296302,
,,,,79,87,,reorg_or_tip_change,,,87,85,,,,WITHHOLD,673.6602014507183,
,87,,,79,87,,publish,79,H,,,85,,,WITHHOLD,673.6602014507183,673.6602014507183
,87,,,79,87,,mine_H_publish,,,,,,,,WITHHOLD,673.6602014507183,
,,,,80,88,,reorg_or_tip_change,,,88,87,,,,WITHHOLD,676.1054413902991,
,88,,,80,88,,publish,80,H,,,87,,,WITHHOLD,676.1054413902991,676.1054413902991
,88,,,80,88,,mine_H_publish,,,,,,,,WITHHOLD,676.1054413902991,
,,,,80,88,,withhold_abort_honest_advanced,,,,,,,,WITHHOLD,676.1054413902991,
80,,,,80,88,717.1723363627145,mine_A_start_withhold,,,,,,89,,WITHHOLD,713.4532771741443,
,,,,81,89,,reorg_or_tip_change,,,89,88,,,,WITHHOLD,717.1723363627145,
,89,,,81,89,,publish,81,A,,,88,,,WITHHOLD,717.1723363627145,717.1723363627145
,,,89,81,89,,release_bn,,,,,,,,WITHHOLD,717.1723363627145,
,,,,81,89,,release_no_race,,,,,,,,WITHHOLD,717.1723363627145,
81,,,,81,89,730.44146161029,mine_A_start_withhold,,,,,,90,,WITHHOLD,726.7224024217198,
,,,,82,90,,reorg_or_tip_change,,,90,89,,,,WITHHOLD,730.44146161029,
,90,,,82,90,,publish,82,A,,,89,,,WITHHOLD,730.44146161029,730.44146161029
,,,90,82,90,,release_bn,,,,,,,,WITHHOLD,730.44146161029,
,,,,82,90,,release_no_race,,,,,,,,WITHHOLD,730.44146161029,
,,,,83,91,,reorg_or_tip_change,,,91,90,,,,IDLE,733.4801236148313,
,91,,,83,91,,publish,83,H,,,90,,,IDLE,733.4801236148313,733.4801236148313
,91,,,83,91,,mine_H_publish,,,,,,,,IDLE,733.4801236148313,
83,,,,83,91,743.9079219427373,mine_A_start_withhold,,,,,,92,,WITHHOLD,740.1888627541671,
,,,,84,92,,reorg_or_tip_change,,,92,91,,,,WITHHOLD,741.2475604390584,
,92,,,84,92,,publish,84,A,,,91,,,WITHHOLD,741.2475604390584,741.2475604390584
,,,,85,93,,reorg_or_tip_change,,,93,92,,,,WITHHOLD,741.2475604390584,
,93,,,85,93,,publish,85,A,,,92,,,WITHHOLD,741.2475604390584,741.2475604390584
,,93,92,85,93,,mine_A_withhold_success,,,,,,,,WITHHOLD,741.2475604390584,
,,,,86,94,,reorg_or_tip_change,,,94,93,,,,IDLE,749.83927899713,
,94,,,86,94,,publish,86,H,,,93,,,IDLE,749.83927899713,749.83927899713
,94,,,86,94,,mine_H_publish,,,,,,,,IDLE,749.83927899713,
,,,,87,95,,reorg_or_tip_change,,,95,94,,,,IDLE,752.1904664412001,
,95,,,87,95,,publish,87,H,,,94,,,IDLE,752.1904664412001,752.1904664412001
,95,,,87,95,,mine_H_publish,,,,,,,,IDLE,752.1904664412001,
,,,,88,96,,reorg_or_tip_change,,,96,95,,,,IDLE,764.2362299933916,
,96,,,88,96,,publish,88,H,,,95,,,IDLE,764.2362299933916,764.2362299933916
,96,,,88,96,,mine_H_publish,,,,,,,,IDLE,764.2362299933916,
,,,,89,97,,reorg_or_tip_change,,,97,96,,,,IDLE,781.4681870036234,
,97,,,89,97,,publish,89,H,,,96,,,IDLE,781.4681870036234,781.4681870036234
,97,,,89,97,,mine_H_publish,,,,,,,,IDLE,781.4681870036234,
89,,,,89,97,802.6037607517666,mine_A_start_withhold,,,,,,98,,WITHHOLD,798.8847015631964,
,,,,90,98,,reorg_or_tip_change,,,98,97,,,,WITHHOLD,802.6037607517666,
,98,,,90,98,,publish,90,A,,,97,,,WITHHOLD,802.6037607517666,802.6037607517666
,,,98,90,98,,release_bn,,,,,,,,WITHHOLD,802.6037607517666,
,,,,90,98,,release_no_race,,,,,,,,WITHHOLD,802.6037607517666,
,,,,91,99,,reorg_or_tip_change,,,99,98,,,,IDLE,806.8188167060574,
,99,,,91,99,,publish,91,H,,,98,,,IDLE,806.8188167060574,806.8188167060574
,99,,,91,99,,mine_H_publish,,,,,,,,IDLE,806.8188167060574,
91,,,,91,99,828.2636190561171,mine_A_start_withhold,,,,,,100,,WITHHOLD,824.5445598675469,
,,,,92,100,,reorg_or_tip_change,,,100,99,,,,WITHHOLD,824.6497127230535,
,100,,,92,100,,publish,92,A,,,99,,,WITHHOLD,824.6497127230535,824.6497127230535
,,,,93,101,,reorg_or_tip_change,,,101,100,,,,WITHHOLD,824.6497127230535,
,101,,,93,101,,publish,93,A,,,100,,,WITHHOLD,824.6497127230535,824.6497127230535
,,101,100,93,101,,mine_A_withhold_success,,,,,,,,WITHHOLD,824.6497127230535,
93,,,,93,101,839.9027311327246,mine_A_start_withhold,,,,,,102,,WITHHOLD,836.1836719441544,
,,,,94,102,,reorg_or_tip_change,,,102,101,,,,WITHHOLD,837.3044776860586,
,102,,,94,102,,publish,94,A,,,101,,,WITHHOLD,837.3044776860586,837.3044776860586
,,,,95,103,,reorg_or_tip_change,,,103,102,,,,WITHHOLD,837.3044776860586,
,103,,,95,103,,publish,95,A,,,102,,,WITHHOLD,837.3044776860586,837.3044776860586
,,103,102,95,103,,mine_A_withhold_success,,,,,,,,WITHHOLD,837.3044776860586,
,,,,96,104,,reorg_or_tip_change,,,104,103,,,,IDLE,839.3647455403836,
,104,,,96,104,,publish,96,H,,,103,,,IDLE,839.3647455403836,839.3647455403836
,104,,,96,104,,mine_H_publish,,,,,,,,IDLE,839.3647455403836,
96,,,,96,104,846.1991912133699,mine_A_start_withhold,,,,,,105,,WITHHOLD,842.4801320247997,
,,,,97,105,,reorg_or_tip_change,,,105,104,,,,WITHHOLD,846.1991912133699,
,105,,,97,105,,publish,97,A,,,104,,,WITHHOLD,846.1991912133699,846.1991912133699
,,,105,97,105,,release_bn,,,,,,,,WITHHOLD,846.1991912133699,
,,,,97,105,,release_no_race,,,,,,,,WITHHOLD,846.1991912133699,
97,,,,97,105,851.7334014171057,mine_A_start_withhold,,,,,,106,,WITHHOLD,848.0143422285355,
,,,,98,106,,reorg_or_tip_change,,,106,105,,,,WITHHOLD,851.7334014171057,
,106,,,98,106,,publish,98,A,,,105,,,WITHHOLD,851.7334014171057,851.7334014171057
,,,106,98,106,,release_bn,,,,,,,,WITHHOLD,851.7334014171057,
,,,,98,106,,release_no_race,,,,,,,,WITHHOLD,851.7334014171057,
,,,,99,107,,reorg_or_tip_change,,,107,106,,,,IDLE,877.6678489623889,
,107,,,99,107,,publish,99,H,,,106,,,IDLE,877.6678489623889,877.6678489623889
,107,,,99,107,,mine_H_publish,,,,,,,,IDLE,877.6678489623889,
,,,,100,108,,reorg_or_tip_change,,,108,107,,,,IDLE,878.5600974919449,
,108,,,100,108,,publish,100,H,,,107,,,IDLE,878.5600974919449,878.5600974919449
,108,,,100,108,,mine_H_publish,,,,,,,,IDLE,878.5600974919449,
100,,,,100,108,887.2113838931924,mine_A_start_withhold,,,,,,109,,WITHHOLD,883.4923247046222,
,,,,101,109,,reorg_or_tip_change,,,109,108,,,,WITHHOLD,887.2113838931924,
,109,,,101,109,,publish,101,A,,,108,,,WITHHOLD,887.2113838931924,887.2113838931924
,,,109,101,109,,release_bn,,,,,,,,WITHHOLD,887.2113838931924,
,,,,101,109,,release_no_race,,,,,,,,WITHHOLD,887.2113838931924,
,,,,102,110,,reorg_or_tip_change,,,110,109,,,,IDLE,890.3814208784103,
,110,,,102,110,,publish,102,H,,,109,,,IDLE,890.3814208784103,890.3814208784103
,110,,,102,110,,mine_H_publish,,,,,,,,IDLE,890.3814208784103,
102,,,,102,110,898.3850551601644,mine_A_start_withhold,,,,,,111,,WITHHOLD,894.6659959715942,
,,,,103,111,,reorg_or_tip_change,,,111,110,,,,WITHHOLD,898.3850551601644,
,111,,,103,111,,publish,103,A,,,110,,,WITHHOLD,898.3850551601644,898.3850551601644
,,,111,103,111,,release_bn,,,,,,,,WITHHOLD,898.3850551601644,
,,,,103,111,,release_no_race,,,,,,,,WITHHOLD,898.3850551601644,
103,,,,103,111,903.3220388866434,mine_A_start_withhold,,,,,,112,,WITHHOLD,899.6029796980732,
,,,,104,112,,reorg_or_tip_change,,,112,111,,,,WITHHOLD,900.1001739229213,
,112,,,104,112,,publish,104,A,,,111,,,WITHHOLD,900.1001739229213,900.1001739229213
,,,,105,113,,reorg_or_tip_change,,,113,112,,,,WITHHOLD,900.1001739229213,
,113,,,105,113,,publish,105,A,,,112,,,WITHHOLD,900.1001739229213,900.1001739229213
,,113,112,105,113,,mine_A_withhold_success,,,,,,,,WITHHOLD,900.1001739229213,
105,,,,105,113,919.3517931729923,mine_A_start_withhold,,,,,,114,,WITHHOLD,915.6327339844221,
,,,,106,114,,reorg_or_tip_change,,,114,113,,,,WITHHOLD,918.3898305868454,
,114,,,106,114,,publish,106,A,,,113,,,WITHHOLD,918.3898305868454,918.3898305868454
,,,,107,115,,reorg_or_tip_change,,,115,114,,,,WITHHOLD,918.3898305868454,
,115,,,107,115,,publish,107,A,,,114,,,WITHHOLD,918.3898305868454,918.3898305868454
,,115,114,107,115,,mine_A_withhold_success,,,,,,,,WITHHOLD,918.3898305868454,
,,,,108,116,,reorg_or_tip_change,,,116,115,,,,IDLE,922.1764264853466,
,116,,,108,116,,publish,108,H,,,115,,,IDLE,922.1764264853466,922.1764264853466
,116,,,108,116,,mine_H_publish,,,,,,,,IDLE,922.1764264853466,
,,,,109,117,,reorg_or_tip_change,,,117,116,,,,IDLE,926.7158042712773,
,117,,,109,117,,publish,109,H,,,116,,,IDLE,926.7158042712773,926.7158042712773
,117,,,109,117,,mine_H_publish,,,,,,,,IDLE,926.7158042712773,
,,,,110,118,,reorg_or_tip_change,,,118,117,,,,IDLE,943.4276693030204,
,118,,,110,118,,publish,110,H,,,117,,,IDLE,943.4276693030204,943.4276693030204
,118,,,110,118,,mine_H_publish,,,,,,,,IDLE,943.4276693030204,
110,,,,110,118,949.017573947461,mine_A_start_withhold,,,,,,119,,WITHHOLD,945.2985147588907,
,,,,111,119,,reorg_or_tip_change,,,119,118,,,,WITHHOLD,949.017573947461,
,119,,,111,119,,publish,111,A,,,118,,,WITHHOLD,949.017573947461,949.017573947461
,,,119,111,119,,release_bn,,,,,,,,WITHHOLD,949.017573947461,
,,,,111,119,,release_no_race,,,,,,,,WITHHOLD,949.017573947461,
111,,,,111,119,954.912819947232,mine_A_start_withhold,,,,,,120,,WITHHOLD,951.1937607586618,
,,,,112,121,,reorg_or_tip_change,,,121,119,,,,WITHHOLD,952.0239430520708,
,121,,,112,121,,publish,112,H,,,119,,,WITHHOLD,952.0239430520708,952.0239430520708
,121,,,112,121,,mine_H_publish,,,,,,,,WITHHOLD,952.0239430520708,
,120,,,112,121,,publish,112,A,,,119,,,WITHHOLD,954.912819947232,954.912819947232
,,,120,112,121,,release_bn,,,,,,,,WITHHOLD,954.912819947232,
,,,,112,121,,release_enter_race,,,,,,,120,RACE,954.912819947232,
,,,,113,122,,reorg_or_tip_change,,,122,121,,,,RACE,956.7258207069926,
,122,,,113,122,,publish,113,A,,,120,,,RACE,956.7258207069926,956.7258207069926
,122,,,113,122,,mine_A_race_success,,,,,,,,RACE,956.7258207069926,
,,,,114,123,,reorg_or_tip_change,,,123,122,,,,IDLE,960.7951121226783,
,123,,,114,123,,publish,114,H,,,122,,,IDLE,960.7951121226783,960.7951121226783
,123,,,114,123,,mine_H_publish,,,,,,,,IDLE,960.7951121226783,
114,,,,114,123,976.1624296666756,mine_A_start_withhold,,,,,,124,,WITHHOLD,972.4433704781054,
,,,,115,124,,reorg_or_tip_change,,,124,123,,,,WITHHOLD,974.8234848360412,
,124,,,115,124,,publish,115,A,,,123,,,WITHHOLD,974.8234848360412,974.8234848360412
,,,,116,125,,reorg_or_tip_change,,,125,124,,,,WITHHOLD,974.8234848360412,
,125,,,116,125,,publish,116,A,,,124,,,WITHHOLD,974.8234848360412,974.8234848360412
,,125,124,116,125,,mine_A_withhold_success,,,,,,,,WITHHOLD,974.8234848360412,
116,,,,116,125,979.4151858674929,mine_A_start_withhold,,,,,,126,,WITHHOLD,975.6961266789227,
,,,,117,126,,reorg_or_tip_change,,,126,125,,,,WITHHOLD,979.4151858674929,
,126,,,117,126,,publish,117,A,,,125,,,WITHHOLD,979.4151858674929,979.4151858674929
,,,126,117,126,,release_bn,,,,,,,,WITHHOLD,979.4151858674929,
,,,,117,126,,release_no_race,,,,,,,,WITHHOLD,979.4151858674929,
117,,,,117,126,1007.3565105064871,mine_A_start_withhold,,,,,,127,,WITHHOLD,1003.6374513179169,
,,,,118,127,,reorg_or_tip_change,,,127,126,,,,WITHHOLD,1004.5514287846746,
,127,,,118,127,,publish,118,A,,,126,,,WITHHOLD,1004.5514287846746,1004.5514287846746
,,,,119,128,,reorg_or_tip_change,,,128,127,,,,WITHHOLD,1004.5514287846746,
,128,,,119,128,,publish,119,A,,,127,,,WITHHOLD,1004.5514287846746,1004.5514287846746
,,128,127,119,128,,mine_A_withhold_success,,,,,,,,WITHHOLD,1004.5514287846746,
,,,,120,129,,reorg_or_tip_change,,,129,128,,,,IDLE,1005.9742325546796,
,129,,,120,129,,publish,120,H,,,128,,,IDLE,1005.9742325546796,1005.9742325546796
,129,,,120,129,,mine_H_publish,,,,,,,,IDLE,1005.9742325546796,
120,,,,120,129,1011.2960552786882,mine_A_start_withhold,,,,,,130,,WITHHOLD,1007.576996090118,
,,,,121,130,,reorg_or_tip_change,,,130,129,,,,WITHHOLD,1011.2960552786882,
,130,,,121,130,,publish,121,A,,,129,,,WITHHOLD,1011.2960552786882,1011.2960552786882
,,,130,121,130,,release_bn,,,,,,,,WITHHOLD,1011.2960552786882,
,,,,121,130,,release_no_race,,,,,,,,WITHHOLD,1011.2960552786882,
121,,,,121,130,1016.2298296211371,mine_A_start_withhold,,,,,,131,,WITHHOLD,1012.5107704325669,
,,,,122,131,,reorg_or_tip_change,,,131,130,,,,WITHHOLD,1016.2298296211371,
,131,,,122,131,,publish,122,A,,,130,,,WITHHOLD,1016.2298296211371,1016.2298296211371
,,,131,122,131,,release_bn,,,,,,,,WITHHOLD,1016.2298296211371,
,,,,122,131,,release_no_race,,,,,,,,WITHHOLD,1016.2298296211371,
,,,,123,132,,reorg_or_tip_change,,,132,131,,,,IDLE,1023.226230283035,
,132,,,123,132,,publish,123,H,,,131,,,IDLE,1023.226230283035,1023.226230283035
,132,,,123,132,,mine_H_publish,,,,,,,,IDLE,1023.226230283035,
123,,,,123,132,1028.4236641477062,mine_A_start_withhold,,,,,,133,,WITHHOLD,1024.704604959136,
,,,,124,134,,reorg_or_tip_change,,,134,132,,,,WITHHOLD,1027.386363326593,
,134,,,124,134,,publish,124,H,,,132,,,WITHHOLD,1027.386363326593,1027.386363326593
,134,,,124,134,,mine_H_publish,,,,,,,,WITHHOLD,1027.386363326593,
,133,,,124,134,,publish,124,A,,,132,,,WITHHOLD,1028.4236641477062,1028.4236641477062
,,,133,124,134,,release_bn,,,,,,,,WITHHOLD,1028.4236641477062,
,,,,124,134,,release_enter_race,,,,,,,133,RACE,1028.4236641477062,
,,,,125,135,,reorg_or_tip_change,,,135,134,,,,RACE,1028.838850872435,
,135,,,125,135,,publish,125,A,,,133,,,RACE,1028.838850872435,1028.838850872435
,135,,,125,135,,mine_A_race_success,,,,,,,,RACE,1028.838850872435,
125,,,,125,135,1036.2460682405876,mine_A_start_withhold,,,,,,136,,WITHHOLD,1032.5270090520175,
,,,,126,136,,reorg_or_tip_change,,,136,135,,,,WITHHOLD,1036.2460682405876,
,136,,,126,136,,publish,126,A,,,135,,,WITHHOLD,1036.2460682405876,1036.2460682405876
,,,136,126,136,,release_bn,,,,,,,,WITHHOLD,1036.2460682405876,
,,,,126,136,,release_no_race,,,,,,,,WITHHOLD,1036.2460682405876,
126,,,,126,136,1066.3755544782641,mine_A_start_withhold,,,,,,137,,WITHHOLD,1062.656495289694,
,,,,127,137,,reorg_or_tip_change,,,137,136,,,,WITHHOLD,1066.3755544782641,
,137,,,127,137,,publish,127,A,,,136,,,WITHHOLD,1066.3755544782641,1066.3755544782641
,,,137,127,137,,release_bn,,,,,,,,WITHHOLD,1066.3755544782641,
,,,,127,137,,release_no_race,,,,,,,,WITHHOLD,1066.3755544782641,
,,,,128,138,,reorg_or_tip_change,,,138,137,,,,IDLE,1091.7869172670335,
,138,,,128,138,,publish,128,H,,,137,,,IDLE,1091.7869172670335,1091.7869172670335
,138,,,128,138,,mine_H_publish,,,,,,,,IDLE,1091.7869172670335,
128,,,,128,138,1097.9175278444986,mine_A_start_withhold,,,,,,139,,WITHHOLD,1094.1984686559285,
,,,,129,139,,reorg_or_tip_change,,,139,138,,,,WITHHOLD,1096.1344034111737,
,139,,,129,139,,publish,129,A,,,138,,,WITHHOLD,1096.1344034111737,1096.1344034111737
,,,,130,140,,reorg_or_tip_change,,,140,139,,,,WITHHOLD,1096.1344034111737,
,140,,,130,140,,publish,130,A,,,139,,,WITHHOLD,1096.1344034111737,1096.1344034111737
,,140,139,130,140,,mine_A_withhold_success,,,,,,,,WITHHOLD,1096.1344034111737,
130,,,,130,140,1100.552503306466,mine_A_start_withhold,,,,,,141,,WITHHOLD,1096.8334441178959,
,,,,131,142,,reorg_or_tip_change,,,142,140,,,,WITHHOLD,1098.4116056635637,
,142,,,131,142,,publish,131,H,,,140,,,WITHHOLD,1098.4116056635637,1098.4116056635637
,142,,,131,142,,mine_H_publish,,,,,,,,WITHHOLD,1098.4116056635637,
,141,,,131,142,,publish,131,A,,,140,,,WITHHOLD,1100.552503306466,1100.552503306466
,,,141,131,142,,release_bn,,,,,,,,WITHHOLD,1100.552503306466,
,,,,131,142,,release_enter_race,,,,,,,141,RACE,1100.552503306466,
,,,,132,143,,reorg_or_tip_change,,,143,142,,,,RACE,1109.941018768164,
,143,,,132,143,,publish,132,H,,,142,,,RACE,1109.941018768164,1109.941018768164
,143,,,132,143,,mine_H_publish,,,,,,,,RACE,1109.941018768164,
,,,,132,143,,race_lost,,,,,,,,RACE,1109.941018768164,
132,,,,132,143,1119.5256514568712,mine_A_start_withhold,,,,,,144,,WITHHOLD,1115.806592268301,
,,,,133,144,,reorg_or_tip_change,,,144,143,,,,WITHHOLD,1119.5256514568712,
,144,,,133,144,,publish,133,A,,,143,,,WITHHOLD,1119.5256514568712,1119.5256514568712
,,,144,133,144,,release_bn,,,,,,,,WITHHOLD,1119.5256514568712,
,,,,133,144,,release_no_race,,,,,,,,WITHHOLD,1119.5256514568712,
133,,,,133,144,1123.3621351530114,mine_A_start_withhold,,,,,,145,,WITHHOLD,1119.6430759644413,
,,,,134,145,,reorg_or_tip_change,,,145,144,,,,WITHHOLD,1119.9030275507614,
,145,,,134,145,,publish,134,A,,,144,,,WITHHOLD,1119.9030275507614,1119.9030275507614
,,,,135,146,,reorg_or_tip_change,,,146,145,,,,WITHHOLD,1119.9030275507614,
,146,,,135,146,,publish,135,A,,,145,,,WITHHOLD,1119.9030275507614,1119.9030275507614
,,146,145,135,146,,mine_A_withhold_success,,,,,,,,WITHHOLD,1119.9030275507614,
135,,,,135,146,1130.2644380827517,mine_A_start_withhold,,,,,,147,,WITHHOLD,1126.5453788941816,
,,,,136,147,,reorg_or_tip_change,,,147,146,,,,WITHHOLD,1130.2644380827517,
,147,,,136,147,,publish,136,A,,,146,,,WITHHOLD,1130.2644380827517,1130.2644380827517
,,,147,136,147,,release_bn,,,,,,,,WITHHOLD,1130.2644380827517,
,,,,136,147,,release_no_race,,,,,,,,WITHHOLD,1130.2644380827517,
,,,,137,148,,reorg_or_tip_change,,,148,147,,,,IDLE,1133.0336868060367,
,148,,,137,148,,publish,137,H,,,147,,,IDLE,1133.0336868060367,1133.0336868060367
,148,,,137,148,,mine_H_publish,,,,,,,,IDLE,1133.0336868060367,
,,,,138,149,,reorg_or_tip_change,,,149,148,,,,IDLE,1142.8651142319395,
,149,,,138,149,,publish,138,H,,,148,,,IDLE,1142.8651142319395,1142.8651142319395
,149,,,138,149,,mine_H_publish,,,,,,,,IDLE,1142.8651142319395,
138,,,,138,149,1149.302687391012,mine_A_start_withhold,,,,,,150,,WITHHOLD,1145.5836282024418,
,,,,139,150,,reorg_or_tip_change,,,150,149,,,,WITHHOLD,1149.302687391012,
,150,,,139,150,,publish,139,A,,,149,,,WITHHOLD,1149.302687391012,1149.302687391012
,,,150,139,150,,release_bn,,,,,,,,WITHHOLD,1149.302687391012,
,,,,139,150,,release_no_race,,,,,,,,WITHHOLD,1149.302687391012,
,,,,140,151,,reorg_or_tip_change,,,151,150,,,,IDLE,1161.092207206032,
,151,,,140,151,,publish,140,H,,,150,,,IDLE,1161.092207206032,1161.092207206032
,151,,,140,151,,mine_H_publish,,,,,,,,IDLE,1161.092207206032,
140,,,,140,151,1187.9175488499027,mine_A_start_withhold,,,,,,152,,WITHHOLD,1184.1984896613326,
,,,,141,153,,reorg_or_tip_change,,,153,151,,,,WITHHOLD,1186.0079132516976,
,153,,,141,153,,publish,141,H,,,151,,,WITHHOLD,1186.0079132516976,1186.0079132516976
,153,,,141,153,,mine_H_publish,,,,,,,,WITHHOLD,1186.0079132516976,
,,,,142,154,,reorg_or_tip_change,,,154,153,,,,WITHHOLD,1187.7169287339882,
,154,,,142,154,,publish,142,H,,,153,,,WITHHOLD,1187.7169287339882,1187.7169287339882
,154,,,142,154,,mine_H_publish,,,,,,,,WITHHOLD,1187.7169287339882,
,,,,142,154,,withhold_abort_honest_advanced,,,,,,,,WITHHOLD,1187.7169287339882,
142,,,,142,154,1195.7729051407746,mine_A_start_withhold,,,,,,155,,WITHHOLD,1192.0538459522045,
,,,,143,155,,reorg_or_tip_change,,,155,154,,,,WITHHOLD,1195.7729051407746,
,155,,,143,155,,publish,143,A,,,154,,,WITHHOLD,1195.7729051407746,1195.7729051407746
,,,155,143,155,,release_bn,,,,,,,,WITHHOLD,1195.7729051407746,
,,,,143,155,,release_no_race,,,,,,,,WITHHOLD,1195.7729051407746,
,,,,144,156,,reorg_or_tip_change,,,156,155,,,,IDLE,1201.7834198350752,
,156,,,144,156,,publish,144,H,,,155,,,IDLE,1201.7834198350752,1201.7834198350752
,156,,,144,156,,mine_H_publish,,,,,,,,IDLE,1201.7834198350752,
,,,,145,157,,reorg_or_tip_change,,,157,156,,,,IDLE,1209.5177780122242,
,157,,,145,157,,publish,145,H,,,156,,,IDLE,1209.5177780122242,1209.5177780122242
,157,,,145,157,,mine_H_publish,,,,,,,,IDLE,1209.5177780122242,
,,,,146,158,,reorg_or_tip_change,,,158,157,,,,IDLE,1210.0503288365917,
,158,,,146,158,,publish,146,H,,,157,,,IDLE,1210.0503288365917,1210.0503288365917
,158,,,146,158,,mine_H_publish,,,,,,,,IDLE,1210.0503288365917,
146,,,,146,158,1215.87781028746,mine_A_start_withhold,,,,,,159,,WITHHOLD,1212.15875109889,
,,,,147,159,,reorg_or_tip_change,,,159,158,,,,WITHHOLD,1215.87781028746,
,159,,,147,159,,publish,147,A,,,158,,,WITHHOLD,1215.87781028746,1215.87781028746
,,,159,147,159,,release_bn,,,,,,,,WITHHOLD,1215.87781028746,
,,,,147,159,,release_no_race,,,,,,,,WITHHOLD,1215.87781028746,
,,,,148,160,,reorg_or_tip_change,,,160,159,,,,IDLE,1220.821808814046,
,160,,,148,160,,publish,148,H,,,159,,,IDLE,1220.821808814046,1220.821808814046
,160,,,148,160,,mine_H_publish,,,,,,,,IDLE,1220.821808814046,
148,,,,148,160,1227.7405301782649,mine_A_start_withhold,,,,,,161,,WITHHOLD,1224.0214709896948,
,,,,149,161,,reorg_or_tip_change,,,161,160,,,,WITHHOLD,1227.7405301782649,
,161,,,149,161,,publish,149,A,,,160,,,WITHHOLD,1227.7405301782649,1227.7405301782649
,,,161,149,161,,release_bn,,,,,,,,WITHHOLD,1227.7405301782649,
,,,,149,161,,release_no_race,,,,,,,,WITHHOLD,1227.7405301782649,
149,,,,149,161,1233.170828147454,mine_A_start_withhold,,,,,,162,,WITHHOLD,1229.4517689588838,
,,,,150,163,,reorg_or_tip_change,,,163,161,,,,WITHHOLD,1229.7289230838098,
,163,,,150,163,,publish,150,H,,,161,,,WITHHOLD,1229.7289230838098,1229.7289230838098
,163,,,150,163,,mine_H_publish,,,,,,,,WITHHOLD,1229.7289230838098,
,162,,,150,163,,publish,150,A,,,161,,,WITHHOLD,1233.170828147454,1233.170828147454
,,,162,150,163,,release_bn,,,,,,,,WITHHOLD,1233.170828147454,
,,,,150,163,,release_enter_race,,,,,,,162,RACE,1233.170828147454,
,,,,151,164,,reorg_or_tip_change,,,164,163,,,,RACE,1254.6217797670336,
,164,,,151,164,,publish,151,H,,,163,,,RACE,1254.6217797670336,1254.6217797670336
,164,,,151,164,,mine_H_publish,,,,,,,,RACE,1254.6217797670336,
,,,,151,164,,race_lost,,,,,,,,RACE,1254.6217797670336,
151,,,,151,164,1259.1015494786247,mine_A_start_withhold,,,,,,165,,WITHHOLD,1255.3824902900546,
,,,,152,166,,reorg_or_tip_change,,,166,164,,,,WITHHOLD,1258.3235894564043,
,166,,,152,166,,publish,152,H,,,164,,,WITHHOLD,1258.3235894564043,1258.3235894564043
,166,,,152,166,,mine_H_publish,,,,,,,,WITHHOLD,1258.3235894564043,
,165,,,152,166,,publish,152,A,,,164,,,WITHHOLD,1259.1015494786247,1259.1015494786247
,,,165,152,166,,release_bn,,,,,,,,WITHHOLD,1259.1015494786247,
,,,,152,166,,release_enter_race,,,,,,,165,RACE,1259.1015494786247,
,,,,153,167,,reorg_or_tip_change,,,167,166,,,,RACE,1307.1271866654793,
,167,,,153,167,,publish,153,A,,,165,,,RACE,1307.1271866654793,1307.1271866654793
,167,,,153,167,,mine_A_race_success,,,,,,,,RACE,1307.1271866654793,
153,,,,153,167,1315.7787287058084,mine_A_start_withhold,,,,,,168,,WITHHOLD,1312.0596695172383,
,,,,154,169,,reorg_or_tip_change,,,169,167,,,,WITHHOLD,1314.6327889869815,
,169,,,154,169,,publish,154,H,,,167,,,WITHHOLD,1314.6327889869815,1314.6327889869815
,169,,,154,169,,mine_H_publish,,,,,,,,WITHHOLD,1314.6327889869815,
,168,,,154,169,,publish,154,A,,,167,,,WITHHOLD,1315.7787287058084,1315.7787287058084
,,,168,154,169,,release_bn,,,,,,,,WITHHOLD,1315.7787287058084,
,,,,154,169,,release_enter_race,,,,,,,168,RACE,1315.7787287058084,
,,,,155,170,,reorg_or_tip_change,,,170,169,,,,RACE,1318.361123616586,
,170,,,155,170,,publish,155,A,,,168,,,RACE,1318.361123616586,1318.361123616586
,170,,,155,170,,mine_A_race_success,,,,,,,,RACE,1318.361123616586,
155,,,,155,170,1328.8308233556616,mine_A_start_withhold,,,,,,171,,WITHHOLD,1325.1117641670915,
,,,,156,171,,reorg_or_tip_change,,,171,170,,,,WITHHOLD,1328.8308233556616,
,171,,,156,171,,publish,156,A,,,170,,,WITHHOLD,1328.8308233556616,1328.8308233556616
,,,171,156,171,,release_bn,,,,,,,,WITHHOLD,1328.8308233556616,
,,,,156,171,,release_no_race,,,,,,,,WITHHOLD,1328.8308233556616,
,,,,157,172,,reorg_or_tip_change,,,172,171,,,,IDLE,1330.8622923590256,
,172,,,157,172,,publish,157,H,,,171,,,IDLE,1330.8622923590256,1330.8622923590256
,172,,,157,172,,mine_H_publish,,,,,,,,IDLE,1330.8622923590256,
,,,,158,173,,reorg_or_tip_change,,,173,172,,,,IDLE,1338.995420569723,
,173,,,158,173,,publish,158,H,,,172,,,IDLE,1338.995420569723,1338.995420569723
,173,,,158,173,,mine_H_publish,,,,,,,,IDLE,1338.995420569723,
158,,,,158,173,1352.2666377663006,mine_A_start_withhold,,,,,,174,,WITHHOLD,1348.5475785777305,
,,,,159,174,,reorg_or_tip_change,,,174,173,,,,WITHHOLD,1352.2666377663006,
,174,,,159,174,,publish,159,A,,,173,,,WITHHOLD,1352.2666377663006,1352.2666377663006
,,,174,159,174,,release_bn,,,,,,,,WITHHOLD,1352.2666377663006,
,,,,159,174,,release_no_race,,,,,,,,WITHHOLD,1352.2666377663006,
159,,,,159,174,1379.1220833621153,mine_A_start_withhold,,,,,,175,,WITHHOLD,1375.4030241735452,
,,,,160,175,,reorg_or_tip_change,,,175,174,,,,WITHHOLD,1379.1220833621153,
,175,,,160,175,,publish,160,A,,,174,,,WITHHOLD,1379.1220833621153,1379.1220833621153
,,,175,160,175,,release_bn,,,,,,,,WITHHOLD,1379.1220833621153,
,,,,160,175,,release_no_race,,,,,,,,WITHHOLD,1379.1220833621153,
160,,,,160,175,1390.9763126739733,mine_A_start_withhold,,,,,,176,,WITHHOLD,1387.2572534854032,
,,,,161,176,,reorg_or_tip_change,,,176,175,,,,WITHHOLD,1390.9763126739733,
,176,,,161,176,,publish,161,A,,,175,,,WITHHOLD,1390.9763126739733,1390.9763126739733
,,,176,161,176,,release_bn,,,,,,,,WITHHOLD,1390.9763126739733,
,,,,161,176,,release_no_race,,,,,,,,WITHHOLD,1390.9763126739733,
,,,,162,177,,reorg_or_tip_change,,,177,176,,,,IDLE,1412.026770022345,
,177,,,162,177,,publish,162,H,,,176,,,IDLE,1412.026770022345,1412.026770022345
,177,,,162,177,,mine_H_publish,,,,,,,,IDLE,1412.026770022345,
,,,,163,178,,reorg_or_tip_change,,,178,177,,,,IDLE,1415.4178326404522,
,178,,,163,178,,publish,163,H,,,177,,,IDLE,1415.4178326404522,1415.4178326404522
,178,,,163,178,,mine_H_publish,,,,,,,,IDLE,1415.4178326404522,
,,,,164,179,,reorg_or_tip_change,,,179,178,,,,IDLE,1422.954701837686,
,179,,,164,179,,publish,164,H,,,178,,,IDLE,1422.954701837686,1422.954701837686
,179,,,164,179,,mine_H_publish,,,,,,,,IDLE,1422.954701837686,
,,,,165,180,,reorg_or_tip_change,,,180,179,,,,IDLE,1448.4695178529435,
,180,,,165,180,,publish,165,H,,,179,,,IDLE,1448.4695178529435,1448.4695178529435
,180,,,165,180,,mine_H_publish,,,,,,,,IDLE,1448.4695178529435,
,,,,166,181,,reorg_or_tip_change,,,181,180,,,,IDLE,1461.8976851929322,
,181,,,166,181,,publish,166,H,,,180,,,IDLE,1461.8976851929322,1461.8976851929322
,181,,,166,181,,mine_H_publish,,,,,,,,IDLE,1461.8976851929322,
,,,,167,182,,reorg_or_tip_change,,,182,181,,,,IDLE,1485.409037634194,
,182,,,167,182,,publish,167,H,,,181,,,IDLE,1485.409037634194,1485.409037634194
,182,,,167,182,,mine_H_publish,,,,,,,,IDLE,1485.409037634194,
,,,,168,183,,reorg_or_tip_change,,,183,182,,,,IDLE,1487.5350243373525,
,183,,,168,183,,publish,168,H,,,182,,,IDLE,1487.5350243373525,1487.5350243373525
,183,,,168,183,,mine_H_publish,,,,,,,,IDLE,1487.5350243373525,
,,,,169,184,,reorg_or_tip_change,,,184,183,,,,IDLE,1491.9512727174954,
,184,,,169,184,,publish,169,H,,,183,,,IDLE,1491.9512727174954,1491.9512727174954
,184,,,169,184,,mine_H_publish,,,,,,,,IDLE,1491.9512727174954,
169,,,,169,184,1533.030458983884,mine_A_start_withhold,,,,,,185,,WITHHOLD,1529.311399795314,
,,,,170,186,,reorg_or_tip_change,,,186,184,,,,WITHHOLD,1532.3958278449486,
,186,,,170,186,,publish,170,H,,,184,,,WITHHOLD,1532.3958278449486,1532.3958278449486
,186,,,170,186,,mine_H_publish,,,,,,,,WITHHOLD,1532.3958278449486,
,185,,,170,186,,publish,170,A,,,184,,,WITHHOLD,1533.030458983884,1533.030458983884
,,,185,170,186,,release_bn,,,,,,,,WITHHOLD,1533.030458983884,
,,,,170,186,,release_enter_race,,,,,,,185,RACE,1533.030458983884,
,,,,171,187,,reorg_or_tip_change,,,187,186,,,,RACE,1533.6410722888459,
,187,,,171,187,,publish,171,A,,,185,,,RACE,1533.6410722888459,1533.6410722888459
,187,,,171,187,,mine_A_race_success,,,,,,,,RACE,1533.6410722888459,
171,,,,171,187,1542.0252503554582,mine_A_start_withhold,,,,,,188,,WITHHOLD,1538.306191166888,
,,,,172,188,,reorg_or_tip_change,,,188,187,,,,WITHHOLD,1541.8856215550838,
,188,,,172,188,,publish,172,A,,,187,,,WITHHOLD,1541.8856215550838,1541.8856215550838
,,,,173,189,,reorg_or_tip_change,,,189,188,,,,WITHHOLD,1541.8856215550838,
,189,,,173,189,,publish,173,A,,,188,,,WITHHOLD,1541.8856215550838,1541.8856215550838
,,189,188,173,189,,mine_A_withhold_success,,,,,,,,WITHHOLD,1541.8856215550838,
173,,,,173,189,1555.7249939616847,mine_A_start_withhold,,,,,,190,,WITHHOLD,1552.0059347731146,
,,,,174,190,,reorg_or_tip_change,,,190,189,,,,WITHHOLD,1555.7249939616847,
,190,,,174,190,,publish,174,A,,,189,,,WITHHOLD,1555.7249939616847,1555.7249939616847
,,,190,174,190,,release_bn,,,,,,,,WITHHOLD,1555.7249939616847,
,,,,174,190,,release_no_race,,,,,,,,WITHHOLD,1555.7249939616847,
,,,,175,191,,reorg_or_tip_change,,,191,190,,,,IDLE,1563.9110912174644,
,191,,,175,191,,publish,175,H,,,190,,,IDLE,1563.9110912174644,1563.9110912174644
,191,,,175,191,,mine_H_publish,,,,,,,,IDLE,1563.9110912174644,
175,,,,175,191,1578.3395359167544,mine_A_start_withhold,,,,,,192,,WITHHOLD,1574.6204767281843,
,,,,176,192,,reorg_or_tip_change,,,192,191,,,,WITHHOLD,1578.3395359167544,
,192,,,176,192,,publish,176,A,,,191,,,WITHHOLD,1578.3395359167544,1578.3395359167544
,,,192,176,192,,release_bn,,,,,,,,WITHHOLD,1578.3395359167544,
,,,,176,192,,release_no_race,,,,,,,,WITHHOLD,1578.3395359167544,
,,,,177,193,,reorg_or_tip_change,,,193,192,,,,IDLE,1581.8361127338821,
,193,,,177,193,,publish,177,H,,,192,,,IDLE,1581.8361127338821,1581.8361127338821
,193,,,177,193,,mine_H_publish,,,,,,,,IDLE,1581.8361127338821,
177,,,,177,193,1607.1434821887876,mine_A_start_withhold,,,,,,194,,WITHHOLD,1603.4244230002175,
,,,,178,195,,reorg_or_tip_change,,,195,193,,,,WITHHOLD,1605.3267077966404,
,195,,,178,195,,publish,178,H,,,193,,,WITHHOLD,1605.3267077966404,1605.3267077966404
,195,,,178,195,,mine_H_publish,,,,,,,,WITHHOLD,1605.3267077966404,
,194,,,178,195,,publish,178,A,,,193,,,WITHHOLD,1607.1434821887876,1607.1434821887876
,,,194,178,195,,release_bn,,,,,,,,WITHHOLD,1607.1434821887876,
,,,,178,195,,release_enter_race,,,,,,,194,RACE,1607.1434821887876,
,,,,179,196,,reorg_or_tip_change,,,196,195,,,,RACE,1607.9928071381166,
,196,,,179,196,,publish,179,A,,,194,,,RACE,1607.9928071381166,1607.9928071381166
,196,,,179,196,,mine_A_race_success,,,,,,,,RACE,1607.9928071381166,
179,,,,179,196,1621.7387296628249,mine_A_start_withhold,,,,,,197,,WITHHOLD,1618.0196704742548,
,,,,180,197,,reorg_or_tip_change,,,197,196,,,,WITHHOLD,1621.7387296628249,
,197,,,180,197,,publish,180,A,,,196,,,WITHHOLD,1621.7387296628249,1621.7387296628249
,,,197,180,197,,release_bn,,,,,,,,WITHHOLD,1621.7387296628249,
,,,,180,197,,release_no_race,,,,,,,,WITHHOLD,1621.7387296628249,
,,,,181,198,,reorg_or_tip_change,,,198,197,,,,IDLE,1625.3421468011973,
,198,,,181,198,,publish,181,H,,,197,,,IDLE,1625.3421468011973,1625.3421468011973
,198,,,181,198,,mine_H_publish,,,,,,,,IDLE,1625.3421468011973,
,,,,182,199,,reorg_or_tip_change,,,199,198,,,,IDLE,1632.024871825264,
,199,,,182,199,,publish,182,H,,,198,,,IDLE,1632.024871825264,1632.024871825264
,199,,,182,199,,mine_H_publish,,,,,,,,IDLE,1632.024871825264,
,,,,183,200,,reorg_or_tip_change,,,200,199,,,,IDLE,1637.0758693210214,
,200,,,183,200,,publish,183,H,,,199,,,IDLE,1637.0758693210214,1637.0758693210214
,200,,,183,200,,mine_H_publish,,,,,,,,IDLE,1637.0758693210214,
183,,,,183,200,1643.3658442947983,mine_A_start_withhold,,,,,,201,,WITHHOLD,1639.6467851062282,
,,,,184,202,,reorg_or_tip_change,,,202,200,,,,WITHHOLD,1640.6033003261086,
,202,,,184,202,,publish,184,H,,,200,,,WITHHOLD,1640.6033003261086,1640.6033003261086
,202,,,184,202,,mine_H_publish,,,,,,,,WITHHOLD,1640.6033003261086,
,201,,,184,202,,publish,184,A,,,200,,,WITHHOLD,1643.3658442947983,1643.3658442947983
,,,201,184,202,,release_bn,,,,,,,,WITHHOLD,1643.3658442947983,
,,,,184,202,,release_enter_race,,,,,,,201,RACE,1643.3658442947983,
,,,,185,203,,reorg_or_tip_change,,,203,202,,,,RACE,1646.2994397708587,
,203,,,185,203,,publish,185,H,,,202,,,RACE,1646.2994397708587,1646.2994397708587
,203,,,185,203,,mine_H_publish,,,,,,,,RACE,1646.2994397708587,
,,,,185,203,,race_lost,,,,,,,,RACE,1646.2994397708587,
185,,,,185,203,1650.4318956517272,mine_A_start_withhold,,,,,,204,,WITHHOLD,1646.7128364631571,
,,,,186,204,,reorg_or_tip_change,,,204,203,,,,WITHHOLD,1650.4318956517272,
,204,,,186,204,,publish,186,A,,,203,,,WITHHOLD,1650.4318956517272,1650.4318956517272
,,,204,186,204,,release_bn,,,,,,,,WITHHOLD,1650.4318956517272,
,,,,186,204,,release_no_race,,,,,,,,WITHHOLD,1650.4318956517272,
186,,,,186,204,1660.47682457131,mine_A_start_withhold,,,,,,205,,WITHHOLD,1656.75776538274,
,,,,187,205,,reorg_or_tip_change,,,205,204,,,,WITHHOLD,1660.47682457131,
,205,,,187,205,,publish,187,A,,,204,,,WITHHOLD,1660.47682457131,1660.47682457131
,,,205,187,205,,release_bn,,,,,,,,WITHHOLD,1660.47682457131,
,,,,187,205,,release_no_race,,,,,,,,WITHHOLD,1660.47682457131,
,,,,188,206,,reorg_or_tip_change,,,206,205,,,,IDLE,1663.4833961001473,
,206,,,188,206,,publish,188,H,,,205,,,IDLE,1663.4833961001473,1663.4833961001473
,206,,,188,206,,mine_H_publish,,,,,,,,IDLE,1663.4833961001473,
188,,,,188,206,1699.6440816899615,mine_A_start_withhold,,,,,,207,,WITHHOLD,1695.9250225013914,
,,,,189,208,,reorg_or_tip_change,,,208,206,,,,WITHHOLD,1698.6092876606644,
,208,,,189,208,,publish,189,H,,,206,,,WITHHOLD,1698.6092876606644,1698.6092876606644
,208,,,189,208,,mine_H_publish,,,,,,,,WITHHOLD,1698.6092876606644,
,207,,,189,208,,publish,189,A,,,206,,,WITHHOLD,1699.6440816899615,1699.6440816899615
,,,207,189,208,,release_bn,,,,,,,,WITHHOLD,1699.6440816899615,
,,,,189,208,,release_enter_race,,,,,,,207,RACE,1699.6440816899615,
,,,,190,209,,reorg_or_tip_change,,,209,208,,,,RACE,1715.0917176692851,
,209,,,190,209,,publish,190,A,,,207,,,RACE,1715.0917176692851,1715.0917176692851
,209,,,190,209,,mine_A_race_success,,,,,,,,RACE,1715.0917176692851,
,,,,191,210,,reorg_or_tip_change,,,210,209,,,,IDLE,1727.3778666664527,
,210,,,191,210,,publish,191,H,,,209,,,IDLE,1727.3778666664527,1727.3778666664527
,210,,,191,210,,mine_H_publish,,,,,,,,IDLE,1727.3778666664527,
191,,,,191,210,1737.177957211018,mine_A_start_withhold,,,,,,211,,WITHHOLD,1733.458898022448,
,,,,192,211,,reorg_or_tip_change,,,211,210,,,,WITHHOLD,1735.994474219559,
,211,,,192,211,,publish,192,A,,,210,,,WITHHOLD,1735.994474219559,1735.994474219559
,,,,193,212,,reorg_or_tip_change,,,212,211,,,,WITHHOLD,1735.994474219559,
,212,,,193,212,,publish,193,A,,,211,,,WITHHOLD,1735.994474219559,1735.994474219559
,,212,211,193,212,,mine_A_withhold_success,,,,,,,,WITHHOLD,1735.994474219559,
,,,,194,213,,reorg_or_tip_change,,,213,212,,,,IDLE,1738.7102059788924,
,213,,,194,213,,publish,194,H,,,212,,,IDLE,1738.7102059788924,1738.7102059788924
,213,,,194,213,,mine_H_publish,,,,,,,,IDLE,1738.7102059788924,
194,,,,194,213,1743.366810384437,mine_A_start_withhold,,,,,,214,,WITHHOLD,1739.647751195867,
,,,,195,215,,reorg_or_tip_change,,,215,213,,,,WITHHOLD,1742.6931851767667,
,215,,,195,215,,publish,195,H,,,213,,,WITHHOLD,1742.6931851767667,1742.6931851767667
,215,,,195,215,,mine_H_publish,,,,,,,,WITHHOLD,1742.6931851767667,
,214,,,195,215,,publish,195,A,,,213,,,WITHHOLD,1743.366810384437,1743.366810384437
,,,214,195,215,,release_bn,,,,,,,,WITHHOLD,1743.366810384437,
,,,,195,215,,release_enter_race,,,,,,,214,RACE,1743.366810384437,
,,,,196,216,,reorg_or_tip_change,,,216,215,,,,RACE,1763.8149310329773,
,216,,,196,216,,publish,196,A,,,214,,,RACE,1763.8149310329773,1763.8149310329773
,216,,,196,216,,mine_A_race_success,,,,,,,,RACE,1763.8149310329773,
196,,,,196,216,1773.5818828669337,mine_A_start_withhold,,,,,,217,,WITHHOLD,1769.8628236783636,
,,,,197,217,,reorg_or_tip_change,,,217,216,,,,WITHHOLD,1773.5818828669337,
,217,,,197,217,,publish,197,A,,,216,,,WITHHOLD,1773.5818828669337,1773.5818828669337
,,,217,197,217,,release_bn,,,,,,,,WITHHOLD,1773.5818828669337,
,,,,197,217,,release_no_race,,,,,,,,WITHHOLD,1773.5818828669337,
197,,,,197,217,1780.5350121381136,mine_A_start_withhold,,,,,,218,,WITHHOLD,1776.8159529495435,
,,,,198,218,,reorg_or_tip_change,,,218,217,,,,WITHHOLD,1780.5350121381136,
,218,,,198,218,,publish,198,A,,,217,,,WITHHOLD,1780.5350121381136,1780.5350121381136
,,,218,198,218,,release_bn,,,,,,,,WITHHOLD,1780.5350121381136,
,,,,198,218,,release_no_race,,,,,,,,WITHHOLD,1780.5350121381136,
,,,,199,219,,reorg_or_tip_change,,,219,218,,,,IDLE,1794.8662957560723,
,219,,,199,219,,publish,199,H,,,218,,,IDLE,1794.8662957560723,1794.8662957560723
,219,,,199,219,,mine_H_publish,,,,,,,,IDLE,1794.8662957560723,
199,,,,199,219,1806.5584621082119,mine_A_start_withhold,,,,,,220,,WITHHOLD,1802.8394029196418,
,,,,200,220,,reorg_or_tip_change,,,220,219,,,,WITHHOLD,1806.5584621082119,
,220,,,200,220,,publish,200,A,,,219,,,WITHHOLD,1806.5584621082119,1806.5584621082119
,,,220,200,220,,release_bn,,,,,,,,WITHHOLD,1806.5584621082119,
,,,,200,220,,release_no_race,,,,,,,,WITHHOLD,1806.5584621082119,
200,,,,200,220,1835.542560538767,mine_A_start_withhold,,,,,,221,,WITHHOLD,1831.823501350197,
,,,,201,221,,reorg_or_tip_change,,,221,220,,,,WITHHOLD,1832.746006470001,
,221,,,201,221,,publish,201,A,,,220,,,WITHHOLD,1832.746006470001,1832.746006470001
,,,,202,222,,reorg_or_tip_change,,,222,221,,,,WITHHOLD,1832.746006470001,
,222,,,202,222,,publish,202,A,,,221,,,WITHHOLD,1832.746006470001,1832.746006470001
,,222,221,202,222,,mine_A_withhold_success,,,,,,,,WITHHOLD,1832.746006470001,
202,,,,202,222,1842.913301830489,mine_A_start_withhold,,,,,,223,,WITHHOLD,1839.194242641919,
,,,,203,223,,reorg_or_tip_change,,,223,222,,,,WITHHOLD,1842.913301830489,
,223,,,203,223,,publish,203,A,,,222,,,WITHHOLD,1842.913301830489,1842.913301830489
,,,223,203,223,,release_bn,,,,,,,,WITHHOLD,1842.913301830489,
,,,,203,223,,release_no_race,,,,,,,,WITHHOLD,1842.913301830489,
,,,,204,224,,reorg_or_tip_change,,,224,223,,,,IDLE,1848.0594996435027,
,224,,,204,224,,publish,204,H,,,223,,,IDLE,1848.0594996435027,1848.0594996435027
,224,,,204,224,,mine_H_publish,,,,,,,,IDLE,1848.0594996435027,
,,,,205,225,,reorg_or_tip_change,,,225,224,,,,IDLE,1850.5374570442582,
,225,,,205,225,,publish,205,H,,,224,,,IDLE,1850.5374570442582,1850.5374570442582
,225,,,205,225,,mine_H_publish,,,,,,,,IDLE,1850.5374570442582,
,,,,206,226,,reorg_or_tip_change,,,226,225,,,,IDLE,1855.3743144325886,
,226,,,206,226,,publish,206,H,,,225,,,IDLE,1855.3743144325886,1855.3743144325886
,226,,,206,226,,mine_H_publish,,,,,,,,IDLE,1855.3743144325886,
206,,,,206,226,1869.6989780658641,mine_A_start_withhold,,,,,,227,,WITHHOLD,1865.979918877294,
,,,,207,227,,reorg_or_tip_change,,,227,226,,,,WITHHOLD,1869.6989780658641,
,227,,,207,227,,publish,207,A,,,226,,,WITHHOLD,1869.6989780658641,1869.6989780658641
,,,227,207,227,,release_bn,,,,,,,,WITHHOLD,1869.6989780658641,
,,,,207,227,,release_no_race,,,,,,,,WITHHOLD,1869.6989780658641,
,,,,208,228,,reorg_or_tip_change,,,228,227,,,,IDLE,1876.1583862968134,
,228,,,208,228,,publish,208,H,,,227,,,IDLE,1876.1583862968134,1876.1583862968134
,228,,,208,228,,mine_H_publish,,,,,,,,IDLE,1876.1583862968134,
,,,,209,229,,reorg_or_tip_change,,,229,228,,,,IDLE,1880.6882557715326,
,229,,,209,229,,publish,209,H,,,228,,,IDLE,1880.6882557715326,1880.6882557715326
,229,,,209,229,,mine_H_publish,,,,,,,,IDLE,1880.6882557715326,
209,,,,209,229,1890.5228838126397,mine_A_start_withhold,,,,,,230,,WITHHOLD,1886.8038246240696,
,,,,210,230,,reorg_or_tip_change,,,230,229,,,,WITHHOLD,1889.6141172150196,
,230,,,210,230,,publish,210,A,,,229,,,WITHHOLD,1889.6141172150196,1889.6141172150196
,,,,211,231,,reorg_or_tip_change,,,231,230,,,,WITHHOLD,1889.6141172150196,
,231,,,211,231,,publish,211,A,,,230,,,WITHHOLD,1889.6141172150196,1889.6141172150196
,,231,230,211,231,,mine_A_withhold_success,,,,,,,,WITHHOLD,1889.6141172150196,
211,,,,211,231,1900.935522069501,mine_A_start_withhold,,,,,,232,,WITHHOLD,1897.216462880931,
,,,,212,232,,reorg_or_tip_change,,,232,231,,,,WITHHOLD,1900.935522069501,
,232,,,212,232,,publish,212,A,,,231,,,WITHHOLD,1900.935522069501,1900.935522069501
,,,232,212,232,,release_bn,,,,,,,,WITHHOLD,1900.935522069501,
,,,,212,232,,release_no_race,,,,,,,,WITHHOLD,1900.935522069501,
212,,,,212,232,1908.0505722671771,mine_A_start_withhold,,,,,,233,,WITHHOLD,1904.331513078607,
,,,,213,233,,reorg_or_tip_change,,,233,232,,,,WITHHOLD,1906.6155606905618,
,233,,,213,233,,publish,213,A,,,232,,,WITHHOLD,1906.6155606905618,1906.6155606905618
,,,,214,234,,reorg_or_tip_change,,,234,233,,,,WITHHOLD,1906.6155606905618,
,234,,,214,234,,publish,214,A,,,233,,,WITHHOLD,1906.6155606905618,1906.6155606905618
,,234,233,214,234,,mine_A_withhold_success,,,,,,,,WITHHOLD,1906.6155606905618,
214,,,,214,234,1912.445763096788,mine_A_start_withhold,,,,,,235,,WITHHOLD,1908.7267039082178,
,,,,215,235,,reorg_or_tip_change,,,235,234,,,,WITHHOLD,1912.445763096788,
,235,,,215,235,,publish,215,A,,,234,,,WITHHOLD,1912.445763096788,1912.445763096788
,,,235,215,235,,release_bn,,,,,,,,WITHHOLD,1912.445763096788,
,,,,215,235,,release_no_race,,,,,,,,WITHHOLD,1912.445763096788,
,,,,216,236,,reorg_or_tip_change,,,236,235,,,,IDLE,1916.8962421215033,
,236,,,216,236,,publish,216,H,,,235,,,IDLE,1916.8962421215033,1916.8962421215033
,236,,,216,236,,mine_H_publish,,,,,,,,IDLE,1916.8962421215033,
,,,,217,237,,reorg_or_tip_change,,,237,236,,,,IDLE,1917.544365315249,
,237,,,217,237,,publish,217,H,,,236,,,IDLE,1917.544365315249,1917.544365315249
,237,,,217,237,,mine_H_publish,,,,,,,,IDLE,1917.544365315249,
,,,,218,238,,reorg_or_tip_change,,,238,237,,,,IDLE,1926.1238120505234,
,238,,,218,238,,publish,218,H,,,237,,,IDLE,1926.1238120505234,1926.1238120505234
,238,,,218,238,,mine_H_publish,,,,,,,,IDLE,1926.1238120505234,
218,,,,218,238,1934.345405585298,mine_A_start_withhold,,,,,,239,,WITHHOLD,1930.626346396728,
,,,,219,239,,reorg_or_tip_change,,,239,238,,,,WITHHOLD,1934.345405585298,
,239,,,219,239,,publish,219,A,,,238,,,WITHHOLD,1934.345405585298,1934.345405585298
,,,239,219,239,,release_bn,,,,,,,,WITHHOLD,1934.345405585298,
,,,,219,239,,release_no_race,,,,,,,,WITHHOLD,1934.345405585298,
219,,,,219,239,1960.0660797143344,mine_A_start_withhold,,,,,,240,,WITHHOLD,1956.3470205257643,
,,,,220,240,,reorg_or_tip_change,,,240,239,,,,WITHHOLD,1960.0660797143344,
,240,,,220,240,,publish,220,A,,,239,,,WITHHOLD,1960.0660797143344,1960.0660797143344
,,,240,220,240,,release_bn,,,,,,,,WITHHOLD,1960.0660797143344,
,,,,220,240,,release_no_race,,,,,,,,WITHHOLD,1960.0660797143344,
,,,,221,241,,reorg_or_tip_change,,,241,240,,,,IDLE,1989.0655116284909,
,241,,,221,241,,publish,221,H,,,240,,,IDLE,1989.0655116284909,1989.0655116284909
,241,,,221,241,,mine_H_publish,,,,,,,,IDLE,1989.0655116284909,
,,,,222,242,,reorg_or_tip_change,,,242,241,,,,IDLE,1990.176294516072,
,242,,,222,242,,publish,222,H,,,241,,,IDLE,1990.176294516072,1990.176294516072
,242,,,222,242,,mine_H_publish,,,,,,,,IDLE,1990.176294516072,
,,,,223,243,,reorg_or_tip_change,,,243,242,,,,IDLE,1993.759277247411,
,243,,,223,243,,publish,223,H,,,242,,,IDLE,1993.759277247411,1993.759277247411
,243,,,223,243,,mine_H_publish,,,,,,,,IDLE,1993.759277247411,
,,,,224,244,,reorg_or_tip_change,,,244,243,,,,IDLE,1998.081814926012,
,244,,,224,244,,publish,224,H,,,243,,,IDLE,1998.081814926012,1998.081814926012
,244,,,224,244,,mine_H_publish,,,,,,,,IDLE,1998.081814926012,
224,,,,224,244,2009.3674710497578,mine_A_start_withhold,,,,,,245,,WITHHOLD,2005.6484118611877,
,,,,225,245,,reorg_or_tip_change,,,245,244,,,,WITHHOLD,2009.0872582293728,
,245,,,225,245,,publish,225,A,,,244,,,WITHHOLD,2009.0872582293728,2009.0872582293728
,,,,226,246,,reorg_or_tip_change,,,246,245,,,,WITHHOLD,2009.0872582293728,
,246,,,226,246,,publish,226,A,,,245,,,WITHHOLD,2009.0872582293728,2009.0872582293728
,,246,245,226,246,,mine_A_withhold_success,,,,,,,,WITHHOLD,2009.0872582293728,
,,,,227,247,,reorg_or_tip_change,,,247,246,,,,IDLE,2024.4646277852812,
,247,,,227,247,,publish,227,H,,,246,,,IDLE,2024.4646277852812,2024.4646277852812
,247,,,227,247,,mine_H_publish,,,,,,,,IDLE,2024.4646277852812,
,,,,228,248,,reorg_or_tip_change,,,248,247,,,,IDLE,2026.954654961241,
,248,,,228,248,,publish,228,H,,,247,,,IDLE,2026.954654961241,2026.954654961241
,248,,,228,248,,mine_H_publish,,,,,,,,IDLE,2026.954654961241,
228,,,,228,248,2036.9885862614474,mine_A_start_withhold,,,,,,249,,WITHHOLD,2033.2695270728773,
,,,,229,249,,reorg_or_tip_change,,,249,248,,,,WITHHOLD,2036.9885862614474,
,249,,,229,249,,publish,229,A,,,248,,,WITHHOLD,2036.9885862614474,2036.9885862614474
,,,249,229,249,,release_bn,,,,,,,,WITHHOLD,2036.9885862614474,
,,,,229,249,,release_no_race,,,,,,,,WITHHOLD,2036.9885862614474,
,,,,230,250,,reorg_or_tip_change,,,250,249,,,,IDLE,2050.6586202211943,
,250,,,230,250,,publish,230,H,,,249,,,IDLE,2050.6586202211943,2050.6586202211943
,250,,,230,250,,mine_H_publish,,,,,,,,IDLE,2050.6586202211943,
230,,,,230,250,2068.489171413645,mine_A_start_withhold,,,,,,251,,WITHHOLD,2064.770112225075,
,,,,231,251,,reorg_or_tip_change,,,251,250,,,,WITHHOLD,2068.489171413645,
,251,,,231,251,,publish,231,A,,,250,,,WITHHOLD,2068.489171413645,2068.489171413645
,,,251,231,251,,release_bn,,,,,,,,WITHHOLD,2068.489171413645,
,,,,231,251,,release_no_race,,,,,,,,WITHHOLD,2068.489171413645,
231,,,,231,251,2076.4966784519293,mine_A_start_withhold,,,,,,252,,WITHHOLD,2072.777619263359,
,,,,232,252,,reorg_or_tip_change,,,252,251,,,,WITHHOLD,2074.183971257551,
,252,,,232,252,,publish,232,A,,,251,,,WITHHOLD,2074.183971257551,2074.183971257551
,,,,233,253,,reorg_or_tip_change,,,253,252,,,,WITHHOLD,2074.183971257551,
,253,,,233,253,,publish,233,A,,,252,,,WITHHOLD,2074.183971257551,2074.183971257551
,,253,252,233,253,,mine_A_withhold_success,,,,,,,,WITHHOLD,2074.183971257551,
233,,,,233,253,2102.5918234575347,mine_A_start_withhold,,,,,,254,,WITHHOLD,2098.8727642689646,
,,,,234,254,,reorg_or_tip_change,,,254,253,,,,WITHHOLD,2102.5918234575347,
,254,,,234,254,,publish,234,A,,,253,,,WITHHOLD,2102.5918234575347,2102.5918234575347
,,,254,234,254,,release_bn,,,,,,,,WITHHOLD,2102.5918234575347,
,,,,234,254,,release_no_race,,,,,,,,WITHHOLD,2102.5918234575347,
234,,,,234,254,2122.8411395076346,mine_A_start_withhold,,,,,,255,,WITHHOLD,2119.1220803190645,
,,,,235,255,,reorg_or_tip_change,,,255,254,,,,WITHHOLD,2121.4636484536363,
,255,,,235,255,,publish,235,A,,,254,,,WITHHOLD,2121.4636484536363,2121.4636484536363
,,,,236,256,,reorg_or_tip_change,,,256,255,,,,WITHHOLD,2121.4636484536363,
,256,,,236,256,,publish,236,A,,,255,,,WITHHOLD,2121.4636484536363,2121.4636484536363
,,256,255,236,256,,mine_A_withhold_success,,,,,,,,WITHHOLD,2121.4636484536363,
,,,,237,257,,reorg_or_tip_change,,,257,256,,,,IDLE,2122.019400015575,
,257,,,237,257,,publish,237,H,,,256,,,IDLE,2122.019400015575,2122.019400015575
,257,,,237,257,,mine_H_publish,,,,,,,,IDLE,2122.019400015575,
237,,,,237,257,2134.4242102280855,mine_A_start_withhold,,,,,,258,,WITHHOLD,2130.7051510395154,
,,,,238,258,,reorg_or_tip_change,,,258,257,,,,WITHHOLD,2134.4242102280855,
,258,,,238,258,,publish,238,A,,,257,,,WITHHOLD,2134.4242102280855,2134.4242102280855
,,,258,238,258,,release_bn,,,,,,,,WITHHOLD,2134.4242102280855,
,,,,238,258,,release_no_race,,,,,,,,WITHHOLD,2134.4242102280855,
238,,,,238,258,2151.7947253276434,mine_A_start_withhold,,,,,,259,,WITHHOLD,2148.0756661390733,
,,,,239,259,,reorg_or_tip_change,,,259,258,,,,WITHHOLD,2151.7947253276434,
,259,,,239,259,,publish,239,A,,,258,,,WITHHOLD,2151.7947253276434,2151.7947253276434
,,,259,239,259,,release_bn,,,,,,,,WITHHOLD,2151.7947253276434,
,,,,239,259,,release_no_race,,,,,,,,WITHHOLD,2151.7947253276434,
239,,,,239,259,2171.269071570981,mine_A_start_withhold,,,,,,260,,WITHHOLD,2167.550012382411,
,,,,240,260,,reorg_or_tip_change,,,260,259,,,,WITHHOLD,2171.269071570981,
,260,,,240,260,,publish,240,A,,,259,,,WITHHOLD,2171.269071570981,2171.269071570981
,,,260,240,260,,release_bn,,,,,,,,WITHHOLD,2171.269071570981,
,,,,240,260,,release_no_race,,,,,,,,WITHHOLD,2171.269071570981,
,,,,241,261,,reorg_or_tip_change,,,261,260,,,,IDLE,2178.9970995164385,
,261,,,241,261,,publish,241,H,,,260,,,IDLE,2178.9970995164385,2178.9970995164385
,261,,,241,261,,mine_H_publish,,,,,,,,IDLE,2178.9970995164385,
,,,,242,262,,reorg_or_tip_change,,,262,261,,,,IDLE,2189.784285123153,
,262,,,242,262,,publish,242,H,,,261,,,IDLE,2189.784285123153,2189.784285123153
,262,,,242,262,,mine_H_publish,,,,,,,,IDLE,2189.784285123153,
242,,,,242,262,2195.029001606165,mine_A_start_withhold,,,,,,263,,WITHHOLD,2191.309942417595,
,,,,243,263,,reorg_or_tip_change,,,263,262,,,,WITHHOLD,2195.029001606165,
,263,,,243,263,,publish,243,A,,,262,,,WITHHOLD,2195.029001606165,2195.029001606165
,,,263,243,263,,release_bn,,,,,,,,WITHHOLD,2195.029001606165,
,,,,243,263,,release_no_race,,,,,,,,WITHHOLD,2195.029001606165,
,,,,244,264,,reorg_or_tip_change,,,264,263,,,,IDLE,2210.0589112026446,
,264,,,244,264,,publish,244,H,,,263,,,IDLE,2210.0589112026446,2210.0589112026446
,264,,,244,264,,mine_H_publish,,,,,,,,IDLE,2210.0589112026446,
244,,,,244,264,2236.2010154691397,mine_A_start_withhold,,,,,,265,,WITHHOLD,2232.4819562805696,
,,,,245,265,,reorg_or_tip_change,,,265,264,,,,WITHHOLD,2236.2010154691397,
,265,,,245,265,,publish,245,A,,,264,,,WITHHOLD,2236.2010154691397,2236.2010154691397
,,,265,245,265,,release_bn,,,,,,,,WITHHOLD,2236.2010154691397,
,,,,245,265,,release_no_race,,,,,,,,WITHHOLD,2236.2010154691397,
,,,,246,266,,reorg_or_tip_change,,,266,265,,,,IDLE,2256.0392312377885,
,266,,,246,266,,publish,246,H,,,265,,,IDLE,2256.0392312377885,2256.0392312377885
,266,,,246,266,,mine_H_publish,,,,,,,,IDLE,2256.0392312377885,
,,,,247,267,,reorg_or_tip_change,,,267,266,,,,IDLE,2262.2655939543183,
,267,,,247,267,,publish,247,H,,,266,,,IDLE,2262.2655939543183,2262.2655939543183
,267,,,247,267,,mine_H_publish,,,,,,,,IDLE,2262.2655939543183,
247,,,,247,267,2305.475440580111,mine_A_start_withhold,,,,,,268,,WITHHOLD,2301.756381391541,
,,,,248,268,,reorg_or_tip_change,,,268,267,,,,WITHHOLD,2305.475440580111,
,268,,,248,268,,publish,248,A,,,267,,,WITHHOLD,2305.475440580111,2305.475440580111
,,,268,248,268,,release_bn,,,,,,,,WITHHOLD,2305.475440580111,
,,,,248,268,,release_no_race,,,,,,,,WITHHOLD,2305.475440580111,
248,,,,248,268,2310.5162367796675,mine_A_start_withhold,,,,,,269,,WITHHOLD,2306.7971775910974,
,,,,249,269,,reorg_or_tip_change,,,269,268,,,,WITHHOLD,2310.5162367796675,
,269,,,249,269,,publish,249,A,,,268,,,WITHHOLD,2310.5162367796675,2310.5162367796675
,,,269,249,269,,release_bn,,,,,,,,WITHHOLD,2310.5162367796675,
,,,,249,269,,release_no_race,,,,,,,,WITHHOLD,2310.5162367796675,
249,,,,249,269,2314.3703820058945,mine_A_start_withhold,,,,,,270,,WITHHOLD,2310.6513228173244,
,,,,250,270,,reorg_or_tip_change,,,270,269,,,,WITHHOLD,2314.3703820058945,
,270,,,250,270,,publish,250,A,,,269,,,WITHHOLD,2314.3703820058945,2314.3703820058945
,,,270,250,270,,release_bn,,,,,,,,WITHHOLD,2314.3703820058945,
,,,,250,270,,release_no_race,,,,,,,,WITHHOLD,2314.3703820058945,
,,,,251,271,,reorg_or_tip_change,,,271,270,,,,IDLE,2315.1216721518854,
,271,,,251,271,,publish,251,H,,,270,,,IDLE,2315.1216721518854,2315.1216721518854
,271,,,251,271,,mine_H_publish,,,,,,,,IDLE,2315.1216721518854,
,,,,252,272,,reorg_or_tip_change,,,272,271,,,,IDLE,2315.723282307498,
,272,,,252,272,,publish,252,H,,,271,,,IDLE,2315.723282307498,2315.723282307498
,272,,,252,272,,mine_H_publish,,,,,,,,IDLE,2315.723282307498,
,,,,253,273,,reorg_or_tip_change,,,273,272,,,,IDLE,2320.280213049469,
,273,,,253,273,,publish,253,H,,,272,,,IDLE,2320.280213049469,2320.280213049469
,273,,,253,273,,mine_H_publish,,,,,,,,IDLE,2320.280213049469,
253,,,,253,273,2333.2234154855273,mine_A_start_withhold,,,,,,274,,WITHHOLD,2329.504356296957,
,,,,254,274,,reorg_or_tip_change,,,274,273,,,,WITHHOLD,2333.2234154855273,
,274,,,254,274,,publish,254,A,,,273,,,WITHHOLD,2333.2234154855273,2333.2234154855273
,,,274,254,274,,release_bn,,,,,,,,WITHHOLD,2333.2234154855273,
,,,,254,274,,release_no_race,,,,,,,,WITHHOLD,2333.2234154855273,
,,,,255,275,,reorg_or_tip_change,,,275,274,,,,IDLE,2362.16419963616,
,275,,,255,275,,publish,255,H,,,274,,,IDLE,2362.16419963616,2362.16419963616
,275,,,255,275,,mine_H_publish,,,,,,,,IDLE,2362.16419963616,
255,,,,255,275,2367.1045066006,mine_A_start_withhold,,,,,,276,,WITHHOLD,2363.38544741203,
,,,,256,276,,reorg_or_tip_change,,,276,275,,,,WITHHOLD,2364.178993429916,
,276,,,256,276,,publish,256,A,,,275,,,WITHHOLD,2364.178993429916,2364.178993429916
,,,,257,277,,reorg_or_tip_change,,,277,276,,,,WITHHOLD,2364.178993429916,
,277,,,257,277,,publish,257,A,,,276,,,WITHHOLD,2364.178993429916,2364.178993429916
,,277,276,257,277,,mine_A_withhold_success,,,,,,,,WITHHOLD,2364.178993429916,
257,,,,257,277,2382.4385843079745,mine_A_start_withhold,,,,,,278,,WITHHOLD,2378.7195251194044,
,,,,258,278,,reorg_or_tip_change,,,278,277,,,,WITHHOLD,2382.4385843079745,
,278,,,258,278,,publish,258,A,,,277,,,WITHHOLD,2382.4385843079745,2382.4385843079745
,,,278,258,278,,release_bn,,,,,,,,WITHHOLD,2382.4385843079745,
,,,,258,278,,release_no_race,,,,,,,,WITHHOLD,2382.4385843079745,
258,,,,258,278,2386.6159039779827,mine_A_start_withhold,,,,,,279,,WITHHOLD,2382.8968447894126,
,,,,259,280,,reorg_or_tip_change,,,280,278,,,,WITHHOLD,2385.537940769333,
,280,,,259,280,,publish,259,H,,,278,,,WITHHOLD,2385.537940769333,2385.537940769333
,280,,,259,280,,mine_H_publish,,,,,,,,WITHHOLD,2385.537940769333,
,279,,,259,280,,publish,259,A,,,278,,,WITHHOLD,2386.6159039779827,2386.6159039779827
,,,279,259,280,,release_bn,,,,,,,,WITHHOLD,2386.6159039779827,
,,,,259,280,,release_enter_race,,,,,,,279,RACE,2386.6159039779827,
,,,,260,281,,reorg_or_tip_change,,,281,280,,,,RACE,2388.8075636246353,
,281,,,260,281,,publish,260,H,,,280,,,RACE,2388.8075636246353,2388.8075636246353
,281,,,260,281,,mine_H_publish,,,,,,,,RACE,2388.8075636246353,
,,,,260,281,,race_lost,,,,,,,,RACE,2388.8075636246353,
,,,,261,282,,reorg_or_tip_change,,,282,281,,,,IDLE,2416.7645029111436,
,282,,,261,282,,publish,261,H,,,281,,,IDLE,2416.7645029111436,2416.7645029111436
,282,,,261,282,,mine_H_publish,,,,,,,,IDLE,2416.7645029111436,
261,,,,261,282,2427.1216672692976,mine_A_start_withhold,,,,,,283,,WITHHOLD,2423.4026080807275,
,,,,262,284,,reorg_or_tip_change,,,284,282,,,,WITHHOLD,2426.6934257536377,
,284,,,262,284,,publish,262,H,,,282,,,WITHHOLD,2426.6934257536377,2426.6934257536377
,284,,,262,284,,mine_H_publish,,,,,,,,WITHHOLD,2426.6934257536377,
,283,,,262,284,,publish,262,A,,,282,,,WITHHOLD,2427.1216672692976,2427.1216672692976
,,,283,262,284,,release_bn,,,,,,,,WITHHOLD,2427.1216672692976,
,,,,262,284,,release_enter_race,,,,,,,283,RACE,2427.1216672692976,
,,,,263,285,,reorg_or_tip_change,,,285,284,,,,RACE,2429.423113489145,
,285,,,263,285,,publish,263,A,,,283,,,RACE,2429.423113489145,2429.423113489145
,285,,,263,285,,mine_A_race_success,,,,,,,,RACE,2429.423113489145,
,,,,264,286,,reorg_or_tip_change,,,286,285,,,,IDLE,2433.6411961069743,
,286,,,264,286,,publish,264,H,,,285,,,IDLE,2433.6411961069743,2433.6411961069743
,286,,,264,286,,mine_H_publish,,,,,,,,IDLE,2433.6411961069743,
,,,,265,287,,reorg_or_tip_change,,,287,286,,,,IDLE,2459.2474971175943,
,287,,,265,287,,publish,265,H,,,286,,,IDLE,2459.2474971175943,2459.2474971175943
,287,,,265,287,,mine_H_publish,,,,,,,,IDLE,2459.2474971175943,
265,,,,265,287,2487.1405470576733,mine_A_start_withhold,,,,,,288,,WITHHOLD,2483.421487869103,
,,,,266,288,,reorg_or_tip_change,,,288,287,,,,WITHHOLD,2487.1405470576733,
,288,,,266,288,,publish,266,A,,,287,,,WITHHOLD,2487.1405470576733,2487.1405470576733
,,,288,266,288,,release_bn,,,,,,,,WITHHOLD,2487.1405470576733,
,,,,266,288,,release_no_race,,,,,,,,WITHHOLD,2487.1405470576733,
,,,,267,289,,reorg_or_tip_change,,,289,288,,,,IDLE,2488.581926409897,
,289,,,267,289,,publish,267,H,,,288,,,IDLE,2488.581926409897,2488.581926409897
,289,,,267,289,,mine_H_publish,,,,,,,,IDLE,2488.581926409897,
,,,,268,290,,reorg_or_tip_change,,,290,289,,,,IDLE,2495.371613546746,
,290,,,268,290,,publish,268,H,,,289,,,IDLE,2495.371613546746,2495.371613546746
,290,,,268,290,,mine_H_publish,,,,,,,,IDLE,2495.371613546746,
,,,,269,291,,reorg_or_tip_change,,,291,290,,,,IDLE,2503.6102240883365,
,291,,,269,291,,publish,269,H,,,290,,,IDLE,2503.6102240883365,2503.6102240883365
,291,,,269,291,,mine_H_publish,,,,,,,,IDLE,2503.6102240883365,
269,,,,269,291,2513.281685507417,mine_A_start_withhold,,,,,,292,,WITHHOLD,2509.562626318847,
,,,,270,292,,reorg_or_tip_change,,,292,291,,,,WITHHOLD,2513.281685507417,
,292,,,270,292,,publish,270,A,,,291,,,WITHHOLD,2513.281685507417,2513.281685507417
,,,292,270,292,,release_bn,,,,,,,,WITHHOLD,2513.281685507417,
,,,,270,292,,release_no_race,,,,,,,,WITHHOLD,2513.281685507417,
,,,,271,293,,reorg_or_tip_change,,,293,292,,,,IDLE,2514.160930788304,
,293,,,271,293,,publish,271,H,,,292,,,IDLE,2514.160930788304,2514.160930788304
,293,,,271,293,,mine_H_publish,,,,,,,,IDLE,2514.160930788304,
271,,,,271,293,2539.8295865417476,mine_A_start_withhold,,,,,,294,,WITHHOLD,2536.1105273531775,
,,,,272,294,,reorg_or_tip_change,,,294,293,,,,WITHHOLD,2539.8295865417476,
,294,,,272,294,,publish,272,A,,,293,,,WITHHOLD,2539.8295865417476,2539.8295865417476
,,,294,272,294,,release_bn,,,,,,,,WITHHOLD,2539.8295865417476,
,,,,272,294,,release_no_race,,,,,,,,WITHHOLD,2539.8295865417476,
272,,,,272,294,2548.233383226148,mine_A_start_withhold,,,,,,295,,WITHHOLD,2544.514324037578,
,,,,273,296,,reorg_or_tip_change,,,296,294,,,,WITHHOLD,2546.7911018768646,
,296,,,273,296,,publish,273,H,,,294,,,WITHHOLD,2546.7911018768646,2546.7911018768646
,296,,,273,296,,mine_H_publish,,,,,,,,WITHHOLD,2546.7911018768646,
,295,,,273,296,,publish,273,A,,,294,,,WITHHOLD,2548.233383226148,2548.233383226148
,,,295,273,296,,release_bn,,,,,,,,WITHHOLD,2548.233383226148,
,,,,273,296,,release_enter_race,,,,,,,295,RACE,2548.233383226148,
,,,,274,297,,reorg_or_tip_change,,,297,296,,,,RACE,2555.332687560428,
,297,,,274,297,,publish,274,H,,,296,,,RACE,2555.332687560428,2555.332687560428
,297,,,274,297,,mine_H_publish,,,,,,,,RACE,2555.332687560428,
,,,,274,297,,race_lost,,,,,,,,RACE,2555.332687560428,
274,,,,274,297,2575.3812522738285,mine_A_start_withhold,,,,,,298,,WITHHOLD,2571.6621930852584,
,,,,275,298,,reorg_or_tip_change,,,298,297,,,,WITHHOLD,2575.3812522738285,
,298,,,275,298,,publish,275,A,,,297,,,WITHHOLD,2575.3812522738285,2575.3812522738285
,,,298,275,298,,release_bn,,,,,,,,WITHHOLD,2575.3812522738285,
,,,,275,298,,release_no_race,,,,,,,,WITHHOLD,2575.3812522738285,
,,,,276,299,,reorg_or_tip_change,,,299,298,,,,IDLE,2579.5851939882723,
,299,,,276,299,,publish,276,H,,,298,,,IDLE,2579.5851939882723,2579.5851939882723
,299,,,276,299,,mine_H_publish,,,,,,,,IDLE,2579.5851939882723,
276,,,,276,299,2599.500107449838,mine_A_start_withhold,,,,,,300,,WITHHOLD,2595.781048261268,
,,,,277,300,,reorg_or_tip_change,,,300,299,,,,WITHHOLD,2599.500107449838,
,300,,,277,300,,publish,277,A,,,299,,,WITHHOLD,2599.500107449838,2599.500107449838
,,,300,277,300,,release_bn,,,,,,,,WITHHOLD,2599.500107449838,
,,,,277,300,,release_no_race,,,,,,,,WITHHOLD,2599.500107449838,
,,,,278,301,,reorg_or_tip_change,,,301,300,,,,IDLE,2607.7434284988644,
,301,,,278,301,,publish,278,H,,,300,,,IDLE,2607.7434284988644,2607.7434284988644
,301,,,278,301,,mine_H_publish,,,,,,,,IDLE,2607.7434284988644,
278,,,,278,301,2619.4017060746346,mine_A_start_withhold,,,,,,302,,WITHHOLD,2615.6826468860645,
,,,,279,302,,reorg_or_tip_change,,,302,301,,,,WITHHOLD,2619.4017060746346,
,302,,,279,302,,publish,279,A,,,301,,,WITHHOLD,2619.4017060746346,2619.4017060746346
,,,302,279,302,,release_bn,,,,,,,,WITHHOLD,2619.4017060746346,
,,,,279,302,,release_no_race,,,,,,,,WITHHOLD,2619.4017060746346,
279,,,,279,302,2628.775775979138,mine_A_start_withhold,,,,,,303,,WITHHOLD,2625.056716790568,
,,,,280,304,,reorg_or_tip_change,,,304,302,,,,WITHHOLD,2626.824007691843,
,304,,,280,304,,publish,280,H,,,302,,,WITHHOLD,2626.824007691843,2626.824007691843
,304,,,280,304,,mine_H_publish,,,,,,,,WITHHOLD,2626.824007691843,
,303,,,280,304,,publish,280,A,,,302,,,WITHHOLD,2628.775775979138,2628.775775979138
,,,303,280,304,,release_bn,,,,,,,,WITHHOLD,2628.775775979138,
,,,,280,304,,release_enter_race,,,,,,,303,RACE,2628.775775979138,
,,,,281,305,,reorg_or_tip_change,,,305,304,,,,RACE,2648.122903853322,
,305,,,281,305,,publish,281,H,,,304,,,RACE,2648.122903853322,2648.122903853322
,305,,,281,305,,mine_H_publish,,,,,,,,RACE,2648.122903853322,
,,,,281,305,,race_lost,,,,,,,,RACE,2648.122903853322,
,,,,282,306,,reorg_or_tip_change,,,306,305,,,,IDLE,2659.3043436681705,
,306,,,282,306,,publish,282,H,,,305,,,IDLE,2659.3043436681705,2659.3043436681705
,306,,,282,306,,mine_H_publish,,,,,,,,IDLE,2659.3043436681705,
,,,,283,307,,reorg_or_tip_change,,,307,306,,,,IDLE,2667.1928685636653,
,307,,,283,307,,publish,283,H,,,306,,,IDLE,2667.1928685636653,2667.1928685636653
,307,,,283,307,,mine_H_publish,,,,,,,,IDLE,2667.1928685636653,
283,,,,283,307,2674.16769996709,mine_A_start_withhold,,,,,,308,,WITHHOLD,2670.44864077852,
,,,,284,308,,reorg_or_tip_change,,,308,307,,,,WITHHOLD,2674.16769996709,
,308,,,284,308,,publish,284,A,,,307,,,WITHHOLD,2674.16769996709,2674.16769996709
,,,308,284,308,,release_bn,,,,,,,,WITHHOLD,2674.16769996709,
,,,,284,308,,release_no_race,,,,,,,,WITHHOLD,2674.16769996709,
,,,,285,309,,reorg_or_tip_change,,,309,308,,,,IDLE,2687.6392073449465,
,309,,,285,309,,publish,285,H,,,308,,,IDLE,2687.6392073449465,2687.6392073449465
,309,,,285,309,,mine_H_publish,,,,,,,,IDLE,2687.6392073449465,
285,,,,285,309,2698.558842286378,mine_A_start_withhold,,,,,,310,,WITHHOLD,2694.839783097808,
,,,,286,310,,reorg_or_tip_change,,,310,309,,,,WITHHOLD,2694.979603659408,
,310,,,286,310,,publish,286,A,,,309,,,WITHHOLD,2694.979603659408,2694.979603659408
,,,,287,311,,reorg_or_tip_change,,,311,310,,,,WITHHOLD,2694.979603659408,
,311,,,287,311,,publish,287,A,,,310,,,WITHHOLD,2694.979603659408,2694.979603659408
,,311,310,287,311,,mine_A_withhold_success,,,,,,,,WITHHOLD,2694.979603659408,
287,,,,287,311,2705.923785790436,mine_A_start_withhold,,,,,,312,,WITHHOLD,2702.204726601866,
,,,,288,312,,reorg_or_tip_change,,,312,311,,,,WITHHOLD,2705.923785790436,
,312,,,288,312,,publish,288,A,,,311,,,WITHHOLD,2705.923785790436,2705.923785790436
,,,312,288,312,,release_bn,,,,,,,,WITHHOLD,2705.923785790436,
,,,,288,312,,release_no_race,,,,,,,,WITHHOLD,2705.923785790436,
288,,,,288,312,2709.7822449360447,mine_A_start_withhold,,,,,,313,,WITHHOLD,2706.0631857474746,
,,,,289,313,,reorg_or_tip_change,,,313,312,,,,WITHHOLD,2709.7822449360447,
,313,,,289,313,,publish,289,A,,,312,,,WITHHOLD,2709.7822449360447,2709.7822449360447
,,,313,289,313,,release_bn,,,,,,,,WITHHOLD,2709.7822449360447,
,,,,289,313,,release_no_race,,,,,,,,WITHHOLD,2709.7822449360447,
,,,,290,314,,reorg_or_tip_change,,,314,313,,,,IDLE,2728.8332406854315,
,314,,,290,314,,publish,290,H,,,313,,,IDLE,2728.8332406854315,2728.8332406854315
,314,,,290,314,,mine_H_publish,,,,,,,,IDLE,2728.8332406854315,
290,,,,290,314,2735.2882390552054,mine_A_start_withhold,,,,,,315,,WITHHOLD,2731.5691798666353,
,,,,291,315,,reorg_or_tip_change,,,315,314,,,,WITHHOLD,2732.7268269828296,
,315,,,291,315,,publish,291,A,,,314,,,WITHHOLD,2732.7268269828296,2732.7268269828296
,,,,292,316,,reorg_or_tip_change,,,316,315,,,,WITHHOLD,2732.7268269828296,
,316,,,292,316,,publish,292,A,,,315,,,WITHHOLD,2732.7268269828296,2732.7268269828296
,,316,315,292,316,,mine_A_withhold_success,,,,,,,,WITHHOLD,2732.7268269828296,
,,,,293,317,,reorg_or_tip_change,,,317,316,,,,IDLE,2741.9191448035785,
,317,,,293,317,,publish,293,H,,,316,,,IDLE,2741.9191448035785,2741.9191448035785
,317,,,293,317,,mine_H_publish,,,,,,,,IDLE,2741.9191448035785,
,,,,294,318,,reorg_or_tip_change,,,318,317,,,,IDLE,2772.7464175296086,
,318,,,294,318,,publish,294,H,,,317,,,IDLE,2772.7464175296086,2772.7464175296086
,318,,,294,318,,mine_H_publish,,,,,,,,IDLE,2772.7464175296086,
294,,,,294,318,2783.9909133726856,mine_A_start_withhold,,,,,,319,,WITHHOLD,2780.2718541841155,
,,,,295,319,,reorg_or_tip_change,,,319,318,,,,WITHHOLD,2783.9909133726856,
,319,,,295,319,,publish,295,A,,,318,,,WITHHOLD,2783.9909133726856,2783.9909133726856
,,,319,295,319,,release_bn,,,,,,,,WITHHOLD,2783.9909133726856,
,,,,295,319,,release_no_race,,,,,,,,WITHHOLD,2783.9909133726856,
295,,,,295,319,2790.537912863556,mine_A_start_withhold,,,,,,320,,WITHHOLD,2786.818853674986,
,,,,296,320,,reorg_or_tip_change,,,320,319,,,,WITHHOLD,2790.537912863556,
,320,,,296,320,,publish,296,A,,,319,,,WITHHOLD,2790.537912863556,2790.537912863556
,,,320,296,320,,release_bn,,,,,,,,WITHHOLD,2790.537912863556,
,,,,296,320,,release_no_race,,,,,,,,WITHHOLD,2790.537912863556,
,,,,297,321,,reorg_or_tip_change,,,321,320,,,,IDLE,2809.5996475960023,
,321,,,297,321,,publish,297,H,,,320,,,IDLE,2809.5996475960023,2809.5996475960023
,321,,,297,321,,mine_H_publish,,,,,,,,IDLE,2809.5996475960023,
297,,,,297,321,2819.9572036234367,mine_A_start_withhold,,,,,,322,,WITHHOLD,2816.2381444348666,
,,,,298,322,,reorg_or_tip_change,,,322,321,,,,WITHHOLD,2819.9572036234367,
,322,,,298,322,,publish,298,A,,,321,,,WITHHOLD,2819.9572036234367,2819.9572036234367
,,,322,298,322,,release_bn,,,,,,,,WITHHOLD,2819.9572036234367,
,,,,298,322,,release_no_race,,,,,,,,WITHHOLD,2819.9572036234367,
298,,,,298,322,2828.8010495290996,mine_A_start_withhold,,,,,,323,,WITHHOLD,2825.0819903405295,
,,,,299,323,,reorg_or_tip_change,,,323,322,,,,WITHHOLD,2827.703154555324,
,323,,,299,323,,publish,299,A,,,322,,,WITHHOLD,2827.703154555324,2827.703154555324
,,,,300,324,,reorg_or_tip_change,,,324,323,,,,WITHHOLD,2827.703154555324,
,324,,,300,324,,publish,300,A,,,323,,,WITHHOLD,2827.703154555324,2827.703154555324
,,324,323,300,324,,mine_A_withhold_success,,,,,,,,WITHHOLD,2827.703154555324,
,,,,301,325,,reorg_or_tip_change,,,325,324,,,,IDLE,2831.1785495967306,
,325,,,301,325,,publish,301,H,,,324,,,IDLE,2831.1785495967306,2831.1785495967306
,325,,,301,325,,mine_H_publish,,,,,,,,IDLE,2831.1785495967306,
301,,,,301,325,2835.882314659088,mine_A_start_withhold,,,,,,326,,WITHHOLD,2832.163255470518,
,,,,302,327,,reorg_or_tip_change,,,327,325,,,,WITHHOLD,2835.3057310210233,
,327,,,302,327,,publish,302,H,,,325,,,WITHHOLD,2835.3057310210233,2835.3057310210233
,327,,,302,327,,mine_H_publish,,,,,,,,WITHHOLD,2835.3057310210233,
,326,,,302,327,,publish,302,A,,,325,,,WITHHOLD,2835.882314659088,2835.882314659088
,,,326,302,327,,release_bn,,,,,,,,WITHHOLD,2835.882314659088,
,,,,302,327,,release_enter_race,,,,,,,326,RACE,2835.882314659088,
,,,,303,328,,reorg_or_tip_change,,,328,327,,,,RACE,2839.087771607547,
,328,,,303,328,,publish,303,A,,,326,,,RACE,2839.087771607547,2839.087771607547
,328,,,303,328,,mine_A_race_success,,,,,,,,RACE,2839.087771607547,
,,,,304,329,,reorg_or_tip_change,,,329,328,,,,IDLE,2840.9141778598105,
,329,,,304,329,,publish,304,H,,,328,,,IDLE,2840.9141778598105,2840.9141778598105
,329,,,304,329,,mine_H_publish,,,,,,,,IDLE,2840.9141778598105,
304,,,,304,329,2844.859505249285,mine_A_start_withhold,,,,,,330,,WITHHOLD,2841.140446060715,
,,,,305,331,,reorg_or_tip_change,,,331,329,,,,WITHHOLD,2843.329595931838,
,331,,,305,331,,publish,305,H,,,329,,,WITHHOLD,2843.329595931838,2843.329595931838
,331,,,305,331,,mine_H_publish,,,,,,,,WITHHOLD,2843.329595931838,
,330,,,305,331,,publish,305,A,,,329,,,WITHHOLD,2844.859505249285,2844.859505249285
,,,330,305,331,,release_bn,,,,,,,,WITHHOLD,2844.859505249285,
,,,,305,331,,release_enter_race,,,,,,,330,RACE,2844.859505249285,
,,,,306,332,,reorg_or_tip_change,,,332,331,,,,RACE,2847.6448028445807,
,332,,,306,332,,publish,306,A,,,330,,,RACE,2847.6448028445807,2847.6448028445807
,332,,,306,332,,mine_A_race_success,,,,,,,,RACE,2847.6448028445807,
,,,,307,333,,reorg_or_tip_change,,,333,332,,,,IDLE,2849.792959120561,
,333,,,307,333,,publish,307,H,,,332,,,IDLE,2849.792959120561,2849.792959120561
,333,,,307,333,,mine_H_publish,,,,,,,,IDLE,2849.792959120561,
307,,,,307,333,2861.8016311186584,mine_A_start_withhold,,,,,,334,,WITHHOLD,2858.0825719300883,
,,,,308,334,,reorg_or_tip_change,,,334,333,,,,WITHHOLD,2861.8016311186584,
,334,,,308,334,,publish,308,A,,,333,,,WITHHOLD,2861.8016311186584,2861.8016311186584
,,,334,308,334,,release_bn,,,,,,,,WITHHOLD,2861.8016311186584,
,,,,308,334,,release_no_race,,,,,,,,WITHHOLD,2861.8016311186584,
,,,,309,335,,reorg_or_tip_change,,,335,334,,,,IDLE,2865.497960331592,
,335,,,309,335,,publish,309,H,,,334,,,IDLE,2865.497960331592,2865.497960331592
,335,,,309,335,,mine_H_publish,,,,,,,,IDLE,2865.497960331592,
309,,,,309,335,2898.148906416138,mine_A_start_withhold,,,,,,336,,WITHHOLD,2894.4298472275677,
,,,,310,336,,reorg_or_tip_change,,,336,335,,,,WITHHOLD,2898.148906416138,
,336,,,310,336,,publish,310,A,,,335,,,WITHHOLD,2898.148906416138,2898.148906416138
,,,336,310,336,,release_bn,,,,,,,,WITHHOLD,2898.148906416138,
,,,,310,336,,release_no_race,,,,,,,,WITHHOLD,2898.148906416138,
,,,,311,337,,reorg_or_tip_change,,,337,336,,,,IDLE,2906.5350690506093,
,337,,,311,337,,publish,311,H,,,336,,,IDLE,2906.5350690506093,2906.5350690506093
,337,,,311,337,,mine_H_publish,,,,,,,,IDLE,2906.5350690506093,
,,,,312,338,,reorg_or_tip_change,,,338,337,,,,IDLE,2926.545718331072,
,338,,,312,338,,publish,312,H,,,337,,,IDLE,2926.545718331072,2926.545718331072
,338,,,312,338,,mine_H_publish,,,,,,,,IDLE,2926.545718331072,
,,,,313,339,,reorg_or_tip_change,,,339,338,,,,IDLE,2959.2119637325927,
,339,,,313,339,,publish,313,H,,,338,,,IDLE,2959.2119637325927,2959.2119637325927
,339,,,313,339,,mine_H_publish,,,,,,,,IDLE,2959.2119637325927,
,,,,314,340,,reorg_or_tip_change,,,340,339,,,,IDLE,2970.9845418811674,
,340,,,314,340,,publish,314,H,,,339,,,IDLE,2970.9845418811674,2970.9845418811674
,340,,,314,340,,mine_H_publish,,,,,,,,IDLE,2970.9845418811674,
314,,,,314,340,2981.399711411713,mine_A_start_withhold,,,,,,341,,WITHHOLD,2977.6806522231427,
,,,,315,341,,reorg_or_tip_change,,,341,340,,,,WITHHOLD,2981.399711411713,
,341,,,315,341,,publish,315,A,,,340,,,WITHHOLD,2981.399711411713,2981.399711411713
,,,341,315,341,,release_bn,,,,,,,,WITHHOLD,2981.399711411713,
,,,,315,341,,release_no_race,,,,,,,,WITHHOLD,2981.399711411713,
315,,,,315,341,2987.6663197269113,mine_A_start_withhold,,,,,,342,,WITHHOLD,2983.947260538341,
,,,,316,343,,reorg_or_tip_change,,,343,341,,,,WITHHOLD,2986.015148073034,
,343,,,316,343,,publish,316,H,,,341,,,WITHHOLD,2986.015148073034,2986.015148073034
,343,,,316,343,,mine_H_publish,,,,,,,,WITHHOLD,2986.015148073034,
,342,,,316,343,,publish,316,A,,,341,,,WITHHOLD,2987.6663197269113,2987.6663197269113
,,,342,316,343,,release_bn,,,,,,,,WITHHOLD,2987.6663197269113,
,,,,316,343,,release_enter_race,,,,,,,342,RACE,2987.6663197269113,
,,,,317,344,,reorg_or_tip_change,,,344,343,,,,RACE,3007.7913176034604,
,344,,,317,344,,publish,317,H,,,343,,,RACE,3007.7913176034604,3007.7913176034604
,344,,,317,344,,mine_H_publish,,,,,,,,RACE,3007.7913176034604,
,,,,317,344,,race_lost,,,,,,,,RACE,3007.7913176034604,
,,,,318,345,,reorg_or_tip_change,,,345,344,,,,IDLE,3012.0199590328148,
,345,,,318,345,,publish,318,H,,,344,,,IDLE,3012.0199590328148,3012.0199590328148
,345,,,318,345,,mine_H_publish,,,,,,,,IDLE,3012.0199590328148,
,,,,319,346,,reorg_or_tip_change,,,346,345,,,,IDLE,3013.5279515789257,
,346,,,319,346,,publish,319,H,,,345,,,IDLE,3013.5279515789257,3013.5279515789257
,346,,,319,346,,mine_H_publish,,,,,,,,IDLE,3013.5279515789257,
319,,,,319,346,3024.36288227642,mine_A_start_withhold,,,,,,347,,WITHHOLD,3020.64382308785,
,,,,320,347,,reorg_or_tip_change,,,347,346,,,,WITHHOLD,3020.8066614823297,
,347,,,320,347,,publish,320,A,,,346,,,WITHHOLD,3020.8066614823297,3020.8066614823297
,,,,321,348,,reorg_or_tip_change,,,348,347,,,,WITHHOLD,3020.8066614823297,
,348,,,321,348,,publish,321,A,,,347,,,WITHHOLD,3020.8066614823297,3020.8066614823297
,,348,347,321,348,,mine_A_withhold_success,,,,,,,,WITHHOLD,3020.8066614823297,
321,,,,321,348,3036.0890117030253,mine_A_start_withhold,,,,,,349,,WITHHOLD,3032.3699525144552,
,,,,322,349,,reorg_or_tip_change,,,349,348,,,,WITHHOLD,3036.0890117030253,
,349,,,322,349,,publish,322,A,,,348,,,WITHHOLD,3036.0890117030253,3036.0890117030253
,,,349,322,349,,release_bn,,,,,,,,WITHHOLD,3036.0890117030253,
,,,,322,349,,release_no_race,,,,,,,,WITHHOLD,3036.0890117030253,
322,,,,322,349,3063.6620163843795,mine_A_start_withhold,,,,,,350,,WITHHOLD,3059.9429571958094,
,,,,323,350,,reorg_or_tip_change,,,350,349,,,,WITHHOLD,3063.6620163843795,
,350,,,323,350,,publish,323,A,,,349,,,WITHHOLD,3063.6620163843795,3063.6620163843795
,,,350,323,350,,release_bn,,,,,,,,WITHHOLD,3063.6620163843795,
,,,,323,350,,release_no_race,,,,,,,,WITHHOLD,3063.6620163843795,
,,,,324,351,,reorg_or_tip_change,,,351,350,,,,IDLE,3070.9489059310995,
,351,,,324,351,,publish,324,H,,,350,,,IDLE,3070.9489059310995,3070.9489059310995
,351,,,324,351,,mine_H_publish,,,,,,,,IDLE,3070.9489059310995,
324,,,,324,351,3085.4239442638404,mine_A_start_withhold,,,,,,352,,WITHHOLD,3081.7048850752703,
,,,,325,352,,reorg_or_tip_change,,,352,351,,,,WITHHOLD,3083.7230819834667,
,352,,,325,352,,publish,325,A,,,351,,,WITHHOLD,3083.7230819834667,3083.7230819834667
,,,,326,353,,reorg_or_tip_change,,,353,352,,,,WITHHOLD,3083.7230819834667,
,353,,,326,353,,publish,326,A,,,352,,,WITHHOLD,3083.7230819834667,3083.7230819834667
,,353,352,326,353,,mine_A_withhold_success,,,,,,,,WITHHOLD,3083.7230819834667,
326,,,,326,353,3115.745259976517,mine_A_start_withhold,,,,,,354,,WITHHOLD,3112.026200787947,
,,,,327,354,,reorg_or_tip_change,,,354,353,,,,WITHHOLD,3115.745259976517,
,354,,,327,354,,publish,327,A,,,353,,,WITHHOLD,3115.745259976517,3115.745259976517
,,,354,327,354,,release_bn,,,,,,,,WITHHOLD,3115.745259976517,
,,,,327,354,,release_no_race,,,,,,,,WITHHOLD,3115.745259976517,
,,,,328,355,,reorg_or_tip_change,,,355,354,,,,IDLE,3136.400537874968,
,355,,,328,355,,publish,328,H,,,354,,,IDLE,3136.400537874968,3136.400537874968
,355,,,328,355,,mine_H_publish,,,,,,,,IDLE,3136.400537874968,
,,,,329,356,,reorg_or_tip_change,,,356,355,,,,IDLE,3153.2313449446137,
,356,,,329,356,,publish,329,H,,,355,,,IDLE,3153.2313449446137,3153.2313449446137
,356,,,329,356,,mine_H_publish,,,,,,,,IDLE,3153.2313449446137,
329,,,,329,356,3175.7884274309317,mine_A_start_withhold,,,,,,357,,WITHHOLD,3172.0693682423616,
,,,,330,357,,reorg_or_tip_change,,,357,356,,,,WITHHOLD,3173.6776833612225,
,357,,,330,357,,publish,330,A,,,356,,,WITHHOLD,3173.6776833612225,3173.6776833612225
,,,,331,358,,reorg_or_tip_change,,,358,357,,,,WITHHOLD,3173.6776833612225,
,358,,,331,358,,publish,331,A,,,357,,,WITHHOLD,3173.6776833612225,3173.6776833612225
,,358,357,331,358,,mine_A_withhold_success,,,,,,,,WITHHOLD,3173.6776833612225,
,,,,332,359,,reorg_or_tip_change,,,359,358,,,,IDLE,3185.441442738982,
,359,,,332,359,,publish,332,H,,,358,,,IDLE,3185.441442738982,3185.441442738982
,359,,,332,359,,mine_H_publish,,,,,,,,IDLE,3185.441442738982,
332,,,,332,359,3216.557281145934,mine_A_start_withhold,,,,,,360,,WITHHOLD,3212.838221957364,
,,,,333,360,,reorg_or_tip_change,,,360,359,,,,WITHHOLD,3216.095025131622,
,360,,,333,360,,publish,333,A,,,359,,,WITHHOLD,3216.095025131622,3216.095025131622
,,,,334,361,,reorg_or_tip_change,,,361,360,,,,WITHHOLD,3216.095025131622,
,361,,,334,361,,publish,334,A,,,360,,,WITHHOLD,3216.095025131622,3216.095025131622
,,361,360,334,361,,mine_A_withhold_success,,,,,,,,WITHHOLD,3216.095025131622,
334,,,,334,361,3248.892617662047,mine_A_start_withhold,,,,,,362,,WITHHOLD,3245.173558473477,
,,,,335,363,,reorg_or_tip_change,,,363,361,,,,WITHHOLD,3245.6798022631388,
,363,,,335,363,,publish,335,H,,,361,,,WITHHOLD,3245.6798022631388,3245.6798022631388
,363,,,335,363,,mine_H_publish,,,,,,,,WITHHOLD,3245.6798022631388,
,362,,,335,363,,publish,335,A,,,361,,,WITHHOLD,3248.892617662047,3248.892617662047
,,,362,335,363,,release_bn,,,,,,,,WITHHOLD,3248.892617662047,
,,,,335,363,,release_enter_race,,,,,,,362,RACE,3248.892617662047,
,,,,336,364,,reorg_or_tip_change,,,364,363,,,,RACE,3271.0706980909613,
,364,,,336,364,,publish,336,H,,,363,,,RACE,3271.0706980909613,3271.0706980909613
,364,,,336,364,,mine_H_publish,,,,,,,,RACE,3271.0706980909613,
,,,,336,364,,race_lost,,,,,,,,RACE,3271.0706980909613,
,,,,337,365,,reorg_or_tip_change,,,365,364,,,,IDLE,3286.7183047932663,
,365,,,337,365,,publish,337,H,,,364,,,IDLE,3286.7183047932663,3286.7183047932663
,365,,,337,365,,mine_H_publish,,,,,,,,IDLE,3286.7183047932663,
337,,,,337,365,3291.0399331447347,mine_A_start_withhold,,,,,,366,,WITHHOLD,3287.3208739561646,
,,,,338,366,,reorg_or_tip_change,,,366,365,,,,WITHHOLD,3291.0399331447347,
,366,,,338,366,,publish,338,A,,,365,,,WITHHOLD,3291.0399331447347,3291.0399331447347
,,,366,338,366,,release_bn,,,,,,,,WITHHOLD,3291.0399331447347,
,,,,338,366,,release_no_race,,,,,,,,WITHHOLD,3291.0399331447347,
,,,,339,367,,reorg_or_tip_change,,,367,366,,,,IDLE,3294.910920703564,
,367,,,339,367,,publish,339,H,,,366,,,IDLE,3294.910920703564,3294.910920703564
,367,,,339,367,,mine_H_publish,,,,,,,,IDLE,3294.910920703564,
339,,,,339,367,3301.237548012339,mine_A_start_withhold,,,,,,368,,WITHHOLD,3297.518488823769,
,,,,340,368,,reorg_or_tip_change,,,368,367,,,,WITHHOLD,3301.237548012339,
,368,,,340,368,,publish,340,A,,,367,,,WITHHOLD,3301.237548012339,3301.237548012339
,,,368,340,368,,release_bn,,,,,,,,WITHHOLD,3301.237548012339,
,,,,340,368,,release_no_race,,,,,,,,WITHHOLD,3301.237548012339,
340,,,,340,368,3311.744846148833,mine_A_start_withhold,,,,,,369,,WITHHOLD,3308.025786960263,
,,,,341,370,,reorg_or_tip_change,,,370,368,,,,WITHHOLD,3310.699692239307,
,370,,,341,370,,publish,341,H,,,368,,,WITHHOLD,3310.699692239307,3310.699692239307
,370,,,341,370,,mine_H_publish,,,,,,,,WITHHOLD,3310.699692239307,
,369,,,341,370,,publish,341,A,,,368,,,WITHHOLD,3311.744846148833,3311.744846148833
,,,369,341,370,,release_bn,,,,,,,,WITHHOLD,3311.744846148833,
,,,,341,370,,release_enter_race,,,,,,,369,RACE,3311.744846148833,
,,,,342,371,,reorg_or_tip_change,,,371,370,,,,RACE,3317.5725195123755,
,371,,,342,371,,publish,342,H,,,370,,,RACE,3317.5725195123755,3317.5725195123755
,371,,,342,371,,mine_H_publish,,,,,,,,RACE,3317.5725195123755,
,,,,342,371,,race_lost,,,,,,,,RACE,3317.5725195123755,
342,,,,342,371,3321.9955162473884,mine_A_start_withhold,,,,,,372,,WITHHOLD,3318.2764570588183,
,,,,343,372,,reorg_or_tip_change,,,372,371,,,,WITHHOLD,3321.9955162473884,
,372,,,343,372,,publish,343,A,,,371,,,WITHHOLD,3321.9955162473884,3321.9955162473884
,,,372,343,372,,release_bn,,,,,,,,WITHHOLD,3321.9955162473884,
,,,,343,372,,release_no_race,,,,,,,,WITHHOLD,3321.9955162473884,
343,,,,343,372,3326.862997020699,mine_A_start_withhold,,,,,,373,,WITHHOLD,3323.143937832129,
,,,,344,373,,reorg_or_tip_change,,,373,372,,,,WITHHOLD,3326.862997020699,
,373,,,344,373,,publish,344,A,,,372,,,WITHHOLD,3326.862997020699,3326.862997020699
,,,373,344,373,,release_bn,,,,,,,,WITHHOLD,3326.862997020699,
,,,,344,373,,release_no_race,,,,,,,,WITHHOLD,3326.862997020699,
,,,,345,374,,reorg_or_tip_change,,,374,373,,,,IDLE,3336.0098096263514,
,374,,,345,374,,publish,345,H,,,373,,,IDLE,3336.0098096263514,3336.0098096263514
,374,,,345,374,,mine_H_publish,,,,,,,,IDLE,3336.0098096263514,
,,,,346,375,,reorg_or_tip_change,,,375,374,,,,IDLE,3339.1137906617964,
,375,,,346,375,,publish,346,H,,,374,,,IDLE,3339.1137906617964,3339.1137906617964
,375,,,346,375,,mine_H_publish,,,,,,,,IDLE,3339.1137906617964,
,,,,347,376,,reorg_or_tip_change,,,376,375,,,,IDLE,3339.9593742568736,
,376,,,347,376,,publish,347,H,,,375,,,IDLE,3339.9593742568736,3339.9593742568736
,376,,,347,376,,mine_H_publish,,,,,,,,IDLE,3339.9593742568736,
347,,,,347,376,3355.2041204320644,mine_A_start_withhold,,,,,,377,,WITHHOLD,3351.4850612434943,
,,,,348,377,,reorg_or_tip_change,,,377,376,,,,WITHHOLD,3355.2041204320644,
,377,,,348,377,,publish,348,A,,,376,,,WITHHOLD,3355.2041204320644,3355.2041204320644
,,,377,348,377,,release_bn,,,,,,,,WITHHOLD,3355.2041204320644,
,,,,348,377,,release_no_race,,,,,,,,WITHHOLD,3355.2041204320644,
348,,,,348,377,3373.696605429853,mine_A_start_withhold,,,,,,378,,WITHHOLD,3369.977546241283,
,,,,349,379,,reorg_or_tip_change,,,379,377,,,,WITHHOLD,3371.3870408849584,
,379,,,349,379,,publish,349,H,,,377,,,WITHHOLD,3371.3870408849584,3371.3870408849584
,379,,,349,379,,mine_H_publish,,,,,,,,WITHHOLD,3371.3870408849584,
,378,,,349,379,,publish,349,A,,,377,,,WITHHOLD,3373.696605429853,3373.696605429853
,,,378,349,379,,release_bn,,,,,,,,WITHHOLD,3373.696605429853,
,,,,349,379,,release_enter_race,,,,,,,378,RACE,3373.696605429853,
,,,,350,380,,reorg_or_tip_change,,,380,379,,,,RACE,3374.2030563718786,
,380,,,350,380,,publish,350,H,,,379,,,RACE,3374.2030563718786,3374.2030563718786
,380,,,350,380,,mine_H_publish,,,,,,,,RACE,3374.2030563718786,
,,,,350,380,,race_lost,,,,,,,,RACE,3374.2030563718786,
,,,,351,381,,reorg_or_tip_change,,,381,380,,,,IDLE,3374.6963435829716,
,381,,,351,381,,publish,351,H,,,380,,,IDLE,3374.6963435829716,3374.6963435829716
,381,,,351,381,,mine_H_publish,,,,,,,,IDLE,3374.6963435829716,
351,,,,351,381,3385.0070062361115,mine_A_start_withhold,,,,,,382,,WITHHOLD,3381.2879470475414,
,,,,352,382,,reorg_or_tip_change,,,382,381,,,,WITHHOLD,3385.0070062361115,
,382,,,352,382,,publish,352,A,,,381,,,WITHHOLD,3385.0070062361115,3385.0070062361115
,,,382,352,382,,release_bn,,,,,,,,WITHHOLD,3385.0070062361115,
,,,,352,382,,release_no_race,,,,,,,,WITHHOLD,3385.0070062361115,
,,,,353,383,,reorg_or_tip_change,,,383,382,,,,IDLE,3390.343450261003,
,383,,,353,383,,publish,353,H,,,382,,,IDLE,3390.343450261003,3390.343450261003
,383,,,353,383,,mine_H_publish,,,,,,,,IDLE,3390.343450261003,
353,,,,353,383,3402.9717296708773,mine_A_start_withhold,,,,,,384,,WITHHOLD,3399.252670482307,
,,,,354,384,,reorg_or_tip_change,,,384,383,,,,WITHHOLD,3402.9717296708773,
,384,,,354,384,,publish,354,A,,,383,,,WITHHOLD,3402.9717296708773,3402.9717296708773
,,,384,354,384,,release_bn,,,,,,,,WITHHOLD,3402.9717296708773,
,,,,354,384,,release_no_race,,,,,,,,WITHHOLD,3402.9717296708773,
,,,,355,385,,reorg_or_tip_change,,,385,384,,,,IDLE,3423.1888932646243,
,385,,,355,385,,publish,355,H,,,384,,,IDLE,3423.1888932646243,3423.1888932646243
,385,,,355,385,,mine_H_publish,,,,,,,,IDLE,3423.1888932646243,
355,,,,355,385,3442.5319825339307,mine_A_start_withhold,,,,,,386,,WITHHOLD,3438.8129233453606,
,,,,356,386,,reorg_or_tip_change,,,386,385,,,,WITHHOLD,3441.266154695655,
,386,,,356,386,,publish,356,A,,,385,,,WITHHOLD,3441.266154695655,3441.266154695655
,,,,357,387,,reorg_or_tip_change,,,387,386,,,,WITHHOLD,3441.266154695655,
,387,,,357,387,,publish,357,A,,,386,,,WITHHOLD,3441.266154695655,3441.266154695655
,,387,386,357,387,,mine_A_withhold_success,,,,,,,,WITHHOLD,3441.266154695655,
357,,,,357,387,3446.98394362873,mine_A_start_withhold,,,,,,388,,WITHHOLD,3443.2648844401597,
,,,,358,388,,reorg_or_tip_change,,,388,387,,,,WITHHOLD,3446.98394362873,
,388,,,358,388,,publish,358,A,,,387,,,WITHHOLD,3446.98394362873,3446.98394362873
,,,388,358,388,,release_bn,,,,,,,,WITHHOLD,3446.98394362873,
,,,,358,388,,release_no_race,,,,,,,,WITHHOLD,3446.98394362873,
358,,,,358,388,3464.0213274834355,mine_A_start_withhold,,,,,,389,,WITHHOLD,3460.3022682948654,
,,,,359,389,,reorg_or_tip_change,,,389,388,,,,WITHHOLD,3464.0213274834355,
,389,,,359,389,,publish,359,A,,,388,,,WITHHOLD,3464.0213274834355,3464.0213274834355
,,,389,359,389,,release_bn,,,,,,,,WITHHOLD,3464.0213274834355,
,,,,359,389,,release_no_race,,,,,,,,WITHHOLD,3464.0213274834355,
359,,,,359,389,3474.3296503016745,mine_A_start_withhold,,,,,,390,,WITHHOLD,3470.6105911131044,
,,,,360,390,,reorg_or_tip_change,,,390,389,,,,WITHHOLD,3474.3296503016745,
,390,,,360,390,,publish,360,A,,,389,,,WITHHOLD,3474.3296503016745,3474.3296503016745
,,,390,360,390,,release_bn,,,,,,,,WITHHOLD,3474.3296503016745,
,,,,360,390,,release_no_race,,,,,,,,WITHHOLD,3474.3296503016745,
360,,,,360,390,3478.5946595759096,mine_A_start_withhold,,,,,,391,,WITHHOLD,3474.8756003873395,
,,,,361,391,,reorg_or_tip_change,,,391,390,,,,WITHHOLD,3478.5946595759096,
,391,,,361,391,,publish,361,A,,,390,,,WITHHOLD,3478.5946595759096,3478.5946595759096
,,,391,361,391,,release_bn,,,,,,,,WITHHOLD,3478.5946595759096,
,,,,361,391,,release_no_race,,,,,,,,WITHHOLD,3478.5946595759096,
361,,,,361,391,3501.7021287104753,mine_A_start_withhold,,,,,,392,,WITHHOLD,3497.9830695219052,
,,,,362,392,,reorg_or_tip_change,,,392,391,,,,WITHHOLD,3501.7021287104753,
,392,,,362,392,,publish,362,A,,,391,,,WITHHOLD,3501.7021287104753,3501.7021287104753
,,,392,362,392,,release_bn,,,,,,,,WITHHOLD,3501.7021287104753,
,,,,362,392,,release_no_race,,,,,,,,WITHHOLD,3501.7021287104753,
,,,,363,393,,reorg_or_tip_change,,,393,392,,,,IDLE,3505.0100435826394,
,393,,,363,393,,publish,363,H,,,392,,,IDLE,3505.0100435826394,3505.0100435826394
,393,,,363,393,,mine_H_publish,,,,,,,,IDLE,3505.0100435826394,
,,,,364,394,,reorg_or_tip_change,,,394,393,,,,IDLE,3510.338460511379,
,394,,,364,394,,publish,364,H,,,393,,,IDLE,3510.338460511379,3510.338460511379
,394,,,364,394,,mine_H_publish,,,,,,,,IDLE,3510.338460511379,
364,,,,364,394,3539.100191335864,mine_A_start_withhold,,,,,,395,,WITHHOLD,3535.381132147294,
,,,,365,395,,reorg_or_tip_change,,,395,394,,,,WITHHOLD,3538.3453613896677,
,395,,,365,395,,publish,365,A,,,394,,,WITHHOLD,3538.3453613896677,3538.3453613896677
,,,,366,396,,reorg_or_tip_change,,,396,395,,,,WITHHOLD,3538.3453613896677,
,396,,,366,396,,publish,366,A,,,395,,,WITHHOLD,3538.3453613896677,3538.3453613896677
,,396,395,366,396,,mine_A_withhold_success,,,,,,,,WITHHOLD,3538.3453613896677,
,,,,367,397,,reorg_or_tip_change,,,397,396,,,,IDLE,3542.5622936066375,
,397,,,367,397,,publish,367,H,,,396,,,IDLE,3542.5622936066375,3542.5622936066375
,397,,,367,397,,mine_H_publish,,,,,,,,IDLE,3542.5622936066375,
,,,,368,398,,reorg_or_tip_change,,,398,397,,,,IDLE,3542.7853882150625,
,398,,,368,398,,publish,368,H,,,397,,,IDLE,3542.7853882150625,3542.7853882150625
,398,,,368,398,,mine_H_publish,,,,,,,,IDLE,3542.7853882150625,
368,,,,368,398,3553.9031057244624,mine_A_start_withhold,,,,,,399,,WITHHOLD,3550.1840465358923,
,,,,369,399,,reorg_or_tip_change,,,399,398,,,,WITHHOLD,3553.9031057244624,
,399,,,369,399,,publish,369,A,,,398,,,WITHHOLD,3553.9031057244624,3553.9031057244624
,,,399,369,399,,release_bn,,,,,,,,WITHHOLD,3553.9031057244624,
,,,,369,399,,release_no_race,,,,,,,,WITHHOLD,3553.9031057244624,
369,,,,369,399,3595.8660901864846,mine_A_start_withhold,,,,,,400,,WITHHOLD,3592.1470309979145,
,,,,370,400,,reorg_or_tip_change,,,400,399,,,,WITHHOLD,3595.8660901864846,
,400,,,370,400,,publish,370,A,,,399,,,WITHHOLD,3595.8660901864846,3595.8660901864846
,,,400,370,400,,release_bn,,,,,,,,WITHHOLD,3595.8660901864846,
,,,,370,400,,release_no_race,,,,,,,,WITHHOLD,3595.8660901864846,
370,,,,370,400,3612.6393494429662,mine_A_start_withhold,,,,,,401,,WITHHOLD,3608.920290254396,
,,,,371,401,,reorg_or_tip_change,,,401,400,,,,WITHHOLD,3612.6393494429662,
,401,,,371,401,,publish,371,A,,,400,,,WITHHOLD,3612.6393494429662,3612.6393494429662
,,,401,371,401,,release_bn,,,,,,,,WITHHOLD,3612.6393494429662,
,,,,371,401,,release_no_race,,,,,,,,WITHHOLD,3612.6393494429662,
371,,,,371,401,3616.824301388744,mine_A_start_withhold,,,,,,402,,WITHHOLD,3613.105242200174,
,,,,372,402,,reorg_or_tip_change,,,402,401,,,,WITHHOLD,3614.0915577938677,
,402,,,372,402,,publish,372,A,,,401,,,WITHHOLD,3614.0915577938677,3614.0915577938677
,,,,373,403,,reorg_or_tip_change,,,403,402,,,,WITHHOLD,3614.0915577938677,
,403,,,373,403,,publish,373,A,,,402,,,WITHHOLD,3614.0915577938677,3614.0915577938677
,,403,402,373,403,,mine_A_withhold_success,,,,,,,,WITHHOLD,3614.0915577938677,
373,,,,373,403,3618.7050143346505,mine_A_start_withhold,,,,,,404,,WITHHOLD,3614.9859551460804,
,,,,374,404,,reorg_or_tip_change,,,404,403,,,,WITHHOLD,3618.7050143346505,
,404,,,374,404,,publish,374,A,,,403,,,WITHHOLD,3618.7050143346505,3618.7050143346505
,,,404,374,404,,release_bn,,,,,,,,WITHHOLD,3618.7050143346505,
,,,,374,404,,release_no_race,,,,,,,,WITHHOLD,3618.7050143346505,
374,,,,374,404,3633.5102067428465,mine_A_start_withhold,,,,,,405,,WITHHOLD,3629.7911475542764,
,,,,375,405,,reorg_or_tip_change,,,405,404,,,,WITHHOLD,3633.5102067428465,
,405,,,375,405,,publish,375,A,,,404,,,WITHHOLD,3633.5102067428465,3633.5102067428465
,,,405,375,405,,release_bn,,,,,,,,WITHHOLD,3633.5102067428465,
,,,,375,405,,release_no_race,,,,,,,,WITHHOLD,3633.5102067428465,
,,,,376,406,,reorg_or_tip_change,,,406,405,,,,IDLE,3637.7443325251975,
,406,,,376,406,,publish,376,H,,,405,,,IDLE,3637.7443325251975,3637.7443325251975
,406,,,376,406,,mine_H_publish,,,,,,,,IDLE,3637.7443325251975,
376,,,,376,406,3655.007738881439,mine_A_start_withhold,,,,,,407,,WITHHOLD,3651.2886796928688,
,,,,377,407,,reorg_or_tip_change,,,407,406,,,,WITHHOLD,3655.007738881439,
,407,,,377,407,,publish,377,A,,,406,,,WITHHOLD,3655.007738881439,3655.007738881439
,,,407,377,407,,release_bn,,,,,,,,WITHHOLD,3655.007738881439,
,,,,377,407,,release_no_race,,,,,,,,WITHHOLD,3655.007738881439,
,,,,378,408,,reorg_or_tip_change,,,408,407,,,,IDLE,3662.240591355364,
,408,,,378,408,,publish,378,H,,,407,,,IDLE,3662.240591355364,3662.240591355364
,408,,,378,408,,mine_H_publish,,,,,,,,IDLE,3662.240591355364,
378,,,,378,408,3669.820616448764,mine_A_start_withhold,,,,,,409,,WITHHOLD,3666.101557260194,
,,,,379,409,,reorg_or_tip_change,,,409,408,,,,WITHHOLD,3669.820616448764,
,409,,,379,409,,publish,379,A,,,408,,,WITHHOLD,3669.820616448764,3669.820616448764
,,,409,379,409,,release_bn,,,,,,,,WITHHOLD,3669.820616448764,
,,,,379,409,,release_no_race,,,,,,,,WITHHOLD,3669.820616448764,
379,,,,379,409,3673.780155277774,mine_A_start_withhold,,,,,,410,,WITHHOLD,3670.061096089204,
,,,,380,410,,reorg_or_tip_change,,,410,409,,,,WITHHOLD,3673.780155277774,
,410,,,380,410,,publish,380,A,,,409,,,WITHHOLD,3673.780155277774,3673.780155277774
,,,410,380,410,,release_bn,,,,,,,,WITHHOLD,3673.780155277774,
,,,,380,410,,release_no_race,,,,,,,,WITHHOLD,3673.780155277774,
,,,,381,411,,reorg_or_tip_change,,,411,410,,,,IDLE,3693.2311062044514,
,411,,,381,411,,publish,381,H,,,410,,,IDLE,3693.2311062044514,3693.2311062044514
,411,,,381,411,,mine_H_publish,,,,,,,,IDLE,3693.2311062044514,
,,,,382,412,,reorg_or_tip_change,,,412,411,,,,IDLE,3696.688960927305,
,412,,,382,412,,publish,382,H,,,411,,,IDLE,3696.688960927305,3696.688960927305
,412,,,382,412,,mine_H_publish,,,,,,,,IDLE,3696.688960927305,
382,,,,382,412,3737.2154116827323,mine_A_start_withhold,,,,,,413,,WITHHOLD,3733.4963524941622,
,,,,383,413,,reorg_or_tip_change,,,413,412,,,,WITHHOLD,3737.2154116827323,
,413,,,383,413,,publish,383,A,,,412,,,WITHHOLD,3737.2154116827323,3737.2154116827323
,,,413,383,413,,release_bn,,,,,,,,WITHHOLD,3737.2154116827323,
,,,,383,413,,release_no_race,,,,,,,,WITHHOLD,3737.2154116827323,
383,,,,383,413,3745.667491124615,mine_A_start_withhold,,,,,,414,,WITHHOLD,3741.948431936045,
,,,,384,414,,reorg_or_tip_change,,,414,413,,,,WITHHOLD,3745.667491124615,
,414,,,384,414,,publish,384,A,,,413,,,WITHHOLD,3745.667491124615,3745.667491124615
,,,414,384,414,,release_bn,,,,,,,,WITHHOLD,3745.667491124615,
,,,,384,414,,release_no_race,,,,,,,,WITHHOLD,3745.667491124615,
384,,,,384,414,3786.7163706576916,mine_A_start_withhold,,,,,,415,,WITHHOLD,3782.9973114691215,
,,,,385,415,,reorg_or_tip_change,,,415,414,,,,WITHHOLD,3783.976286376616,
,415,,,385,415,,publish,385,A,,,414,,,WITHHOLD,3783.976286376616,3783.976286376616
,,,,386,416,,reorg_or_tip_change,,,416,415,,,,WITHHOLD,3783.976286376616,
,416,,,386,416,,publish,386,A,,,415,,,WITHHOLD,3783.976286376616,3783.976286376616
,,416,415,386,416,,mine_A_withhold_success,,,,,,,,WITHHOLD,3783.976286376616,
,,,,387,417,,reorg_or_tip_change,,,417,416,,,,IDLE,3805.4712427423283,
,417,,,387,417,,publish,387,H,,,416,,,IDLE,3805.4712427423283,3805.4712427423283
,417,,,387,417,,mine_H_publish,,,,,,,,IDLE,3805.4712427423283,
387,,,,387,417,3833.959828701315,mine_A_start_withhold,,,,,,418,,WITHHOLD,3830.240769512745,
,,,,388,418,,reorg_or_tip_change,,,418,417,,,,WITHHOLD,3833.959828701315,
,418,,,388,418,,publish,388,A,,,417,,,WITHHOLD,3833.959828701315,3833.959828701315
,,,418,388,418,,release_bn,,,,,,,,WITHHOLD,3833.959828701315,
,,,,388,418,,release_no_race,,,,,,,,WITHHOLD,3833.959828701315,
388,,,,388,418,3860.307721708282,mine_A_start_withhold,,,,,,419,,WITHHOLD,3856.5886625197118,
,,,,389,419,,reorg_or_tip_change,,,419,418,,,,WITHHOLD,3858.1734727641738,
,419,,,389,419,,publish,389,A,,,418,,,WITHHOLD,3858.1734727641738,3858.1734727641738
,,,,390,420,,reorg_or_tip_change,,,420,419,,,,WITHHOLD,3858.1734727641738,
,420,,,390,420,,publish,390,A,,,419,,,WITHHOLD,3858.1734727641738,3858.1734727641738
,,420,419,390,420,,mine_A_withhold_success,,,,,,,,WITHHOLD,3858.1734727641738,
390,,,,390,420,3873.5854456027737,mine_A_start_withhold,,,,,,421,,WITHHOLD,3869.8663864142036,
,,,,391,421,,reorg_or_tip_change,,,421,420,,,,WITHHOLD,3873.5854456027737,
,421,,,391,421,,publish,391,A,,,420,,,WITHHOLD,3873.5854456027737,3873.5854456027737
,,,421,391,421,,release_bn,,,,,,,,WITHHOLD,3873.5854456027737,
,,,,391,421,,release_no_race,,,,,,,,WITHHOLD,3873.5854456027737,
,,,,392,422,,reorg_or_tip_change,,,422,421,,,,IDLE,3884.6137632872023,
,422,,,392,422,,publish,392,H,,,421,,,IDLE,3884.6137632872023,3884.6137632872023
,422,,,392,422,,mine_H_publish,,,,,,,,IDLE,3884.6137632872023,
392,,,,392,422,3895.61619502147,mine_A_start_withhold,,,,,,423,,WITHHOLD,3891.8971358329,
,,,,393,423,,reorg_or_tip_change,,,423,422,,,,WITHHOLD,3895.61619502147,
,423,,,393,423,,publish,393,A,,,422,,,WITHHOLD,3895.61619502147,3895.61619502147
,,,423,393,423,,release_bn,,,,,,,,WITHHOLD,3895.61619502147,
,,,,393,423,,release_no_race,,,,,,,,WITHHOLD,3895.61619502147,
,,,,394,424,,reorg_or_tip_change,,,424,423,,,,IDLE,3897.5289542731516,
,424,,,394,424,,publish,394,H,,,423,,,IDLE,3897.5289542731516,3897.5289542731516
,424,,,394,424,,mine_H_publish,,,,,,,,IDLE,3897.5289542731516,
,,,,395,425,,reorg_or_tip_change,,,425,424,,,,IDLE,3917.895296376581,
,425,,,395,425,,publish,395,H,,,424,,,IDLE,3917.895296376581,3917.895296376581
,425,,,395,425,,mine_H_publish,,,,,,,,IDLE,3917.895296376581,
395,,,,395,425,3946.625551931298,mine_A_start_withhold,,,,,,426,,WITHHOLD,3942.906492742728,
,,,,396,426,,reorg_or_tip_change,,,426,425,,,,WITHHOLD,3945.1403852602893,
,426,,,396,426,,publish,396,A,,,425,,,WITHHOLD,3945.1403852602893,3945.1403852602893
,,,,397,427,,reorg_or_tip_change,,,427,426,,,,WITHHOLD,3945.1403852602893,
,427,,,397,427,,publish,397,A,,,426,,,WITHHOLD,3945.1403852602893,3945.1403852602893
,,427,426,397,427,,mine_A_withhold_success,,,,,,,,WITHHOLD,3945.1403852602893,
397,,,,397,427,3971.6467819973263,mine_A_start_withhold,,,,,,428,,WITHHOLD,3967.9277228087562,
,,,,398,428,,reorg_or_tip_change,,,428,427,,,,WITHHOLD,3971.6467819973263,
,428,,,398,428,,publish,398,A,,,427,,,WITHHOLD,3971.6467819973263,3971.6467819973263
,,,428,398,428,,release_bn,,,,,,,,WITHHOLD,3971.6467819973263,
,,,,398,428,,release_no_race,,,,,,,,WITHHOLD,3971.6467819973263,
,,,,399,429,,reorg_or_tip_change,,,429,428,,,,IDLE,3975.9553229779012,
,429,,,399,429,,publish,399,H,,,428,,,IDLE,3975.9553229779012,3975.9553229779012
,429,,,399,429,,mine_H_publish,,,,,,,,IDLE,3975.9553229779012,
399,,,,399,429,3991.099878674923,mine_A_start_withhold,,,,,,430,,WITHHOLD,3987.3808194863527,
,,,,400,430,,reorg_or_tip_change,,,430,429,,,,WITHHOLD,3991.099878674923,
,430,,,400,430,,publish,400,A,,,429,,,WITHHOLD,3991.099878674923,3991.099878674923
,,,430,400,430,,release_bn,,,,,,,,WITHHOLD,3991.099878674923,
,,,,400,430,,release_no_race,,,,,,,,WITHHOLD,3991.099878674923,
400,,,,400,430,4000.200915553578,mine_A_start_withhold,,,,,,431,,WITHHOLD,3996.481856365008,
,,,,401,431,,reorg_or_tip_change,,,431,430,,,,WITHHOLD,4000.200915553578,
,431,,,401,431,,publish,401,A,,,430,,,WITHHOLD,4000.200915553578,4000.200915553578
,,,431,401,431,,release_bn,,,,,,,,WITHHOLD,4000.200915553578,
,,,,401,431,,release_no_race,,,,,,,,WITHHOLD,4000.200915553578,
,,,,402,432,,reorg_or_tip_change,,,432,431,,,,IDLE,4033.126392824916,
,432,,,402,432,,publish,402,H,,,431,,,IDLE,4033.126392824916,4033.126392824916
,432,,,402,432,,mine_H_publish,,,,,,,,IDLE,4033.126392824916,
402,,,,402,432,4060.9004550956133,mine_A_start_withhold,,,,,,433,,WITHHOLD,4057.181395907043,
,,,,403,433,,reorg_or_tip_change,,,433,432,,,,WITHHOLD,4060.9004550956133,
,433,,,403,433,,publish,403,A,,,432,,,WITHHOLD,4060.9004550956133,4060.9004550956133
,,,433,403,433,,release_bn,,,,,,,,WITHHOLD,4060.9004550956133,
,,,,403,433,,release_no_race,,,,,,,,WITHHOLD,4060.9004550956133,
403,,,,403,433,4069.041667184761,mine_A_start_withhold,,,,,,434,,WITHHOLD,4065.322607996191,
,,,,404,435,,reorg_or_tip_change,,,435,433,,,,WITHHOLD,4066.8938878424938,
,435,,,404,435,,publish,404,H,,,433,,,WITHHOLD,4066.8938878424938,4066.8938878424938
,435,,,404,435,,mine_H_publish,,,,,,,,WITHHOLD,4066.8938878424938,
,434,,,404,435,,publish,404,A,,,433,,,WITHHOLD,4069.041667184761,4069.041667184761
,,,434,404,435,,release_bn,,,,,,,,WITHHOLD,4069.041667184761,
,,,,404,435,,release_enter_race,,,,,,,434,RACE,4069.041667184761,
,,,,405,436,,reorg_or_tip_change,,,436,435,,,,RACE,4086.754742339074,
,436,,,405,436,,publish,405,A,,,434,,,RACE,4086.754742339074,4086.754742339074
,436,,,405,436,,mine_A_race_success,,,,,,,,RACE,4086.754742339074,
,,,,406,437,,reorg_or_tip_change,,,437,436,,,,IDLE,4087.837696731679,
,437,,,406,437,,publish,406,H,,,436,,,IDLE,4087.837696731679,4087.837696731679
,437,,,406,437,,mine_H_publish,,,,,,,,IDLE,4087.837696731679,
406,,,,406,437,4097.218109531636,mine_A_start_withhold,,,,,,438,,WITHHOLD,4093.499050343066,
,,,,407,439,,reorg_or_tip_change,,,439,437,,,,WITHHOLD,4094.9195550482423,
,439,,,407,439,,publish,407,H,,,437,,,WITHHOLD,4094.9195550482423,4094.9195550482423
,439,,,407,439,,mine_H_publish,,,,,,,,WITHHOLD,4094.9195550482423,
,438,,,407,439,,publish,407,A,,,437,,,WITHHOLD,4097.218109531636,4097.218109531636
,,,438,407,439,,release_bn,,,,,,,,WITHHOLD,4097.218109531636,
,,,,407,439,,release_enter_race,,,,,,,438,RACE,4097.218109531636,
,,,,408,440,,reorg_or_tip_change,,,440,439,,,,RACE,4107.704296099501,
,440,,,408,440,,publish,408,A,,,438,,,RACE,4107.704296099501,4107.704296099501
,440,,,408,440,,mine_A_race_success,,,,,,,,RACE,4107.704296099501,
408,,,,408,440,4145.945151127511,mine_A_start_withhold,,,,,,441,,WITHHOLD,4142.226091938941,
,,,,409,441,,reorg_or_tip_change,,,441,440,,,,WITHHOLD,4145.945151127511,
,441,,,409,441,,publish,409,A,,,440,,,WITHHOLD,4145.945151127511,4145.945151127511
,,,441,409,441,,release_bn,,,,,,,,WITHHOLD,4145.945151127511,
,,,,409,441,,release_no_race,,,,,,,,WITHHOLD,4145.945151127511,
409,,,,409,441,4154.312962521849,mine_A_start_withhold,,,,,,442,,WITHHOLD,4150.593903333279,
,,,,410,443,,reorg_or_tip_change,,,443,441,,,,WITHHOLD,4153.183031766218,
,443,,,410,443,,publish,410,H,,,441,,,WITHHOLD,4153.183031766218,4153.183031766218
,443,,,410,443,,mine_H_publish,,,,,,,,WITHHOLD,4153.183031766218,
,442,,,410,443,,publish,410,A,,,441,,,WITHHOLD,4154.312962521849,4154.312962521849
,,,442,410,443,,release_bn,,,,,,,,WITHHOLD,4154.312962521849,
,,,,410,443,,release_enter_race,,,,,,,442,RACE,4154.312962521849,
,,,,411,444,,reorg_or_tip_change,,,444,443,,,,RACE,4163.362476564877,
,444,,,411,444,,publish,411,A,,,442,,,RACE,4163.362476564877,4163.362476564877
,444,,,411,444,,mine_A_race_success,,,,,,,,RACE,4163.362476564877,
,,,,412,445,,reorg_or_tip_change,,,445,444,,,,IDLE,4169.878209028218,
,445,,,412,445,,publish,412,H,,,444,,,IDLE,4169.878209028218,4169.878209028218
,445,,,412,445,,mine_H_publish,,,,,,,,IDLE,4169.878209028218,
,,,,413,446,,reorg_or_tip_change,,,446,445,,,,IDLE,4181.944508826452,
,446,,,413,446,,publish,413,H,,,445,,,IDLE,4181.944508826452,4181.944508826452
,446,,,413,446,,mine_H_publish,,,,,,,,IDLE,4181.944508826452,
413,,,,413,446,4194.2996729201395,mine_A_start_withhold,,,,,,447,,WITHHOLD,4190.580613731569,
,,,,414,447,,reorg_or_tip_change,,,447,446,,,,WITHHOLD,4191.279559339528,
,447,,,414,447,,publish,414,A,,,446,,,WITHHOLD,4191.279559339528,4191.279559339528
,,,,415,448,,reorg_or_tip_change,,,448,447,,,,WITHHOLD,4191.279559339528,
,448,,,415,448,,publish,415,A,,,447,,,WITHHOLD,4191.279559339528,4191.279559339528
,,448,447,415,448,,mine_A_withhold_success,,,,,,,,WITHHOLD,4191.279559339528,
415,,,,415,448,4199.571263708559,mine_A_start_withhold,,,,,,449,,WITHHOLD,4195.852204519989,
,,,,416,449,,reorg_or_tip_change,,,449,448,,,,WITHHOLD,4199.571263708559,
,449,,,416,449,,publish,416,A,,,448,,,WITHHOLD,4199.571263708559,4199.571263708559
,,,449,416,449,,release_bn,,,,,,,,WITHHOLD,4199.571263708559,
,,,,416,449,,release_no_race,,,,,,,,WITHHOLD,4199.571263708559,
,,,,417,450,,reorg_or_tip_change,,,450,449,,,,IDLE,4200.329874128318,
,450,,,417,450,,publish,417,H,,,449,,,IDLE,4200.329874128318,4200.329874128318
,450,,,417,450,,mine_H_publish,,,,,,,,IDLE,4200.329874128318,
,,,,418,451,,reorg_or_tip_change,,,451,450,,,,IDLE,4218.394394480003,
,451,,,418,451,,publish,418,H,,,450,,,IDLE,4218.394394480003,4218.394394480003
,451,,,418,451,,mine_H_publish,,,,,,,,IDLE,4218.394394480003,
418,,,,418,451,4234.602964240707,mine_A_start_withhold,,,,,,452,,WITHHOLD,4230.8839050521365,
,,,,419,452,,reorg_or_tip_change,,,452,451,,,,WITHHOLD,4234.602964240707,
,452,,,419,452,,publish,419,A,,,451,,,WITHHOLD,4234.602964240707,4234.602964240707
,,,452,419,452,,release_bn,,,,,,,,WITHHOLD,4234.602964240707,
,,,,419,452,,release_no_race,,,,,,,,WITHHOLD,4234.602964240707,
,,,,420,453,,reorg_or_tip_change,,,453,452,,,,IDLE,4250.000996860593,
,453,,,420,453,,publish,420,H,,,452,,,IDLE,4250.000996860593,4250.000996860593
,453,,,420,453,,mine_H_publish,,,,,,,,IDLE,4250.000996860593,
,,,,421,454,,reorg_or_tip_change,,,454,453,,,,IDLE,4279.984991816134,
,454,,,421,454,,publish,421,H,,,453,,,IDLE,4279.984991816134,4279.984991816134
,454,,,421,454,,mine_H_publish,,,,,,,,IDLE,4279.984991816134,
421,,,,421,454,4287.353057804985,mine_A_start_withhold,,,,,,455,,WITHHOLD,4283.633998616415,
,,,,422,455,,reorg_or_tip_change,,,455,454,,,,WITHHOLD,4287.353057804985,
,455,,,422,455,,publish,422,A,,,454,,,WITHHOLD,4287.353057804985,4287.353057804985
,,,455,422,455,,release_bn,,,,,,,,WITHHOLD,4287.353057804985,
,,,,422,455,,release_no_race,,,,,,,,WITHHOLD,4287.353057804985,
422,,,,422,455,4302.182865509484,mine_A_start_withhold,,,,,,456,,WITHHOLD,4298.463806320914,
,,,,423,456,,reorg_or_tip_change,,,456,455,,,,WITHHOLD,4300.343906142706,
,456,,,423,456,,publish,423,A,,,455,,,WITHHOLD,4300.343906142706,4300.343906142706
,,,,424,457,,reorg_or_tip_change,,,457,456,,,,WITHHOLD,4300.343906142706,
,457,,,424,457,,publish,424,A,,,456,,,WITHHOLD,4300.343906142706,4300.343906142706
,,457,456,424,457,,mine_A_withhold_success,,,,,,,,WITHHOLD,4300.343906142706,
424,,,,424,457,4318.138678527464,mine_A_start_withhold,,,,,,458,,WITHHOLD,4314.419619338894,
,,,,425,458,,reorg_or_tip_change,,,458,457,,,,WITHHOLD,4318.138678527464,
,458,,,425,458,,publish,425,A,,,457,,,WITHHOLD,4318.138678527464,4318.138678527464
,,,458,425,458,,release_bn,,,,,,,,WITHHOLD,4318.138678527464,
,,,,425,458,,release_no_race,,,,,,,,WITHHOLD,4318.138678527464,
,,,,426,459,,reorg_or_tip_change,,,459,458,,,,IDLE,4336.5466775611085,
,459,,,426,459,,publish,426,H,,,458,,,IDLE,4336.5466775611085,4336.5466775611085
,459,,,426,459,,mine_H_publish,,,,,,,,IDLE,4336.5466775611085,
,,,,427,460,,reorg_or_tip_change,,,460,459,,,,IDLE,4347.434248024313,
,460,,,427,460,,publish,427,H,,,459,,,IDLE,4347.434248024313,4347.434248024313
,460,,,427,460,,mine_H_publish,,,,,,,,IDLE,4347.434248024313,
,,,,428,461,,reorg_or_tip_change,,,461,460,,,,IDLE,4351.905923269477,
,461,,,428,461,,publish,428,H,,,460,,,IDLE,4351.905923269477,4351.905923269477
,461,,,428,461,,mine_H_publish,,,,,,,,IDLE,4351.905923269477,
428,,,,428,461,4358.7628387779205,mine_A_start_withhold,,,,,,462,,WITHHOLD,4355.04377958935,
,,,,429,462,,reorg_or_tip_change,,,462,461,,,,WITHHOLD,4358.7628387779205,
,462,,,429,462,,publish,429,A,,,461,,,WITHHOLD,4358.7628387779205,4358.7628387779205
,,,462,429,462,,release_bn,,,,,,,,WITHHOLD,4358.7628387779205,
,,,,429,462,,release_no_race,,,,,,,,WITHHOLD,4358.7628387779205,
,,,,430,463,,reorg_or_tip_change,,,463,462,,,,IDLE,4364.695482873254,
,463,,,430,463,,publish,430,H,,,462,,,IDLE,4364.695482873254,4364.695482873254
,463,,,430,463,,mine_H_publish,,,,,,,,IDLE,4364.695482873254,
,,,,431,464,,reorg_or_tip_change,,,464,463,,,,IDLE,4371.351120674796,
,464,,,431,464,,publish,431,H,,,463,,,IDLE,4371.351120674796,4371.351120674796
,464,,,431,464,,mine_H_publish,,,,,,,,IDLE,4371.351120674796,
431,,,,431,464,4384.049543068989,mine_A_start_withhold,,,,,,465,,WITHHOLD,4380.330483880419,
,,,,432,466,,reorg_or_tip_change,,,466,464,,,,WITHHOLD,4380.40822529392,
,466,,,432,466,,publish,432,H,,,464,,,WITHHOLD,4380.40822529392,4380.40822529392
,466,,,432,466,,mine_H_publish,,,,,,,,WITHHOLD,4380.40822529392,
,465,,,432,466,,publish,432,A,,,464,,,WITHHOLD,4384.049543068989,4384.049543068989
,,,465,432,466,,release_bn,,,,,,,,WITHHOLD,4384.049543068989,
,,,,432,466,,release_enter_race,,,,,,,465,RACE,4384.049543068989,
,,,,433,467,,reorg_or_tip_change,,,467,466,,,,RACE,4384.983386918483,
,467,,,433,467,,publish,433,A,,,465,,,RACE,4384.983386918483,4384.983386918483
,467,,,433,467,,mine_A_race_success,,,,,,,,RACE,4384.983386918483,
,,,,434,468,,reorg_or_tip_change,,,468,467,,,,IDLE,4389.299740787845,
,468,,,434,468,,publish,434,H,,,467,,,IDLE,4389.299740787845,4389.299740787845
,468,,,434,468,,mine_H_publish,,,,,,,,IDLE,4389.299740787845,
434,,,,434,468,4406.974865869089,mine_A_start_withhold,,,,,,469,,WITHHOLD,4403.255806680519,
,,,,435,469,,reorg_or_tip_change,,,469,468,,,,WITHHOLD,4406.974865869089,
,469,,,435,469,,publish,435,A,,,468,,,WITHHOLD,4406.974865869089,4406.974865869089
,,,469,435,469,,release_bn,,,,,,,,WITHHOLD,4406.974865869089,
,,,,435,469,,release_no_race,,,,,,,,WITHHOLD,4406.974865869089,
,,,,436,470,,reorg_or_tip_change,,,470,469,,,,IDLE,4430.793849338493,
,470,,,436,470,,publish,436,H,,,469,,,IDLE,4430.793849338493,4430.793849338493
,470,,,436,470,,mine_H_publish,,,,,,,,IDLE,4430.793849338493,
,,,,437,471,,reorg_or_tip_change,,,471,470,,,,IDLE,4448.9129602339635,
,471,,,437,471,,publish,437,H,,,470,,,IDLE,4448.9129602339635,4448.9129602339635
,471,,,437,471,,mine_H_publish,,,,,,,,IDLE,4448.9129602339635,
437,,,,437,471,4468.106428870902,mine_A_start_withhold,,,,,,472,,WITHHOLD,4464.387369682332,
,,,,438,472,,reorg_or_tip_change,,,472,471,,,,WITHHOLD,4468.106428870902,
,472,,,438,472,,publish,438,A,,,471,,,WITHHOLD,4468.106428870902,4468.106428870902
,,,472,438,472,,release_bn,,,,,,,,WITHHOLD,4468.106428870902,
,,,,438,472,,release_no_race,,,,,,,,WITHHOLD,4468.106428870902,
438,,,,438,472,4477.410708115655,mine_A_start_withhold,,,,,,473,,WITHHOLD,4473.691648927085,
,,,,439,473,,reorg_or_tip_change,,,473,472,,,,WITHHOLD,4477.410708115655,
,473,,,439,473,,publish,439,A,,,472,,,WITHHOLD,4477.410708115655,4477.410708115655
,,,473,439,473,,release_bn,,,,,,,,WITHHOLD,4477.410708115655,
,,,,439,473,,release_no_race,,,,,,,,WITHHOLD,4477.410708115655,
439,,,,439,473,4488.585307693689,mine_A_start_withhold,,,,,,474,,WITHHOLD,4484.866248505119,
,,,,440,474,,reorg_or_tip_change,,,474,473,,,,WITHHOLD,4488.585307693689,
,474,,,440,474,,publish,440,A,,,473,,,WITHHOLD,4488.585307693689,4488.585307693689
,,,474,440,474,,release_bn,,,,,,,,WITHHOLD,4488.585307693689,
,,,,440,474,,release_no_race,,,,,,,,WITHHOLD,4488.585307693689,
440,,,,440,474,4503.632638047824,mine_A_start_withhold,,,,,,475,,WITHHOLD,4499.913578859254,
,,,,441,475,,reorg_or_tip_change,,,475,474,,,,WITHHOLD,4503.632638047824,
,475,,,441,475,,publish,441,A,,,474,,,WITHHOLD,4503.632638047824,4503.632638047824
,,,475,441,475,,release_bn,,,,,,,,WITHHOLD,4503.632638047824,
,,,,441,475,,release_no_race,,,,,,,,WITHHOLD,4503.632638047824,
,,,,442,476,,reorg_or_tip_change,,,476,475,,,,IDLE,4505.820817098214,
,476,,,442,476,,publish,442,H,,,475,,,IDLE,4505.820817098214,4505.820817098214
,476,,,442,476,,mine_H_publish,,,,,,,,IDLE,4505.820817098214,
442,,,,442,476,4520.17210458279,mine_A_start_withhold,,,,,,477,,WITHHOLD,4516.45304539422,
,,,,443,477,,reorg_or_tip_change,,,477,476,,,,WITHHOLD,4520.17210458279,
,477,,,443,477,,publish,443,A,,,476,,,WITHHOLD,4520.17210458279,4520.17210458279
,,,477,443,477,,release_bn,,,,,,,,WITHHOLD,4520.17210458279,
,,,,443,477,,release_no_race,,,,,,,,WITHHOLD,4520.17210458279,
,,,,444,478,,reorg_or_tip_change,,,478,477,,,,IDLE,4535.795296829705,
,478,,,444,478,,publish,444,H,,,477,,,IDLE,4535.795296829705,4535.795296829705
,478,,,444,478,,mine_H_publish,,,,,,,,IDLE,4535.795296829705,
,,,,445,479,,reorg_or_tip_change,,,479,478,,,,IDLE,4537.211831090845,
,479,,,445,479,,publish,445,H,,,478,,,IDLE,4537.211831090845,4537.211831090845
,479,,,445,479,,mine_H_publish,,,,,,,,IDLE,4537.211831090845,
445,,,,445,479,4545.6535507422905,mine_A_start_withhold,,,,,,480,,WITHHOLD,4541.93449155372,
,,,,446,480,,reorg_or_tip_change,,,480,479,,,,WITHHOLD,4545.6535507422905,
,480,,,446,480,,publish,446,A,,,479,,,WITHHOLD,4545.6535507422905,4545.6535507422905
,,,480,446,480,,release_bn,,,,,,,,WITHHOLD,4545.6535507422905,
,,,,446,480,,release_no_race,,,,,,,,WITHHOLD,4545.6535507422905,
,,,,447,481,,reorg_or_tip_change,,,481,480,,,,IDLE,4547.640645882196,
,481,,,447,481,,publish,447,H,,,480,,,IDLE,4547.640645882196,4547.640645882196
,481,,,447,481,,mine_H_publish,,,,,,,,IDLE,4547.640645882196,
447,,,,447,481,4555.328021476773,mine_A_start_withhold,,,,,,482,,WITHHOLD,4551.608962288203,
,,,,448,483,,reorg_or_tip_change,,,483,481,,,,WITHHOLD,4552.853431504052,
,483,,,448,483,,publish,448,H,,,481,,,WITHHOLD,4552.853431504052,4552.853431504052
,483,,,448,483,,mine_H_publish,,,,,,,,WITHHOLD,4552.853431504052,
,482,,,448,483,,publish,448,A,,,481,,,WITHHOLD,4555.328021476773,4555.328021476773
,,,482,448,483,,release_bn,,,,,,,,WITHHOLD,4555.328021476773,
,,,,448,483,,release_enter_race,,,,,,,482,RACE,4555.328021476773,
,,,,449,484,,reorg_or_tip_change,,,484,483,,,,RACE,4583.577049220589,
,484,,,449,484,,publish,449,A,,,482,,,RACE,4583.577049220589,4583.577049220589
,484,,,449,484,,mine_A_race_success,,,,,,,,RACE,4583.577049220589,
449,,,,449,484,4594.131353300621,mine_A_start_withhold,,,,,,485,,WITHHOLD,4590.412294112051,
,,,,450,485,,reorg_or_tip_change,,,485,484,,,,WITHHOLD,4594.131353300621,
,485,,,450,485,,publish,450,A,,,484,,,WITHHOLD,4594.131353300621,4594.131353300621
,,,485,450,485,,release_bn,,,,,,,,WITHHOLD,4594.131353300621,
,,,,450,485,,release_no_race,,,,,,,,WITHHOLD,4594.131353300621,
450,,,,450,485,4631.587416984462,mine_A_start_withhold,,,,,,486,,WITHHOLD,4627.868357795892,
,,,,451,487,,reorg_or_tip_change,,,487,485,,,,WITHHOLD,4629.260949443254,
,487,,,451,487,,publish,451,H,,,485,,,WITHHOLD,4629.260949443254,4629.260949443254
,487,,,451,487,,mine_H_publish,,,,,,,,WITHHOLD,4629.260949443254,
,486,,,451,487,,publish,451,A,,,485,,,WITHHOLD,4631.587416984462,4631.587416984462
,,,486,451,487,,release_bn,,,,,,,,WITHHOLD,4631.587416984462,
,,,,451,487,,release_enter_race,,,,,,,486,RACE,4631.587416984462,
,,,,452,488,,reorg_or_tip_change,,,488,487,,,,RACE,4638.508272224166,
,488,,,452,488,,publish,452,A,,,486,,,RACE,4638.508272224166,4638.508272224166
,488,,,452,488,,mine_A_race_success,,,,,,,,RACE,4638.508272224166,
,,,,453,489,,reorg_or_tip_change,,,489,488,,,,IDLE,4658.55642767448,
,489,,,453,489,,publish,453,H,,,488,,,IDLE,4658.55642767448,4658.55642767448
,489,,,453,489,,mine_H_publish,,,,,,,,IDLE,4658.55642767448,
453,,,,453,489,4663.0117398709945,mine_A_start_withhold,,,,,,490,,WITHHOLD,4659.292680682424,
,,,,454,490,,reorg_or_tip_change,,,490,489,,,,WITHHOLD,4663.0117398709945,
,490,,,454,490,,publish,454,A,,,489,,,WITHHOLD,4663.0117398709945,4663.0117398709945
,,,490,454,490,,release_bn,,,,,,,,WITHHOLD,4663.0117398709945,
,,,,454,490,,release_no_race,,,,,,,,WITHHOLD,4663.0117398709945,
454,,,,454,490,4682.37895913483,mine_A_start_withhold,,,,,,491,,WITHHOLD,4678.65989994626,
,,,,455,491,,reorg_or_tip_change,,,491,490,,,,WITHHOLD,4679.582366174384,
,491,,,455,491,,publish,455,A,,,490,,,WITHHOLD,4679.582366174384,4679.582366174384
,,,,456,492,,reorg_or_tip_change,,,492,491,,,,WITHHOLD,4679.582366174384,
,492,,,456,492,,publish,456,A,,,491,,,WITHHOLD,4679.582366174384,4679.582366174384
,,492,491,456,492,,mine_A_withhold_success,,,,,,,,WITHHOLD,4679.582366174384,
456,,,,456,492,4685.464006928961,mine_A_start_withhold,,,,,,493,,WITHHOLD,4681.744947740391,
,,,,457,493,,reorg_or_tip_change,,,493,492,,,,WITHHOLD,4685.464006928961,
,493,,,457,493,,publish,457,A,,,492,,,WITHHOLD,4685.464006928961,4685.464006928961
,,,493,457,493,,release_bn,,,,,,,,WITHHOLD,4685.464006928961,
,,,,457,493,,release_no_race,,,,,,,,WITHHOLD,4685.464006928961,
,,,,458,494,,reorg_or_tip_change,,,494,493,,,,IDLE,4687.711623004026,
,494,,,458,494,,publish,458,H,,,493,,,IDLE,4687.711623004026,4687.711623004026
,494,,,458,494,,mine_H_publish,,,,,,,,IDLE,4687.711623004026,
458,,,,458,494,4701.134751205011,mine_A_start_withhold,,,,,,495,,WITHHOLD,4697.4156920164405,
,,,,459,495,,reorg_or_tip_change,,,495,494,,,,WITHHOLD,4701.134751205011,
,495,,,459,495,,publish,459,A,,,494,,,WITHHOLD,4701.134751205011,4701.134751205011
,,,495,459,495,,release_bn,,,,,,,,WITHHOLD,4701.134751205011,
,,,,459,495,,release_no_race,,,,,,,,WITHHOLD,4701.134751205011,
,,,,460,496,,reorg_or_tip_change,,,496,495,,,,IDLE,4702.8526839630895,
,496,,,460,496,,publish,460,H,,,495,,,IDLE,4702.8526839630895,4702.8526839630895
,496,,,460,496,,mine_H_publish,,,,,,,,IDLE,4702.8526839630895,
460,,,,460,496,4710.831085569417,mine_A_start_withhold,,,,,,497,,WITHHOLD,4707.112026380847,
,,,,461,498,,reorg_or_tip_change,,,498,496,,,,WITHHOLD,4708.962991374847,
,498,,,461,498,,publish,461,H,,,496,,,WITHHOLD,4708.962991374847,4708.962991374847
,498,,,461,498,,mine_H_publish,,,,,,,,WITHHOLD,4708.962991374847,
,497,,,461,498,,publish,461,A,,,496,,,WITHHOLD,4710.831085569417,4710.831085569417
,,,497,461,498,,release_bn,,,,,,,,WITHHOLD,4710.831085569417,
,,,,461,498,,release_enter_race,,,,,,,497,RACE,4710.831085569417,
,,,,462,499,,reorg_or_tip_change,,,499,498,,,,RACE,4721.001355434131,
,499,,,462,499,,publish,462,A,,,497,,,RACE,4721.001355434131,4721.001355434131
,499,,,462,499,,mine_A_race_success,,,,,,,,RACE,4721.001355434131,
462,,,,462,499,4730.415045094046,mine_A_start_withhold,,,,,,500,,WITHHOLD,4726.695985905476,
,,,,463,500,,reorg_or_tip_change,,,500,499,,,,WITHHOLD,4726.9878478553355,
,500,,,463,500,,publish,463,A,,,499,,,WITHHOLD,4726.9878478553355,4726.9878478553355
,,,,464,501,,reorg_or_tip_change,,,501,500,,,,WITHHOLD,4726.9878478553355,
,501,,,464,501,,publish,464,A,,,500,,,WITHHOLD,4726.9878478553355,4726.9878478553355
,,501,500,464,501,,mine_A_withhold_success,,,,,,,,WITHHOLD,4726.9878478553355,
,,,,465,502,,reorg_or_tip_change,,,502,501,,,,IDLE,4727.9008361687365,
,502,,,465,502,,publish,465,H,,,501,,,IDLE,4727.9008361687365,4727.9008361687365
,502,,,465,502,,mine_H_publish,,,,,,,,IDLE,4727.9008361687365,
465,,,,465,502,4734.79086745345,mine_A_start_withhold,,,,,,503,,WITHHOLD,4731.07180826488,
,,,,466,503,,reorg_or_tip_change,,,503,502,,,,WITHHOLD,4733.118907592188,
,503,,,466,503,,publish,466,A,,,502,,,WITHHOLD,4733.118907592188,4733.118907592188
,,,,467,504,,reorg_or_tip_change,,,504,503,,,,WITHHOLD,4733.118907592188,
,504,,,467,504,,publish,467,A,,,503,,,WITHHOLD,4733.118907592188,4733.118907592188
,,504,503,467,504,,mine_A_withhold_success,,,,,,,,WITHHOLD,4733.118907592188,
,,,,468,505,,reorg_or_tip_change,,,505,504,,,,IDLE,4741.0557704906205,
,505,,,468,505,,publish,468,H,,,504,,,IDLE,4741.0557704906205,4741.0557704906205
,505,,,468,505,,mine_H_publish,,,,,,,,IDLE,4741.0557704906205,
468,,,,468,505,4748.546195704525,mine_A_start_withhold,,,,,,506,,WITHHOLD,4744.827136515955,
,,,,469,506,,reorg_or_tip_change,,,506,505,,,,WITHHOLD,4748.546195704525,
,506,,,469,506,,publish,469,A,,,505,,,WITHHOLD,4748.546195704525,4748.546195704525
,,,506,469,506,,release_bn,,,,,,,,WITHHOLD,4748.546195704525,
,,,,469,506,,release_no_race,,,,,,,,WITHHOLD,4748.546195704525,
469,,,,469,506,4782.214211414529,mine_A_start_withhold,,,,,,507,,WITHHOLD,4778.495152225959,
,,,,470,507,,reorg_or_tip_change,,,507,506,,,,WITHHOLD,4782.214211414529,
,507,,,470,507,,publish,470,A,,,506,,,WITHHOLD,4782.214211414529,4782.214211414529
,,,507,470,507,,release_bn,,,,,,,,WITHHOLD,4782.214211414529,
,,,,470,507,,release_no_race,,,,,,,,WITHHOLD,4782.214211414529,
470,,,,470,507,4806.806687053083,mine_A_start_withhold,,,,,,508,,WITHHOLD,4803.087627864513,
,,,,471,508,,reorg_or_tip_change,,,508,507,,,,WITHHOLD,4804.120533012035,
,508,,,471,508,,publish,471,A,,,507,,,WITHHOLD,4804.120533012035,4804.120533012035
,,,,472,509,,reorg_or_tip_change,,,509,508,,,,WITHHOLD,4804.120533012035,
,509,,,472,509,,publish,472,A,,,508,,,WITHHOLD,4804.120533012035,4804.120533012035
,,509,508,472,509,,mine_A_withhold_success,,,,,,,,WITHHOLD,4804.120533012035,
472,,,,472,509,4812.7050512651,mine_A_start_withhold,,,,,,510,,WITHHOLD,4808.98599207653,
,,,,473,510,,reorg_or_tip_change,,,510,509,,,,WITHHOLD,4812.7050512651,
,510,,,473,510,,publish,473,A,,,509,,,WITHHOLD,4812.7050512651,4812.7050512651
,,,510,473,510,,release_bn,,,,,,,,WITHHOLD,4812.7050512651,
,,,,473,510,,release_no_race,,,,,,,,WITHHOLD,4812.7050512651,
,,,,474,511,,reorg_or_tip_change,,,511,510,,,,IDLE,4814.620824575156,
,511,,,474,511,,publish,474,H,,,510,,,IDLE,4814.620824575156,4814.620824575156
,511,,,474,511,,mine_H_publish,,,,,,,,IDLE,4814.620824575156,
474,,,,474,511,4820.9396499239665,mine_A_start_withhold,,,,,,512,,WITHHOLD,4817.220590735396,
,,,,475,513,,reorg_or_tip_change,,,513,511,,,,WITHHOLD,4818.508186341976,
,513,,,475,513,,publish,475,H,,,511,,,WITHHOLD,4818.508186341976,4818.508186341976
,513,,,475,513,,mine_H_publish,,,,,,,,WITHHOLD,4818.508186341976,
,512,,,475,513,,publish,475,A,,,511,,,WITHHOLD,4819.3037910247385,4819.3037910247385
,,,,476,514,,reorg_or_tip_change,,,514,513,,,,WITHHOLD,4819.3037910247385,
,514,,,476,514,,publish,476,A,,,512,,,WITHHOLD,4819.3037910247385,4819.3037910247385
,,514,512,476,514,,mine_A_withhold_success,,,,,,,,WITHHOLD,4819.3037910247385,
,,,,477,515,,reorg_or_tip_change,,,515,514,,,,IDLE,4828.172122323497,
,515,,,477,515,,publish,477,H,,,514,,,IDLE,4828.172122323497,4828.172122323497
,515,,,477,515,,mine_H_publish,,,,,,,,IDLE,4828.172122323497,
477,,,,477,515,4832.740845778393,mine_A_start_withhold,,,,,,516,,WITHHOLD,4829.021786589823,
,,,,478,516,,reorg_or_tip_change,,,516,515,,,,WITHHOLD,4832.740845778393,
,516,,,478,516,,publish,478,A,,,515,,,WITHHOLD,4832.740845778393,4832.740845778393
,,,516,478,516,,release_bn,,,,,,,,WITHHOLD,4832.740845778393,
,,,,478,516,,release_no_race,,,,,,,,WITHHOLD,4832.740845778393,
478,,,,478,516,4842.985967414207,mine_A_start_withhold,,,,,,517,,WITHHOLD,4839.266908225637,
,,,,479,517,,reorg_or_tip_change,,,517,516,,,,WITHHOLD,4842.985967414207,
,517,,,479,517,,publish,479,A,,,516,,,WITHHOLD,4842.985967414207,4842.985967414207
,,,517,479,517,,release_bn,,,,,,,,WITHHOLD,4842.985967414207,
,,,,479,517,,release_no_race,,,,,,,,WITHHOLD,4842.985967414207,
479,,,,479,517,4886.428855737271,mine_A_start_withhold,,,,,,518,,WITHHOLD,4882.709796548701,
,,,,480,518,,reorg_or_tip_change,,,518,517,,,,WITHHOLD,4884.481891045482,
,518,,,480,518,,publish,480,A,,,517,,,WITHHOLD,4884.481891045482,4884.481891045482
,,,,481,519,,reorg_or_tip_change,,,519,518,,,,WITHHOLD,4884.481891045482,
,519,,,481,519,,publish,481,A,,,518,,,WITHHOLD,4884.481891045482,4884.481891045482
,,519,518,481,519,,mine_A_withhold_success,,,,,,,,WITHHOLD,4884.481891045482,
,,,,482,520,,reorg_or_tip_change,,,520,519,,,,IDLE,4890.3560812736605,
,520,,,482,520,,publish,482,H,,,519,,,IDLE,4890.3560812736605,4890.3560812736605
,520,,,482,520,,mine_H_publish,,,,,,,,IDLE,4890.3560812736605,
482,,,,482,520,4897.229568953205,mine_A_start_withhold,,,,,,521,,WITHHOLD,4893.510509764635,
,,,,483,521,,reorg_or_tip_change,,,521,520,,,,WITHHOLD,4897.229568953205,
,521,,,483,521,,publish,483,A,,,520,,,WITHHOLD,4897.229568953205,4897.229568953205
,,,521,483,521,,release_bn,,,,,,,,WITHHOLD,4897.229568953205,
,,,,483,521,,release_no_race,,,,,,,,WITHHOLD,4897.229568953205,
483,,,,483,521,4904.044589676976,mine_A_start_withhold,,,,,,522,,WITHHOLD,4900.325530488406,
,,,,484,522,,reorg_or_tip_change,,,522,521,,,,WITHHOLD,4904.044589676976,
,522,,,484,522,,publish,484,A,,,521,,,WITHHOLD,4904.044589676976,4904.044589676976
,,,522,484,522,,release_bn,,,,,,,,WITHHOLD,4904.044589676976,
,,,,484,522,,release_no_race,,,,,,,,WITHHOLD,4904.044589676976,
,,,,485,523,,reorg_or_tip_change,,,523,522,,,,IDLE,4909.841229259892,
,523,,,485,523,,publish,485,H,,,522,,,IDLE,4909.841229259892,4909.841229259892
,523,,,485,523,,mine_H_publish,,,,,,,,IDLE,4909.841229259892,
485,,,,485,523,4914.682730105666,mine_A_start_withhold,,,,,,524,,WITHHOLD,4910.963670917096,
,,,,486,525,,reorg_or_tip_change,,,525,523,,,,WITHHOLD,4912.109538359258,
,525,,,486,525,,publish,486,H,,,523,,,WITHHOLD,4912.109538359258,4912.109538359258
,525,,,486,525,,mine_H_publish,,,,,,,,WITHHOLD,4912.109538359258,
,524,,,486,525,,publish,486,A,,,523,,,WITHHOLD,4914.682730105666,4914.682730105666
,,,524,486,525,,release_bn,,,,,,,,WITHHOLD,4914.682730105666,
,,,,486,525,,release_enter_race,,,,,,,524,RACE,4914.682730105666,
,,,,487,526,,reorg_or_tip_change,,,526,525,,,,RACE,4914.87194785114,
,526,,,487,526,,publish,487,H,,,525,,,RACE,4914.87194785114,4914.87194785114
,526,,,487,526,,mine_H_publish,,,,,,,,RACE,4914.87194785114,
,,,,487,526,,race_lost,,,,,,,,RACE,4914.87194785114,
487,,,,487,526,4920.549455207078,mine_A_start_withhold,,,,,,527,,WITHHOLD,4916.830396018508,
,,,,488,527,,reorg_or_tip_change,,,527,526,,,,WITHHOLD,4920.549455207078,
,527,,,488,527,,publish,488,A,,,526,,,WITHHOLD,4920.549455207078,4920.549455207078
,,,527,488,527,,release_bn,,,,,,,,WITHHOLD,4920.549455207078,
,,,,488,527,,release_no_race,,,,,,,,WITHHOLD,4920.549455207078,
488,,,,488,527,4926.52243336457,mine_A_start_withhold,,,,,,528,,WITHHOLD,4922.803374176,
,,,,489,528,,reorg_or_tip_change,,,528,527,,,,WITHHOLD,4926.003705950474,
,528,,,489,528,,publish,489,A,,,527,,,WITHHOLD,4926.003705950474,4926.003705950474
,,,,490,529,,reorg_or_tip_change,,,529,528,,,,WITHHOLD,4926.003705950474,
,529,,,490,529,,publish,490,A,,,528,,,WITHHOLD,4926.003705950474,4926.003705950474
,,529,528,490,529,,mine_A_withhold_success,,,,,,,,WITHHOLD,4926.003705950474,
490,,,,490,529,4936.019516462962,mine_A_start_withhold,,,,,,530,,WITHHOLD,4932.300457274392,
,,,,491,530,,reorg_or_tip_change,,,530,529,,,,WITHHOLD,4932.4716306124465,
,530,,,491,530,,publish,491,A,,,529,,,WITHHOLD,4932.4716306124465,4932.4716306124465
,,,,492,531,,reorg_or_tip_change,,,531,530,,,,WITHHOLD,4932.4716306124465,
,531,,,492,531,,publish,492,A,,,530,,,WITHHOLD,4932.4716306124465,4932.4716306124465
,,531,530,492,531,,mine_A_withhold_success,,,,,,,,WITHHOLD,4932.4716306124465,
492,,,,492,531,4943.162106276904,mine_A_start_withhold,,,,,,532,,WITHHOLD,4939.4430470883335,
,,,,493,532,,reorg_or_tip_change,,,532,531,,,,WITHHOLD,4943.162106276904,
,532,,,493,532,,publish,493,A,,,531,,,WITHHOLD,4943.162106276904,4943.162106276904
,,,532,493,532,,release_bn,,,,,,,,WITHHOLD,4943.162106276904,
,,,,493,532,,release_no_race,,,,,,,,WITHHOLD,4943.162106276904,
493,,,,493,532,4952.265845280202,mine_A_start_withhold,,,,,,533,,WITHHOLD,4948.5467860916315,
,,,,494,533,,reorg_or_tip_change,,,533,532,,,,WITHHOLD,4952.097805444017,
,533,,,494,533,,publish,494,A,,,532,,,WITHHOLD,4952.097805444017,4952.097805444017
,,,,495,534,,reorg_or_tip_change,,,534,533,,,,WITHHOLD,4952.097805444017,
,534,,,495,534,,publish,495,A,,,533,,,WITHHOLD,4952.097805444017,4952.097805444017
,,534,533,495,534,,mine_A_withhold_success,,,,,,,,WITHHOLD,4952.097805444017,
495,,,,495,534,4968.338241943973,mine_A_start_withhold,,,,,,535,,WITHHOLD,4964.619182755403,
,,,,496,535,,reorg_or_tip_change,,,535,534,,,,WITHHOLD,4968.338241943973,
,535,,,496,535,,publish,496,A,,,534,,,WITHHOLD,4968.338241943973,4968.338241943973
,,,535,496,535,,release_bn,,,,,,,,WITHHOLD,4968.338241943973,
,,,,496,535,,release_no_race,,,,,,,,WITHHOLD,4968.338241943973,
,,,,497,536,,reorg_or_tip_change,,,536,535,,,,IDLE,4976.296027449335,
,536,,,497,536,,publish,497,H,,,535,,,IDLE,4976.296027449335,4976.296027449335
,536,,,497,536,,mine_H_publish,,,,,,,,IDLE,4976.296027449335,
497,,,,497,536,4991.315489575787,mine_A_start_withhold,,,,,,537,,WITHHOLD,4987.596430387217,
,,,,498,537,,reorg_or_tip_change,,,537,536,,,,WITHHOLD,4991.315489575787,
,537,,,498,537,,publish,498,A,,,536,,,WITHHOLD,4991.315489575787,4991.315489575787
,,,537,498,537,,release_bn,,,,,,,,WITHHOLD,4991.315489575787,
,,,,498,537,,release_no_race,,,,,,,,WITHHOLD,4991.315489575787,
,,,,499,538,,reorg_or_tip_change,,,538,537,,,,IDLE,5001.676205671072,
,538,,,499,538,,publish,499,H,,,537,,,IDLE,5001.676205671072,5001.676205671072
,538,,,499,538,,mine_H_publish,,,,,,,,IDLE,5001.676205671072,
,,,,500,539,,reorg_or_tip_change,,,539,538,,,,IDLE,5004.07369525409,
,539,,,500,539,,publish,500,H,,,538,,,IDLE,5004.07369525409,5004.07369525409
,539,,,500,539,,mine_H_publish,,,,,,,,IDLE,5004.07369525409,
500,,,,500,539,5017.756762906462,mine_A_start_withhold,,,,,,540,,WITHHOLD,5014.037703717892,
,,,,501,540,,reorg_or_tip_change,,,540,539,,,,WITHHOLD,5017.756762906462,
,540,,,501,540,,publish,501,A,,,539,,,WITHHOLD,5017.756762906462,5017.756762906462
,,,540,501,540,,release_bn,,,,,,,,WITHHOLD,5017.756762906462,
,,,,501,540,,release_no_race,,,,,,,,WITHHOLD,5017.756762906462,
,,,,502,541,,reorg_or_tip_change,,,541,540,,,,IDLE,5018.655249429084,
,541,,,502,541,,publish,502,H,,,540,,,IDLE,5018.655249429084,5018.655249429084
,541,,,502,541,,mine_H_publish,,,,,,,,IDLE,5018.655249429084,
,,,,503,542,,reorg_or_tip_change,,,542,541,,,,IDLE,5031.392882685617,
,542,,,503,542,,publish,503,H,,,541,,,IDLE,5031.392882685617,5031.392882685617
,542,,,503,542,,mine_H_publish,,,,,,,,IDLE,5031.392882685617,
503,,,,503,542,5040.636842299387,mine_A_start_withhold,,,,,,543,,WITHHOLD,5036.917783110817,
,,,,504,543,,reorg_or_tip_change,,,543,542,,,,WITHHOLD,5040.636842299387,
,543,,,504,543,,publish,504,A,,,542,,,WITHHOLD,5040.636842299387,5040.636842299387
,,,543,504,543,,release_bn,,,,,,,,WITHHOLD,5040.636842299387,
,,,,504,543,,release_no_race,,,,,,,,WITHHOLD,5040.636842299387,
504,,,,504,543,5052.401834360828,mine_A_start_withhold,,,,,,544,,WITHHOLD,5048.682775172258,
,,,,505,544,,reorg_or_tip_change,,,544,543,,,,WITHHOLD,5048.720445108362,
,544,,,505,544,,publish,505,A,,,543,,,WITHHOLD,5048.720445108362,5048.720445108362
,,,,506,545,,reorg_or_tip_change,,,545,544,,,,WITHHOLD,5048.720445108362,
,545,,,506,545,,publish,506,A,,,544,,,WITHHOLD,5048.720445108362,5048.720445108362
,,545,544,506,545,,mine_A_withhold_success,,,,,,,,WITHHOLD,5048.720445108362,
506,,,,506,545,5064.27695253292,mine_A_start_withhold,,,,,,546,,WITHHOLD,5060.55789334435,
,,,,507,546,,reorg_or_tip_change,,,546,545,,,,WITHHOLD,5064.27695253292,
,546,,,507,546,,publish,507,A,,,545,,,WITHHOLD,5064.27695253292,5064.27695253292
,,,546,507,546,,release_bn,,,,,,,,WITHHOLD,5064.27695253292,
,,,,507,546,,release_no_race,,,,,,,,WITHHOLD,5064.27695253292,
507,,,,507,546,5074.466508080786,mine_A_start_withhold,,,,,,547,,WITHHOLD,5070.747448892216,
,,,,508,547,,reorg_or_tip_change,,,547,546,,,,WITHHOLD,5072.378834142037,
,547,,,508,547,,publish,508,A,,,546,,,WITHHOLD,5072.378834142037,5072.378834142037
,,,,509,548,,reorg_or_tip_change,,,548,547,,,,WITHHOLD,5072.378834142037,
,548,,,509,548,,publish,509,A,,,547,,,WITHHOLD,5072.378834142037,5072.378834142037
,,548,547,509,548,,mine_A_withhold_success,,,,,,,,WITHHOLD,5072.378834142037,
509,,,,509,548,5086.907707488192,mine_A_start_withhold,,,,,,549,,WITHHOLD,5083.1886482996215,
,,,,510,549,,reorg_or_tip_change,,,549,548,,,,WITHHOLD,5086.907707488192,
,549,,,510,549,,publish,510,A,,,548,,,WITHHOLD,5086.907707488192,5086.907707488192
,,,549,510,549,,release_bn,,,,,,,,WITHHOLD,5086.907707488192,
,,,,510,549,,release_no_race,,,,,,,,WITHHOLD,5086.907707488192,
,,,,511,550,,reorg_or_tip_change,,,550,549,,,,IDLE,5095.61737611398,
,550,,,511,550,,publish,511,H,,,549,,,IDLE,5095.61737611398,5095.61737611398
,550,,,511,550,,mine_H_publish,,,,,,,,IDLE,5095.61737611398,
511,,,,511,550,5101.399355014263,mine_A_start_withhold,,,,,,551,,WITHHOLD,5097.680295825693,
,,,,512,551,,reorg_or_tip_change,,,551,550,,,,WITHHOLD,5101.399355014263,
,551,,,512,551,,publish,512,A,,,550,,,WITHHOLD,5101.399355014263,5101.399355014263
,,,551,512,551,,release_bn,,,,,,,,WITHHOLD,5101.399355014263,
,,,,512,551,,release_no_race,,,,,,,,WITHHOLD,5101.399355014263,
512,,,,512,551,5106.452975316122,mine_A_start_withhold,,,,,,552,,WITHHOLD,5102.733916127552,
,,,,513,552,,reorg_or_tip_change,,,552,551,,,,WITHHOLD,5106.452975316122,
,552,,,513,552,,publish,513,A,,,551,,,WITHHOLD,5106.452975316122,5106.452975316122
,,,552,513,552,,release_bn,,,,,,,,WITHHOLD,5106.452975316122,
,,,,513,552,,release_no_race,,,,,,,,WITHHOLD,5106.452975316122,
,,,,514,553,,reorg_or_tip_change,,,553,552,,,,IDLE,5108.078016230557,
,553,,,514,553,,publish,514,H,,,552,,,IDLE,5108.078016230557,5108.078016230557
,553,,,514,553,,mine_H_publish,,,,,,,,IDLE,5108.078016230557,
514,,,,514,553,5124.124192061265,mine_A_start_withhold,,,,,,554,,WITHHOLD,5120.405132872695,
,,,,515,554,,reorg_or_tip_change,,,554,553,,,,WITHHOLD,5124.124192061265,
,554,,,515,554,,publish,515,A,,,553,,,WITHHOLD,5124.124192061265,5124.124192061265
,,,554,515,554,,release_bn,,,,,,,,WITHHOLD,5124.124192061265,
,,,,515,554,,release_no_race,,,,,,,,WITHHOLD,5124.124192061265,
,,,,516,555,,reorg_or_tip_change,,,555,554,,,,IDLE,5128.025696691002,
,555,,,516,555,,publish,516,H,,,554,,,IDLE,5128.025696691002,5128.025696691002
,555,,,516,555,,mine_H_publish,,,,,,,,IDLE,5128.025696691002,
516,,,,516,555,5140.863688881789,mine_A_start_withhold,,,,,,556,,WITHHOLD,5137.144629693219,
,,,,517,557,,reorg_or_tip_change,,,557,555,,,,WITHHOLD,5137.950451583819,
,557,,,517,557,,publish,517,H,,,555,,,WITHHOLD,5137.950451583819,5137.950451583819
,557,,,517,557,,mine_H_publish,,,,,,,,WITHHOLD,5137.950451583819,
,556,,,517,557,,publish,517,A,,,555,,,WITHHOLD,5140.863688881789,5140.863688881789
,,,556,517,557,,release_bn,,,,,,,,WITHHOLD,5140.863688881789,
,,,,517,557,,release_enter_race,,,,,,,556,RACE,5140.863688881789,
,,,,518,558,,reorg_or_tip_change,,,558,557,,,,RACE,5150.065143450229,
,558,,,518,558,,publish,518,H,,,557,,,RACE,5150.065143450229,5150.065143450229
,558,,,518,558,,mine_H_publish,,,,,,,,RACE,5150.065143450229,
,,,,518,558,,race_lost,,,,,,,,RACE,5150.065143450229,
518,,,,518,558,5176.426452890411,mine_A_start_withhold,,,,,,559,,WITHHOLD,5172.707393701841,
,,,,519,559,,reorg_or_tip_change,,,559,558,,,,WITHHOLD,5176.426452890411,
,559,,,519,559,,publish,519,A,,,558,,,WITHHOLD,5176.426452890411,5176.426452890411
,,,559,519,559,,release_bn,,,,,,,,WITHHOLD,5176.426452890411,
,,,,519,559,,release_no_race,,,,,,,,WITHHOLD,5176.426452890411,
519,,,,519,559,5181.069851900338,mine_A_start_withhold,,,,,,560,,WITHHOLD,5177.350792711768,
,,,,520,560,,reorg_or_tip_change,,,560,559,,,,WITHHOLD,5181.069851900338,
,560,,,520,560,,publish,520,A,,,559,,,WITHHOLD,5181.069851900338,5181.069851900338
,,,560,520,560,,release_bn,,,,,,,,WITHHOLD,5181.069851900338,
,,,,520,560,,release_no_race,,,,,,,,WITHHOLD,5181.069851900338,
520,,,,520,560,5196.702033597334,mine_A_start_withhold,,,,,,561,,WITHHOLD,5192.982974408764,
,,,,521,561,,reorg_or_tip_change,,,561,560,,,,WITHHOLD,5196.702033597334,
,561,,,521,561,,publish,521,A,,,560,,,WITHHOLD,5196.702033597334,5196.702033597334
,,,561,521,561,,release_bn,,,,,,,,WITHHOLD,5196.702033597334,
,,,,521,561,,release_no_race,,,,,,,,WITHHOLD,5196.702033597334,
521,,,,521,561,5202.212877259089,mine_A_start_withhold,,,,,,562,,WITHHOLD,5198.4938180705185,
,,,,522,562,,reorg_or_tip_change,,,562,561,,,,WITHHOLD,5202.212877259089,
,562,,,522,562,,publish,522,A,,,561,,,WITHHOLD,5202.212877259089,5202.212877259089
,,,562,522,562,,release_bn,,,,,,,,WITHHOLD,5202.212877259089,
,,,,522,562,,release_no_race,,,,,,,,WITHHOLD,5202.212877259089,
522,,,,522,562,5210.790435942124,mine_A_start_withhold,,,,,,563,,WITHHOLD,5207.0713767535535,
,,,,523,563,,reorg_or_tip_change,,,563,562,,,,WITHHOLD,5210.790435942124,
,563,,,523,563,,publish,523,A,,,562,,,WITHHOLD,5210.790435942124,5210.790435942124
,,,563,523,563,,release_bn,,,,,,,,WITHHOLD,5210.790435942124,
,,,,523,563,,release_no_race,,,,,,,,WITHHOLD,5210.790435942124,
523,,,,523,563,5224.286844916354,mine_A_start_withhold,,,,,,564,,WITHHOLD,5220.567785727784,
,,,,524,564,,reorg_or_tip_change,,,564,563,,,,WITHHOLD,5224.286844916354,
,564,,,524,564,,publish,524,A,,,563,,,WITHHOLD,5224.286844916354,5224.286844916354
,,,564,524,564,,release_bn,,,,,,,,WITHHOLD,5224.286844916354,
,,,,524,564,,release_no_race,,,,,,,,WITHHOLD,5224.286844916354,
,,,,525,565,,reorg_or_tip_change,,,565,564,,,,IDLE,5227.557826337836,
,565,,,525,565,,publish,525,H,,,564,,,IDLE,5227.557826337836,5227.557826337836
,565,,,525,565,,mine_H_publish,,,,,,,,IDLE,5227.557826337836,
525,,,,525,565,5240.111654762701,mine_A_start_withhold,,,,,,566,,WITHHOLD,5236.392595574131,
,,,,526,566,,reorg_or_tip_change,,,566,565,,,,WITHHOLD,5237.449609801235,
,566,,,526,566,,publish,526,A,,,565,,,WITHHOLD,5237.449609801235,5237.449609801235
,,,,527,567,,reorg_or_tip_change,,,567,566,,,,WITHHOLD,5237.449609801235,
,567,,,527,567,,publish,527,A,,,566,,,WITHHOLD,5237.449609801235,5237.449609801235
,,567,566,527,567,,mine_A_withhold_success,,,,,,,,WITHHOLD,5237.449609801235,
,,,,528,568,,reorg_or_tip_change,,,568,567,,,,IDLE,5266.244127196157,
,568,,,528,568,,publish,528,H,,,567,,,IDLE,5266.244127196157,5266.244127196157
,568,,,528,568,,mine_H_publish,,,,,,,,IDLE,5266.244127196157,
528,,,,528,568,5295.486223322374,mine_A_start_withhold,,,,,,569,,WITHHOLD,5291.767164133804,
,,,,529,569,,reorg_or_tip_change,,,569,568,,,,WITHHOLD,5295.486223322374,
,569,,,529,569,,publish,529,A,,,568,,,WITHHOLD,5295.486223322374,5295.486223322374
,,,569,529,569,,release_bn,,,,,,,,WITHHOLD,5295.486223322374,
,,,,529,569,,release_no_race,,,,,,,,WITHHOLD,5295.486223322374,
,,,,530,570,,reorg_or_tip_change,,,570,569,,,,IDLE,5296.401907695214,
,570,,,530,570,,publish,530,H,,,569,,,IDLE,5296.401907695214,5296.401907695214
,570,,,530,570,,mine_H_publish,,,,,,,,IDLE,5296.401907695214,
530,,,,530,570,5301.572079880326,mine_A_start_withhold,,,,,,571,,WITHHOLD,5297.853020691756,
,,,,531,571,,reorg_or_tip_change,,,571,570,,,,WITHHOLD,5301.572079880326,
,571,,,531,571,,publish,531,A,,,570,,,WITHHOLD,5301.572079880326,5301.572079880326
,,,571,531,571,,release_bn,,,,,,,,WITHHOLD,5301.572079880326,
,,,,531,571,,release_no_race,,,,,,,,WITHHOLD,5301.572079880326,
531,,,,531,571,5320.736742211013,mine_A_start_withhold,,,,,,572,,WITHHOLD,5317.017683022443,
,,,,532,572,,reorg_or_tip_change,,,572,571,,,,WITHHOLD,5320.736742211013,
,572,,,532,572,,publish,532,A,,,571,,,WITHHOLD,5320.736742211013,5320.736742211013
,,,572,532,572,,release_bn,,,,,,,,WITHHOLD,5320.736742211013,
,,,,532,572,,release_no_race,,,,,,,,WITHHOLD,5320.736742211013,
532,,,,532,572,5336.931698913202,mine_A_start_withhold,,,,,,573,,WITHHOLD,5333.212639724632,
,,,,533,573,,reorg_or_tip_change,,,573,572,,,,WITHHOLD,5336.931698913202,
,573,,,533,573,,publish,533,A,,,572,,,WITHHOLD,5336.931698913202,5336.931698913202
,,,573,533,573,,release_bn,,,,,,,,WITHHOLD,5336.931698913202,
,,,,533,573,,release_no_race,,,,,,,,WITHHOLD,5336.931698913202,
,,,,534,574,,reorg_or_tip_change,,,574,573,,,,IDLE,5346.700003639944,
,574,,,534,574,,publish,534,H,,,573,,,IDLE,5346.700003639944,5346.700003639944
,574,,,534,574,,mine_H_publish,,,,,,,,IDLE,5346.700003639944,
,,,,535,575,,reorg_or_tip_change,,,575,574,,,,IDLE,5348.099688038339,
,575,,,535,575,,publish,535,H,,,574,,,IDLE,5348.099688038339,5348.099688038339
,575,,,535,575,,mine_H_publish,,,,,,,,IDLE,5348.099688038339,
535,,,,535,575,5361.061116274768,mine_A_start_withhold,,,,,,576,,WITHHOLD,5357.342057086198,
,,,,536,576,,reorg_or_tip_change,,,576,575,,,,WITHHOLD,5359.143574336131,
,576,,,536,576,,publish,536,A,,,575,,,WITHHOLD,5359.143574336131,5359.143574336131
,,,,537,577,,reorg_or_tip_change,,,577,576,,,,WITHHOLD,5359.143574336131,
,577,,,537,577,,publish,537,A,,,576,,,WITHHOLD,5359.143574336131,5359.143574336131
,,577,576,537,577,,mine_A_withhold_success,,,,,,,,WITHHOLD,5359.143574336131,
537,,,,537,577,5391.083947423519,mine_A_start_withhold,,,,,,578,,WITHHOLD,5387.364888234949,
,,,,538,579,,reorg_or_tip_change,,,579,577,,,,WITHHOLD,5388.14148103982,
,579,,,538,579,,publish,538,H,,,577,,,WITHHOLD,5388.14148103982,5388.14148103982
,579,,,538,579,,mine_H_publish,,,,,,,,WITHHOLD,5388.14148103982,
,578,,,538,579,,publish,538,A,,,577,,,WITHHOLD,5390.360628707814,5390.360628707814
,,,,539,580,,reorg_or_tip_change,,,580,579,,,,WITHHOLD,5390.360628707814,
,580,,,539,580,,publish,539,A,,,578,,,WITHHOLD,5390.360628707814,5390.360628707814
,,580,578,539,580,,mine_A_withhold_success,,,,,,,,WITHHOLD,5390.360628707814,
,,,,540,581,,reorg_or_tip_change,,,581,580,,,,IDLE,5392.39206683141,
,581,,,540,581,,publish,540,H,,,580,,,IDLE,5392.39206683141,5392.39206683141
,581,,,540,581,,mine_H_publish,,,,,,,,IDLE,5392.39206683141,
540,,,,540,581,5430.720793387695,mine_A_start_withhold,,,,,,582,,WITHHOLD,5427.001734199125,
,,,,541,582,,reorg_or_tip_change,,,582,581,,,,WITHHOLD,5430.720793387695,
,582,,,541,582,,publish,541,A,,,581,,,WITHHOLD,5430.720793387695,5430.720793387695
,,,582,541,582,,release_bn,,,,,,,,WITHHOLD,5430.720793387695,
,,,,541,582,,release_no_race,,,,,,,,WITHHOLD,5430.720793387695,
,,,,542,583,,reorg_or_tip_change,,,583,582,,,,IDLE,5446.905163797535,
,583,,,542,583,,publish,542,H,,,582,,,IDLE,5446.905163797535,5446.905163797535
,583,,,542,583,,mine_H_publish,,,,,,,,IDLE,5446.905163797535,
,,,,543,584,,reorg_or_tip_change,,,584,583,,,,IDLE,5456.782474256219,
,584,,,543,584,,publish,543,H,,,583,,,IDLE,5456.782474256219,5456.782474256219
,584,,,543,584,,mine_H_publish,,,,,,,,IDLE,5456.782474256219,
,,,,544,585,,reorg_or_tip_change,,,585,584,,,,IDLE,5460.281174428361,
,585,,,544,585,,publish,544,H,,,584,,,IDLE,5460.281174428361,5460.281174428361
,585,,,544,585,,mine_H_publish,,,,,,,,IDLE,5460.281174428361,
544,,,,544,585,5467.74352838367,mine_A_start_withhold,,,,,,586,,WITHHOLD,5464.0244691951,
,,,,545,586,,reorg_or_tip_change,,,586,585,,,,WITHHOLD,5467.74352838367,
,586,,,545,586,,publish,545,A,,,585,,,WITHHOLD,5467.74352838367,5467.74352838367
,,,586,545,586,,release_bn,,,,,,,,WITHHOLD,5467.74352838367,
,,,,545,586,,release_no_race,,,,,,,,WITHHOLD,5467.74352838367,
,,,,546,587,,reorg_or_tip_change,,,587,586,,,,IDLE,5481.208071712146,
,587,,,546,587,,publish,546,H,,,586,,,IDLE,5481.208071712146,5481.208071712146
,587,,,546,587,,mine_H_publish,,,,,,,,IDLE,5481.208071712146,
546,,,,546,587,5494.016878562583,mine_A_start_withhold,,,,,,588,,WITHHOLD,5490.297819374013,
,,,,547,588,,reorg_or_tip_change,,,588,587,,,,WITHHOLD,5494.016878562583,
,588,,,547,588,,publish,547,A,,,587,,,WITHHOLD,5494.016878562583,5494.016878562583
,,,588,547,588,,release_bn,,,,,,,,WITHHOLD,5494.016878562583,
,,,,547,588,,release_no_race,,,,,,,,WITHHOLD,5494.016878562583,
547,,,,547,588,5500.853363340774,mine_A_start_withhold,,,,,,589,,WITHHOLD,5497.134304152204,
,,,,548,590,,reorg_or_tip_change,,,590,588,,,,WITHHOLD,5497.902866309665,
,590,,,548,590,,publish,548,H,,,588,,,WITHHOLD,5497.902866309665,5497.902866309665
,590,,,548,590,,mine_H_publish,,,,,,,,WITHHOLD,5497.902866309665,
,589,,,548,590,,publish,548,A,,,588,,,WITHHOLD,5500.853363340774,5500.853363340774
,,,589,548,590,,release_bn,,,,,,,,WITHHOLD,5500.853363340774,
,,,,548,590,,release_enter_race,,,,,,,589,RACE,5500.853363340774,
,,,,549,591,,reorg_or_tip_change,,,591,590,,,,RACE,5504.744215822703,
,591,,,549,591,,publish,549,A,,,589,,,RACE,5504.744215822703,5504.744215822703
,591,,,549,591,,mine_A_race_success,,,,,,,,RACE,5504.744215822703,
549,,,,549,591,5514.793062139577,mine_A_start_withhold,,,,,,592,,WITHHOLD,5511.074002951007,
,,,,550,593,,reorg_or_tip_change,,,593,591,,,,WITHHOLD,5512.38236794101,
,593,,,550,593,,publish,550,H,,,591,,,WITHHOLD,5512.38236794101,5512.38236794101
,593,,,550,593,,mine_H_publish,,,,,,,,WITHHOLD,5512.38236794101,
,592,,,550,593,,publish,550,A,,,591,,,WITHHOLD,5514.793062139577,5514.793062139577
,,,592,550,593,,release_bn,,,,,,,,WITHHOLD,5514.793062139577,
,,,,550,593,,release_enter_race,,,,,,,592,RACE,5514.793062139577,
,,,,551,594,,reorg_or_tip_change,,,594,593,,,,RACE,5523.276249280865,
,594,,,551,594,,publish,551,A,,,592,,,RACE,5523.276249280865,5523.276249280865
,594,,,551,594,,mine_A_race_success,,,,,,,,RACE,5523.276249280865,
551,,,,551,594,5547.321558952537,mine_A_start_withhold,,,,,,595,,WITHHOLD,5543.602499763967,
,,,,552,595,,reorg_or_tip_change,,,595,594,,,,WITHHOLD,5547.18723315018,
,595,,,552,595,,publish,552,A,,,594,,,WITHHOLD,5547.18723315018,5547.18723315018
,,,,553,596,,reorg_or_tip_change,,,596,595,,,,WITHHOLD,5547.18723315018,
,596,,,553,596,,publish,553,A,,,595,,,WITHHOLD,5547.18723315018,5547.18723315018
,,596,595,553,596,,mine_A_withhold_success,,,,,,,,WITHHOLD,5547.18723315018,
553,,,,553,596,5556.530993732562,mine_A_start_withhold,,,,,,597,,WITHHOLD,5552.811934543992,
,,,,554,597,,reorg_or_tip_change,,,597,596,,,,WITHHOLD,5556.530993732562,
,597,,,554,597,,publish,554,A,,,596,,,WITHHOLD,5556.530993732562,5556.530993732562
,,,597,554,597,,release_bn,,,,,,,,WITHHOLD,5556.530993732562,
,,,,554,597,,release_no_race,,,,,,,,WITHHOLD,5556.530993732562,
,,,,555,598,,reorg_or_tip_change,,,598,597,,,,IDLE,5556.803209179863,
,598,,,555,598,,publish,555,H,,,597,,,IDLE,5556.803209179863,5556.803209179863
,598,,,555,598,,mine_H_publish,,,,,,,,IDLE,5556.803209179863,
555,,,,555,598,5566.22386277189,mine_A_start_withhold,,,,,,599,,WITHHOLD,5562.50480358332,
,,,,556,599,,reorg_or_tip_change,,,599,598,,,,WITHHOLD,5566.22386277189,
,599,,,556,599,,publish,556,A,,,598,,,WITHHOLD,5566.22386277189,5566.22386277189
,,,599,556,599,,release_bn,,,,,,,,WITHHOLD,5566.22386277189,
,,,,556,599,,release_no_race,,,,,,,,WITHHOLD,5566.22386277189,
,,,,557,600,,reorg_or_tip_change,,,600,599,,,,IDLE,5592.308109097535,
,600,,,557,600,,publish,557,H,,,599,,,IDLE,5592.308109097535,5592.308109097535
,600,,,557,600,,mine_H_publish,,,,,,,,IDLE,5592.308109097535,
557,,,,557,600,5599.809403212109,mine_A_start_withhold,,,,,,601,,WITHHOLD,5596.090344023539,
,,,,558,602,,reorg_or_tip_change,,,602,600,,,,WITHHOLD,5596.642989967563,
,602,,,558,602,,publish,558,H,,,600,,,WITHHOLD,5596.642989967563,5596.642989967563
,602,,,558,602,,mine_H_publish,,,,,,,,WITHHOLD,5596.642989967563,
,,,,559,603,,reorg_or_tip_change,,,603,602,,,,WITHHOLD,5596.652221206898,
,603,,,559,603,,publish,559,H,,,602,,,WITHHOLD,5596.652221206898,5596.652221206898
,603,,,559,603,,mine_H_publish,,,,,,,,WITHHOLD,5596.652221206898,
,,,,559,603,,withhold_abort_honest_advanced,,,,,,,,WITHHOLD,5596.652221206898,
,,,,560,604,,reorg_or_tip_change,,,604,603,,,,IDLE,5597.83270822252,
,604,,,560,604,,publish,560,H,,,603,,,IDLE,5597.83270822252,5597.83270822252
,604,,,560,604,,mine_H_publish,,,,,,,,IDLE,5597.83270822252,
,,,,561,605,,reorg_or_tip_change,,,605,604,,,,IDLE,5600.674310498208,
,605,,,561,605,,publish,561,H,,,604,,,IDLE,5600.674310498208,5600.674310498208
,605,,,561,605,,mine_H_publish,,,,,,,,IDLE,5600.674310498208,
561,,,,561,605,5604.598523252464,mine_A_start_withhold,,,,,,606,,WITHHOLD,5600.8794640638935,
,,,,562,606,,reorg_or_tip_change,,,606,605,,,,WITHHOLD,5604.598523252464,
,606,,,562,606,,publish,562,A,,,605,,,WITHHOLD,5604.598523252464,5604.598523252464
,,,606,562,606,,release_bn,,,,,,,,WITHHOLD,5604.598523252464,
,,,,562,606,,release_no_race,,,,,,,,WITHHOLD,5604.598523252464,
,,,,563,607,,reorg_or_tip_change,,,607,606,,,,IDLE,5634.673913065553,
,607,,,563,607,,publish,563,H,,,606,,,IDLE,5634.673913065553,5634.673913065553
,607,,,563,607,,mine_H_publish,,,,,,,,IDLE,5634.673913065553,
563,,,,563,607,5643.668163420925,mine_A_start_withhold,,,,,,608,,WITHHOLD,5639.949104232355,
,,,,564,608,,reorg_or_tip_change,,,608,607,,,,WITHHOLD,5643.668163420925,
,608,,,564,608,,publish,564,A,,,607,,,WITHHOLD,5643.668163420925,5643.668163420925
,,,608,564,608,,release_bn,,,,,,,,WITHHOLD,5643.668163420925,
,,,,564,608,,release_no_race,,,,,,,,WITHHOLD,5643.668163420925,
,,,,565,609,,reorg_or_tip_change,,,609,608,,,,IDLE,5649.62336991611,
,609,,,565,609,,publish,565,H,,,608,,,IDLE,5649.62336991611,5649.62336991611
,609,,,565,609,,mine_H_publish,,,,,,,,IDLE,5649.62336991611,
565,,,,565,609,5666.272512846362,mine_A_start_withhold,,,,,,610,,WITHHOLD,5662.553453657792,
,,,,566,610,,reorg_or_tip_change,,,610,609,,,,WITHHOLD,5666.272512846362,
,610,,,566,610,,publish,566,A,,,609,,,WITHHOLD,5666.272512846362,5666.272512846362
,,,610,566,610,,release_bn,,,,,,,,WITHHOLD,5666.272512846362,
,,,,566,610,,release_no_race,,,,,,,,WITHHOLD,5666.272512846362,
566,,,,566,610,5671.028969916419,mine_A_start_withhold,,,,,,611,,WITHHOLD,5667.309910727849,
,,,,567,611,,reorg_or_tip_change,,,611,610,,,,WITHHOLD,5667.504631127394,
,611,,,567,611,,publish,567,A,,,610,,,WITHHOLD,5667.504631127394,5667.504631127394
,,,,568,612,,reorg_or_tip_change,,,612,611,,,,WITHHOLD,5667.504631127394,
,612,,,568,612,,publish,568,A,,,611,,,WITHHOLD,5667.504631127394,5667.504631127394
,,612,611,568,612,,mine_A_withhold_success,,,,,,,,WITHHOLD,5667.504631127394,
,,,,569,613,,reorg_or_tip_change,,,613,612,,,,IDLE,5672.158688429308,
,613,,,569,613,,publish,569,H,,,612,,,IDLE,5672.158688429308,5672.158688429308
,613,,,569,613,,mine_H_publish,,,,,,,,IDLE,5672.158688429308,
,,,,570,614,,reorg_or_tip_change,,,614,613,,,,IDLE,5674.665646286652,
,614,,,570,614,,publish,570,H,,,613,,,IDLE,5674.665646286652,5674.665646286652
,614,,,570,614,,mine_H_publish,,,,,,,,IDLE,5674.665646286652,
570,,,,570,614,5683.142520726019,mine_A_start_withhold,,,,,,615,,WITHHOLD,5679.423461537449,
,,,,571,616,,reorg_or_tip_change,,,616,614,,,,WITHHOLD,5680.427441894088,
,616,,,571,616,,publish,571,H,,,614,,,WITHHOLD,5680.427441894088,5680.427441894088
,616,,,571,616,,mine_H_publish,,,,,,,,WITHHOLD,5680.427441894088,
,,,,572,617,,reorg_or_tip_change,,,617,616,,,,WITHHOLD,5682.959389151953,
,617,,,572,617,,publish,572,H,,,616,,,WITHHOLD,5682.959389151953,5682.959389151953
,617,,,572,617,,mine_H_publish,,,,,,,,WITHHOLD,5682.959389151953,
,,,,572,617,,withhold_abort_honest_advanced,,,,,,,,WITHHOLD,5682.959389151953,
,,,,573,618,,reorg_or_tip_change,,,618,617,,,,IDLE,5684.3411227416145,
,618,,,573,618,,publish,573,H,,,617,,,IDLE,5684.3411227416145,5684.3411227416145
,618,,,573,618,,mine_H_publish,,,,,,,,IDLE,5684.3411227416145,
573,,,,573,618,5693.365086383908,mine_A_start_withhold,,,,,,619,,WITHHOLD,5689.646027195338,
,,,,574,619,,reorg_or_tip_change,,,619,618,,,,WITHHOLD,5693.365086383908,
,619,,,574,619,,publish,574,A,,,618,,,WITHHOLD,5693.365086383908,5693.365086383908
,,,619,574,619,,release_bn,,,,,,,,WITHHOLD,5693.365086383908,
,,,,574,619,,release_no_race,,,,,,,,WITHHOLD,5693.365086383908,
574,,,,574,619,5697.720785546247,mine_A_start_withhold,,,,,,620,,WITHHOLD,5694.0017263576765,
,,,,575,620,,reorg_or_tip_change,,,620,619,,,,WITHHOLD,5697.720785546247,
,620,,,575,620,,publish,575,A,,,619,,,WITHHOLD,5697.720785546247,5697.720785546247
,,,620,575,620,,release_bn,,,,,,,,WITHHOLD,5697.720785546247,
,,,,575,620,,release_no_race,,,,,,,,WITHHOLD,5697.720785546247,
575,,,,575,620,5704.708424289435,mine_A_start_withhold,,,,,,621,,WITHHOLD,5700.989365100865,
,,,,576,621,,reorg_or_tip_change,,,621,620,,,,WITHHOLD,5704.708424289435,
,621,,,576,621,,publish,576,A,,,620,,,WITHHOLD,5704.708424289435,5704.708424289435
,,,621,576,621,,release_bn,,,,,,,,WITHHOLD,5704.708424289435,
,,,,576,621,,release_no_race,,,,,,,,WITHHOLD,5704.708424289435,
,,,,577,622,,reorg_or_tip_change,,,622,621,,,,IDLE,5706.875743522712,
,622,,,577,622,,publish,577,H,,,621,,,IDLE,5706.875743522712,5706.875743522712
,622,,,577,622,,mine_H_publish,,,,,,,,IDLE,5706.875743522712,
577,,,,577,622,5742.767722674868,mine_A_start_withhold,,,,,,623,,WITHHOLD,5739.048663486298,
,,,,578,623,,reorg_or_tip_change,,,623,622,,,,WITHHOLD,5741.329850845223,
,623,,,578,623,,publish,578,A,,,622,,,WITHHOLD,5741.329850845223,5741.329850845223
,,,,579,624,,reorg_or_tip_change,,,624,623,,,,WITHHOLD,5741.329850845223,
,624,,,579,624,,publish,579,A,,,623,,,WITHHOLD,5741.329850845223,5741.329850845223
,,624,623,579,624,,mine_A_withhold_success,,,,,,,,WITHHOLD,5741.329850845223,
579,,,,579,624,5754.436494881504,mine_A_start_withhold,,,,,,625,,WITHHOLD,5750.717435692934,
,,,,580,625,,reorg_or_tip_change,,,625,624,,,,WITHHOLD,5754.436494881504,
,625,,,580,625,,publish,580,A,,,624,,,WITHHOLD,5754.436494881504,5754.436494881504
,,,625,580,625,,release_bn,,,,,,,,WITHHOLD,5754.436494881504,
,,,,580,625,,release_no_race,,,,,,,,WITHHOLD,5754.436494881504,
580,,,,580,625,5781.142513771516,mine_A_start_withhold,,,,,,626,,WITHHOLD,5777.423454582946,
,,,,581,627,,reorg_or_tip_change,,,627,625,,,,WITHHOLD,5778.971348190254,
,627,,,581,627,,publish,581,H,,,625,,,WITHHOLD,5778.971348190254,5778.971348190254
,627,,,581,627,,mine_H_publish,,,,,,,,WITHHOLD,5778.971348190254,
,626,,,581,627,,publish,581,A,,,625,,,WITHHOLD,5780.951469909105,5780.951469909105
,,,,582,628,,reorg_or_tip_change,,,628,627,,,,WITHHOLD,5780.951469909105,
,628,,,582,628,,publish,582,A,,,626,,,WITHHOLD,5780.951469909105,5780.951469909105
,,628,626,582,628,,mine_A_withhold_success,,,,,,,,WITHHOLD,5780.951469909105,
582,,,,582,628,5799.883536131216,mine_A_start_withhold,,,,,,629,,WITHHOLD,5796.164476942646,
,,,,583,629,,reorg_or_tip_change,,,629,628,,,,WITHHOLD,5799.883536131216,
,629,,,583,629,,publish,583,A,,,628,,,WITHHOLD,5799.883536131216,5799.883536131216
,,,629,583,629,,release_bn,,,,,,,,WITHHOLD,5799.883536131216,
,,,,583,629,,release_no_race,,,,,,,,WITHHOLD,5799.883536131216,
,,,,584,630,,reorg_or_tip_change,,,630,629,,,,IDLE,5818.210718876662,
,630,,,584,630,,publish,584,H,,,629,,,IDLE,5818.210718876662,5818.210718876662
,630,,,584,630,,mine_H_publish,,,,,,,,IDLE,5818.210718876662,
584,,,,584,630,5831.524882542495,mine_A_start_withhold,,,,,,631,,WITHHOLD,5827.805823353925,
,,,,585,631,,reorg_or_tip_change,,,631,630,,,,WITHHOLD,5831.524882542495,
,631,,,585,631,,publish,585,A,,,630,,,WITHHOLD,5831.524882542495,5831.524882542495
,,,631,585,631,,release_bn,,,,,,,,WITHHOLD,5831.524882542495,
,,,,585,631,,release_no_race,,,,,,,,WITHHOLD,5831.524882542495,
585,,,,585,631,5858.585871443211,mine_A_start_withhold,,,,,,632,,WITHHOLD,5854.8668122546405,
,,,,586,632,,reorg_or_tip_change,,,632,631,,,,WITHHOLD,5858.585871443211,
,632,,,586,632,,publish,586,A,,,631,,,WITHHOLD,5858.585871443211,5858.585871443211
,,,632,586,632,,release_bn,,,,,,,,WITHHOLD,5858.585871443211,
,,,,586,632,,release_no_race,,,,,,,,WITHHOLD,5858.585871443211,
,,,,587,633,,reorg_or_tip_change,,,633,632,,,,IDLE,5861.834224297521,
,633,,,587,633,,publish,587,H,,,632,,,IDLE,5861.834224297521,5861.834224297521
,633,,,587,633,,mine_H_publish,,,,,,,,IDLE,5861.834224297521,
587,,,,587,633,5866.07714057339,mine_A_start_withhold,,,,,,634,,WITHHOLD,5862.35808138482,
,,,,588,635,,reorg_or_tip_change,,,635,633,,,,WITHHOLD,5865.164124908731,
,635,,,588,635,,publish,588,H,,,633,,,WITHHOLD,5865.164124908731,5865.164124908731
,635,,,588,635,,mine_H_publish,,,,,,,,WITHHOLD,5865.164124908731,
,634,,,588,635,,publish,588,A,,,633,,,WITHHOLD,5866.07714057339,5866.07714057339
,,,634,588,635,,release_bn,,,,,,,,WITHHOLD,5866.07714057339,
,,,,588,635,,release_enter_race,,,,,,,634,RACE,5866.07714057339,
,,,,589,636,,reorg_or_tip_change,,,636,635,,,,RACE,5904.636493433099,
,636,,,589,636,,publish,589,A,,,634,,,RACE,5904.636493433099,5904.636493433099
,636,,,589,636,,mine_A_race_success,,,,,,,,RACE,5904.636493433099,
,,,,590,637,,reorg_or_tip_change,,,637,636,,,,IDLE,5907.991678324042,
,637,,,590,637,,publish,590,H,,,636,,,IDLE,5907.991678324042,5907.991678324042
,637,,,590,637,,mine_H_publish,,,,,,,,IDLE,5907.991678324042,
,,,,591,638,,reorg_or_tip_change,,,638,637,,,,IDLE,5936.314679440912,
,638,,,591,638,,publish,591,H,,,637,,,IDLE,5936.314679440912,5936.314679440912
,638,,,591,638,,mine_H_publish,,,,,,,,IDLE,5936.314679440912,
591,,,,591,638,5942.216905423866,mine_A_start_withhold,,,,,,639,,WITHHOLD,5938.497846235296,
,,,,592,639,,reorg_or_tip_change,,,639,638,,,,WITHHOLD,5942.216905423866,
,639,,,592,639,,publish,592,A,,,638,,,WITHHOLD,5942.216905423866,5942.216905423866
,,,639,592,639,,release_bn,,,,,,,,WITHHOLD,5942.216905423866,
,,,,592,639,,release_no_race,,,,,,,,WITHHOLD,5942.216905423866,
,,,,593,640,,reorg_or_tip_change,,,640,639,,,,IDLE,5959.981841891466,
,640,,,593,640,,publish,593,H,,,639,,,IDLE,5959.981841891466,5959.981841891466
,640,,,593,640,,mine_H_publish,,,,,,,,IDLE,5959.981841891466,
593,,,,593,640,5983.8615258766,mine_A_start_withhold,,,,,,641,,WITHHOLD,5980.14246668803,
,,,,594,641,,reorg_or_tip_change,,,641,640,,,,WITHHOLD,5983.8615258766,
,641,,,594,641,,publish,594,A,,,640,,,WITHHOLD,5983.8615258766,5983.8615258766
,,,641,594,641,,release_bn,,,,,,,,WITHHOLD,5983.8615258766,
,,,,594,641,,release_no_race,,,,,,,,WITHHOLD,5983.8615258766,
594,,,,594,641,5996.990751733578,mine_A_start_withhold,,,,,,642,,WITHHOLD,5993.271692545008,
,,,,595,643,,reorg_or_tip_change,,,643,641,,,,WITHHOLD,5996.246391236467,
,643,,,595,643,,publish,595,H,,,641,,,WITHHOLD,5996.246391236467,5996.246391236467
,643,,,595,643,,mine_H_publish,,,,,,,,WITHHOLD,5996.246391236467,
,642,,,595,643,,publish,595,A,,,641,,,WITHHOLD,5996.990751733578,5996.990751733578
,,,642,595,643,,release_bn,,,,,,,,WITHHOLD,5996.990751733578,
,,,,595,643,,release_enter_race,,,,,,,642,RACE,5996.990751733578,
,,,,596,644,,reorg_or_tip_change,,,644,643,,,,RACE,6000.835049650635,
,644,,,596,644,,publish,596,H,,,643,,,RACE,6000.835049650635,6000.835049650635
,644,,,596,644,,mine_H_publish,,,,,,,,RACE,6000.835049650635,
,,,,596,644,,race_lost,,,,,,,,RACE,6000.835049650635,
596,,,,596,644,6008.576655078172,mine_A_start_withhold,,,,,,645,,WITHHOLD,6004.857595889602,
,,,,597,645,,reorg_or_tip_change,,,645,644,,,,WITHHOLD,6008.576655078172,
,645,,,597,645,,publish,597,A,,,644,,,WITHHOLD,6008.576655078172,6008.576655078172
,,,645,597,645,,release_bn,,,,,,,,WITHHOLD,6008.576655078172,
,,,,597,645,,release_no_race,,,,,,,,WITHHOLD,6008.576655078172,
,,,,598,646,,reorg_or_tip_change,,,646,645,,,,IDLE,6020.449296107292,
,646,,,598,646,,publish,598,H,,,645,,,IDLE,6020.449296107292,6020.449296107292
,646,,,598,646,,mine_H_publish,,,,,,,,IDLE,6020.449296107292,
598,,,,598,646,6024.8814656972845,mine_A_start_withhold,,,,,,647,,WITHHOLD,6021.162406508714,
,,,,599,647,,reorg_or_tip_change,,,647,646,,,,WITHHOLD,6024.8814656972845,
,647,,,599,647,,publish,599,A,,,646,,,WITHHOLD,6024.8814656972845,6024.8814656972845
,,,647,599,647,,release_bn,,,,,,,,WITHHOLD,6024.8814656972845,
,,,,599,647,,release_no_race,,,,,,,,WITHHOLD,6024.8814656972845,
599,,,,599,647,6031.840554731444,mine_A_start_withhold,,,,,,648,,WITHHOLD,6028.121495542874,
,,,,600,648,,reorg_or_tip_change,,,648,647,,,,WITHHOLD,6031.840554731444,
,648,,,600,648,,publish,600,A,,,647,,,WITHHOLD,6031.840554731444,6031.840554731444
,,,648,600,648,,release_bn,,,,,,,,WITHHOLD,6031.840554731444,
,,,,600,648,,release_no_race,,,,,,,,WITHHOLD,6031.840554731444,
600,,,,600,648,6035.76733319609,mine_A_start_withhold,,,,,,649,,WITHHOLD,6032.0482740075195,
,,,,601,649,,reorg_or_tip_change,,,649,648,,,,WITHHOLD,6035.76733319609,
,649,,,601,649,,publish,601,A,,,648,,,WITHHOLD,6035.76733319609,6035.76733319609
,,,649,601,649,,release_bn,,,,,,,,WITHHOLD,6035.76733319609,
,,,,601,649,,release_no_race,,,,,,,,WITHHOLD,6035.76733319609,
601,,,,601,649,6047.674618142956,mine_A_start_withhold,,,,,,650,,WITHHOLD,6043.955558954386,
,,,,602,650,,reorg_or_tip_change,,,650,649,,,,WITHHOLD,6045.270220805084,
,650,,,602,650,,publish,602,A,,,649,,,WITHHOLD,6045.270220805084,6045.270220805084
,,,,603,651,,reorg_or_tip_change,,,651,650,,,,WITHHOLD,6045.270220805084,
,651,,,603,651,,publish,603,A,,,650,,,WITHHOLD,6045.270220805084,6045.270220805084
,,651,650,603,651,,mine_A_withhold_success,,,,,,,,WITHHOLD,6045.270220805084,
,,,,604,652,,reorg_or_tip_change,,,652,651,,,,IDLE,6056.148723684758,
,652,,,604,652,,publish,604,H,,,651,,,IDLE,6056.148723684758,6056.148723684758
,652,,,604,652,,mine_H_publish,,,,,,,,IDLE,6056.148723684758,
,,,,605,653,,reorg_or_tip_change,,,653,652,,,,IDLE,6062.267845491847,
,653,,,605,653,,publish,605,H,,,652,,,IDLE,6062.267845491847,6062.267845491847
,653,,,605,653,,mine_H_publish,,,,,,,,IDLE,6062.267845491847,
605,,,,605,653,6065.99326026835,mine_A_start_withhold,,,,,,654,,WITHHOLD,6062.27420107978,
,,,,606,654,,reorg_or_tip_change,,,654,653,,,,WITHHOLD,6065.99326026835,
,654,,,606,654,,publish,606,A,,,653,,,WITHHOLD,6065.99326026835,6065.99326026835
,,,654,606,654,,release_bn,,,,,,,,WITHHOLD,6065.99326026835,
,,,,606,654,,release_no_race,,,,,,,,WITHHOLD,6065.99326026835,
606,,,,606,654,6072.910646804961,mine_A_start_withhold,,,,,,655,,WITHHOLD,6069.191587616391,
,,,,607,656,,reorg_or_tip_change,,,656,654,,,,WITHHOLD,6070.869182075684,
,656,,,607,656,,publish,607,H,,,654,,,WITHHOLD,6070.869182075684,6070.869182075684
,656,,,607,656,,mine_H_publish,,,,,,,,WITHHOLD,6070.869182075684,
,655,,,607,656,,publish,607,A,,,654,,,WITHHOLD,6072.910646804961,6072.910646804961
,,,655,607,656,,release_bn,,,,,,,,WITHHOLD,6072.910646804961,
,,,,607,656,,release_enter_race,,,,,,,655,RACE,6072.910646804961,
,,,,608,657,,reorg_or_tip_change,,,657,656,,,,RACE,6091.128205068979,
,657,,,608,657,,publish,608,H,,,656,,,RACE,6091.128205068979,6091.128205068979
,657,,,608,657,,mine_H_publish,,,,,,,,RACE,6091.128205068979,
,,,,608,657,,race_lost,,,,,,,,RACE,6091.128205068979,
608,,,,608,657,6095.510690262891,mine_A_start_withhold,,,,,,658,,WITHHOLD,6091.791631074321,
,,,,609,658,,reorg_or_tip_change,,,658,657,,,,WITHHOLD,6095.510690262891,
,658,,,609,658,,publish,609,A,,,657,,,WITHHOLD,6095.510690262891,6095.510690262891
,,,658,609,658,,release_bn,,,,,,,,WITHHOLD,6095.510690262891,
,,,,609,658,,release_no_race,,,,,,,,WITHHOLD,6095.510690262891,
609,,,,609,658,6100.546090623445,mine_A_start_withhold,,,,,,659,,WITHHOLD,6096.827031434875,
,,,,610,659,,reorg_or_tip_change,,,659,658,,,,WITHHOLD,6100.546090623445,
,659,,,610,659,,publish,610,A,,,658,,,WITHHOLD,6100.546090623445,6100.546090623445
,,,659,610,659,,release_bn,,,,,,,,WITHHOLD,6100.546090623445,
,,,,610,659,,release_no_race,,,,,,,,WITHHOLD,6100.546090623445,
610,,,,610,659,6111.006788648019,mine_A_start_withhold,,,,,,660,,WITHHOLD,6107.287729459449,
,,,,611,660,,reorg_or_tip_change,,,660,659,,,,WITHHOLD,6111.006788648019,
,660,,,611,660,,publish,611,A,,,659,,,WITHHOLD,6111.006788648019,6111.006788648019
,,,660,611,660,,release_bn,,,,,,,,WITHHOLD,6111.006788648019,
,,,,611,660,,release_no_race,,,,,,,,WITHHOLD,6111.006788648019,
611,,,,611,660,6126.080434539601,mine_A_start_withhold,,,,,,661,,WITHHOLD,6122.361375351031,
,,,,612,661,,reorg_or_tip_change,,,661,660,,,,WITHHOLD,6126.080434539601,
,661,,,612,661,,publish,612,A,,,660,,,WITHHOLD,6126.080434539601,6126.080434539601
,,,661,612,661,,release_bn,,,,,,,,WITHHOLD,6126.080434539601,
,,,,612,661,,release_no_race,,,,,,,,WITHHOLD,6126.080434539601,
612,,,,612,661,6136.136060357838,mine_A_start_withhold,,,,,,662,,WITHHOLD,6132.417001169268,
,,,,613,662,,reorg_or_tip_change,,,662,661,,,,WITHHOLD,6136.136060357838,
,662,,,613,662,,publish,613,A,,,661,,,WITHHOLD,6136.136060357838,6136.136060357838
,,,662,613,662,,release_bn,,,,,,,,WITHHOLD,6136.136060357838,
,,,,613,662,,release_no_race,,,,,,,,WITHHOLD,6136.136060357838,
,,,,614,663,,reorg_or_tip_change,,,663,662,,,,IDLE,6145.828533655741,
,663,,,614,663,,publish,614,H,,,662,,,IDLE,6145.828533655741,6145.828533655741
,663,,,614,663,,mine_H_publish,,,,,,,,IDLE,6145.828533655741,
,,,,615,664,,reorg_or_tip_change,,,664,663,,,,IDLE,6152.5985568354545,
,664,,,615,664,,publish,615,H,,,663,,,IDLE,6152.5985568354545,6152.5985568354545
,664,,,615,664,,mine_H_publish,,,,,,,,IDLE,6152.5985568354545,
,,,,616,665,,reorg_or_tip_change,,,665,664,,,,IDLE,6160.191034994144,
,665,,,616,665,,publish,616,H,,,664,,,IDLE,6160.191034994144,6160.191034994144
,665,,,616,665,,mine_H_publish,,,,,,,,IDLE,6160.191034994144,
616,,,,616,665,6163.928714002043,mine_A_start_withhold,,,,,,666,,WITHHOLD,6160.209654813473,
,,,,617,666,,reorg_or_tip_change,,,666,665,,,,WITHHOLD,6162.3592962215935,
,666,,,617,666,,publish,617,A,,,665,,,WITHHOLD,6162.3592962215935,6162.3592962215935
,,,,618,667,,reorg_or_tip_change,,,667,666,,,,WITHHOLD,6162.3592962215935,
,667,,,618,667,,publish,618,A,,,666,,,WITHHOLD,6162.3592962215935,6162.3592962215935
,,667,666,618,667,,mine_A_withhold_success,,,,,,,,WITHHOLD,6162.3592962215935,
,,,,619,668,,reorg_or_tip_change,,,668,667,,,,IDLE,6166.416055875974,
,668,,,619,668,,publish,619,H,,,667,,,IDLE,6166.416055875974,6166.416055875974
,668,,,619,668,,mine_H_publish,,,,,,,,IDLE,6166.416055875974,
619,,,,619,668,6186.694011736879,mine_A_start_withhold,,,,,,669,,WITHHOLD,6182.9749525483085,
,,,,620,670,,reorg_or_tip_change,,,670,668,,,,WITHHOLD,6184.887531950566,
,670,,,620,670,,publish,620,H,,,668,,,WITHHOLD,6184.887531950566,6184.887531950566
,670,,,620,670,,mine_H_publish,,,,,,,,WITHHOLD,6184.887531950566,
,669,,,620,670,,publish,620,A,,,668,,,WITHHOLD,6186.694011736879,6186.694011736879
,,,669,620,670,,release_bn,,,,,,,,WITHHOLD,6186.694011736879,
,,,,620,670,,release_enter_race,,,,,,,669,RACE,6186.694011736879,
,,,,621,671,,reorg_or_tip_change,,,671,670,,,,RACE,6189.401056403348,
,671,,,621,671,,publish,621,A,,,669,,,RACE,6189.401056403348,6189.401056403348
,671,,,621,671,,mine_A_race_success,,,,,,,,RACE,6189.401056403348,
621,,,,621,671,6241.158659865514,mine_A_start_withhold,,,,,,672,,WITHHOLD,6237.439600676944,
,,,,622,672,,reorg_or_tip_change,,,672,671,,,,WITHHOLD,6241.158659865514,
,672,,,622,672,,publish,622,A,,,671,,,WITHHOLD,6241.158659865514,6241.158659865514
,,,672,622,672,,release_bn,,,,,,,,WITHHOLD,6241.158659865514,
,,,,622,672,,release_no_race,,,,,,,,WITHHOLD,6241.158659865514,
622,,,,622,672,6258.292077435907,mine_A_start_withhold,,,,,,673,,WITHHOLD,6254.573018247337,
,,,,623,673,,reorg_or_tip_change,,,673,672,,,,WITHHOLD,6258.292077435907,
,673,,,623,673,,publish,623,A,,,672,,,WITHHOLD,6258.292077435907,6258.292077435907
,,,673,623,673,,release_bn,,,,,,,,WITHHOLD,6258.292077435907,
,,,,623,673,,release_no_race,,,,,,,,WITHHOLD,6258.292077435907,
623,,,,623,673,6262.092061064164,mine_A_start_withhold,,,,,,674,,WITHHOLD,6258.373001875594,
,,,,624,675,,reorg_or_tip_change,,,675,673,,,,WITHHOLD,6262.01657659336,
,675,,,624,675,,publish,624,H,,,673,,,WITHHOLD,6262.01657659336,6262.01657659336
,675,,,624,675,,mine_H_publish,,,,,,,,WITHHOLD,6262.01657659336,
,674,,,624,675,,publish,624,A,,,673,,,WITHHOLD,6262.092061064164,6262.092061064164
,,,674,624,675,,release_bn,,,,,,,,WITHHOLD,6262.092061064164,
,,,,624,675,,release_enter_race,,,,,,,674,RACE,6262.092061064164,
,,,,625,676,,reorg_or_tip_change,,,676,675,,,,RACE,6295.904218049168,
,676,,,625,676,,publish,625,H,,,675,,,RACE,6295.904218049168,6295.904218049168
,676,,,625,676,,mine_H_publish,,,,,,,,RACE,6295.904218049168,
,,,,625,676,,race_lost,,,,,,,,RACE,6295.904218049168,
,,,,626,677,,reorg_or_tip_change,,,677,676,,,,IDLE,6300.448564629661,
,677,,,626,677,,publish,626,H,,,676,,,IDLE,6300.448564629661,6300.448564629661
,677,,,626,677,,mine_H_publish,,,,,,,,IDLE,6300.448564629661,
626,,,,626,677,6309.774430127878,mine_A_start_withhold,,,,,,678,,WITHHOLD,6306.055370939308,
,,,,627,678,,reorg_or_tip_change,,,678,677,,,,WITHHOLD,6309.774430127878,
,678,,,627,678,,publish,627,A,,,677,,,WITHHOLD,6309.774430127878,6309.774430127878
,,,678,627,678,,release_bn,,,,,,,,WITHHOLD,6309.774430127878,
,,,,627,678,,release_no_race,,,,,,,,WITHHOLD,6309.774430127878,
,,,,628,679,,reorg_or_tip_change,,,679,678,,,,IDLE,6311.443692695917,
,679,,,628,679,,publish,628,H,,,678,,,IDLE,6311.443692695917,6311.443692695917
,679,,,628,679,,mine_H_publish,,,,,,,,IDLE,6311.443692695917,
628,,,,628,679,6339.442715826079,mine_A_start_withhold,,,,,,680,,WITHHOLD,6335.723656637509,
,,,,629,680,,reorg_or_tip_change,,,680,679,,,,WITHHOLD,6339.442715826079,
,680,,,629,680,,publish,629,A,,,679,,,WITHHOLD,6339.442715826079,6339.442715826079
,,,680,629,680,,release_bn,,,,,,,,WITHHOLD,6339.442715826079,
,,,,629,680,,release_no_race,,,,,,,,WITHHOLD,6339.442715826079,
629,,,,629,680,6345.608403839754,mine_A_start_withhold,,,,,,681,,WITHHOLD,6341.889344651184,
,,,,630,681,,reorg_or_tip_change,,,681,680,,,,WITHHOLD,6345.608403839754,
,681,,,630,681,,publish,630,A,,,680,,,WITHHOLD,6345.608403839754,6345.608403839754
,,,681,630,681,,release_bn,,,,,,,,WITHHOLD,6345.608403839754,
,,,,630,681,,release_no_race,,,,,,,,WITHHOLD,6345.608403839754,
,,,,631,682,,reorg_or_tip_change,,,682,681,,,,IDLE,6355.946682139161,
,682,,,631,682,,publish,631,H,,,681,,,IDLE,6355.946682139161,6355.946682139161
,682,,,631,682,,mine_H_publish,,,,,,,,IDLE,6355.946682139161,
,,,,632,683,,reorg_or_tip_change,,,683,682,,,,IDLE,6412.764443103855,
,683,,,632,683,,publish,632,H,,,682,,,IDLE,6412.764443103855,6412.764443103855
,683,,,632,683,,mine_H_publish,,,,,,,,IDLE,6412.764443103855,
,,,,633,684,,reorg_or_tip_change,,,684,683,,,,IDLE,6418.994319301554,
,684,,,633,684,,publish,633,H,,,683,,,IDLE,6418.994319301554,6418.994319301554
,684,,,633,684,,mine_H_publish,,,,,,,,IDLE,6418.994319301554,
633,,,,633,684,6436.349088386681,mine_A_start_withhold,,,,,,685,,WITHHOLD,6432.630029198111,
,,,,634,685,,reorg_or_tip_change,,,685,684,,,,WITHHOLD,6434.286119551986,
,685,,,634,685,,publish,634,A,,,684,,,WITHHOLD,6434.286119551986,6434.286119551986
,,,,635,686,,reorg_or_tip_change,,,686,685,,,,WITHHOLD,6434.286119551986,
,686,,,635,686,,publish,635,A,,,685,,,WITHHOLD,6434.286119551986,6434.286119551986
,,686,685,635,686,,mine_A_withhold_success,,,,,,,,WITHHOLD,6434.286119551986,
635,,,,635,686,6451.361821838245,mine_A_start_withhold,,,,,,687,,WITHHOLD,6447.642762649675,
,,,,636,687,,reorg_or_tip_change,,,687,686,,,,WITHHOLD,6448.726462588781,
,687,,,636,687,,publish,636,A,,,686,,,WITHHOLD,6448.726462588781,6448.726462588781
,,,,637,688,,reorg_or_tip_change,,,688,687,,,,WITHHOLD,6448.726462588781,
,688,,,637,688,,publish,637,A,,,687,,,WITHHOLD,6448.726462588781,6448.726462588781
,,688,687,637,688,,mine_A_withhold_success,,,,,,,,WITHHOLD,6448.726462588781,
,,,,638,689,,reorg_or_tip_change,,,689,688,,,,IDLE,6478.223738504727,
,689,,,638,689,,publish,638,H,,,688,,,IDLE,6478.223738504727,6478.223738504727
,689,,,638,689,,mine_H_publish,,,,,,,,IDLE,6478.223738504727,
638,,,,638,689,6484.111767800491,mine_A_start_withhold,,,,,,690,,WITHHOLD,6480.392708611921,
,,,,639,690,,reorg_or_tip_change,,,690,689,,,,WITHHOLD,6484.111767800491,
,690,,,639,690,,publish,639,A,,,689,,,WITHHOLD,6484.111767800491,6484.111767800491
,,,690,639,690,,release_bn,,,,,,,,WITHHOLD,6484.111767800491,
,,,,639,690,,release_no_race,,,,,,,,WITHHOLD,6484.111767800491,
639,,,,639,690,6487.909213160609,mine_A_start_withhold,,,,,,691,,WITHHOLD,6484.190153972039,
,,,,640,692,,reorg_or_tip_change,,,692,690,,,,WITHHOLD,6487.477231407313,
,692,,,640,692,,publish,640,H,,,690,,,WITHHOLD,6487.477231407313,6487.477231407313
,692,,,640,692,,mine_H_publish,,,,,,,,WITHHOLD,6487.477231407313,
,691,,,640,692,,publish,640,A,,,690,,,WITHHOLD,6487.909213160609,6487.909213160609
,,,691,640,692,,release_bn,,,,,,,,WITHHOLD,6487.909213160609,
,,,,640,692,,release_enter_race,,,,,,,691,RACE,6487.909213160609,
,,,,641,693,,reorg_or_tip_change,,,693,692,,,,RACE,6489.632777268846,
,693,,,641,693,,publish,641,H,,,692,,,RACE,6489.632777268846,6489.632777268846
,693,,,641,693,,mine_H_publish,,,,,,,,RACE,6489.632777268846,
,,,,641,693,,race_lost,,,,,,,,RACE,6489.632777268846,
,,,,642,694,,reorg_or_tip_change,,,694,693,,,,IDLE,6493.845146507827,
,694,,,642,694,,publish,642,H,,,693,,,IDLE,6493.845146507827,6493.845146507827
,694,,,642,694,,mine_H_publish,,,,,,,,IDLE,6493.845146507827,
,,,,643,695,,reorg_or_tip_change,,,695,694,,,,IDLE,6514.567319360176,
,695,,,643,695,,publish,643,H,,,694,,,IDLE,6514.567319360176,6514.567319360176
,695,,,643,695,,mine_H_publish,,,,,,,,IDLE,6514.567319360176,
643,,,,643,695,6522.918253216745,mine_A_start_withhold,,,,,,696,,WITHHOLD,6519.199194028175,
,,,,644,696,,reorg_or_tip_change,,,696,695,,,,WITHHOLD,6522.918253216745,
,696,,,644,696,,publish,644,A,,,695,,,WITHHOLD,6522.918253216745,6522.918253216745
,,,696,644,696,,release_bn,,,,,,,,WITHHOLD,6522.918253216745,
,,,,644,696,,release_no_race,,,,,,,,WITHHOLD,6522.918253216745,
,,,,645,697,,reorg_or_tip_change,,,697,696,,,,IDLE,6587.906955464716,
,697,,,645,697,,publish,645,H,,,696,,,IDLE,6587.906955464716,6587.906955464716
,697,,,645,697,,mine_H_publish,,,,,,,,IDLE,6587.906955464716,
645,,,,645,697,6593.526231887433,mine_A_start_withhold,,,,,,698,,WITHHOLD,6589.807172698863,
,,,,646,699,,reorg_or_tip_change,,,699,697,,,,WITHHOLD,6593.221241715548,
,699,,,646,699,,publish,646,H,,,697,,,WITHHOLD,6593.221241715548,6593.221241715548
,699,,,646,699,,mine_H_publish,,,,,,,,WITHHOLD,6593.221241715548,
,698,,,646,699,,publish,646,A,,,697,,,WITHHOLD,6593.526231887433,6593.526231887433
,,,698,646,699,,release_bn,,,,,,,,WITHHOLD,6593.526231887433,
,,,,646,699,,release_enter_race,,,,,,,698,RACE,6593.526231887433,
,,,,647,700,,reorg_or_tip_change,,,700,699,,,,RACE,6599.9452044734835,
,700,,,647,700,,publish,647,A,,,698,,,RACE,6599.9452044734835,6599.9452044734835
,700,,,647,700,,mine_A_race_success,,,,,,,,RACE,6599.9452044734835,
,,,,648,701,,reorg_or_tip_change,,,701,700,,,,IDLE,6617.402460226691,
,701,,,648,701,,publish,648,H,,,700,,,IDLE,6617.402460226691,6617.402460226691
,701,,,648,701,,mine_H_publish,,,,,,,,IDLE,6617.402460226691,
648,,,,648,701,6626.377564761195,mine_A_start_withhold,,,,,,702,,WITHHOLD,6622.658505572625,
,,,,649,702,,reorg_or_tip_change,,,702,701,,,,WITHHOLD,6626.377564761195,
,702,,,649,702,,publish,649,A,,,701,,,WITHHOLD,6626.377564761195,6626.377564761195
,,,702,649,702,,release_bn,,,,,,,,WITHHOLD,6626.377564761195,
,,,,649,702,,release_no_race,,,,,,,,WITHHOLD,6626.377564761195,
,,,,650,703,,reorg_or_tip_change,,,703,702,,,,IDLE,6629.587990650538,
,703,,,650,703,,publish,650,H,,,702,,,IDLE,6629.587990650538,6629.587990650538
,703,,,650,703,,mine_H_publish,,,,,,,,IDLE,6629.587990650538,
,,,,651,704,,reorg_or_tip_change,,,704,703,,,,IDLE,6632.3548224000115,
,704,,,651,704,,publish,651,H,,,703,,,IDLE,6632.3548224000115,6632.3548224000115
,704,,,651,704,,mine_H_publish,,,,,,,,IDLE,6632.3548224000115,
,,,,652,705,,reorg_or_tip_change,,,705,704,,,,IDLE,6646.155212409367,
,705,,,652,705,,publish,652,H,,,704,,,IDLE,6646.155212409367,6646.155212409367
,705,,,652,705,,mine_H_publish,,,,,,,,IDLE,6646.155212409367,
652,,,,652,705,6660.125084953068,mine_A_start_withhold,,,,,,706,,WITHHOLD,6656.406025764498,
,,,,653,706,,reorg_or_tip_change,,,706,705,,,,WITHHOLD,6660.125084953068,
,706,,,653,706,,publish,653,A,,,705,,,WITHHOLD,6660.125084953068,6660.125084953068
,,,706,653,706,,release_bn,,,,,,,,WITHHOLD,6660.125084953068,
,,,,653,706,,release_no_race,,,,,,,,WITHHOLD,6660.125084953068,
653,,,,653,706,6684.359787640678,mine_A_start_withhold,,,,,,707,,WITHHOLD,6680.640728452108,
,,,,654,707,,reorg_or_tip_change,,,707,706,,,,WITHHOLD,6684.359787640678,
,707,,,654,707,,publish,654,A,,,706,,,WITHHOLD,6684.359787640678,6684.359787640678
,,,707,654,707,,release_bn,,,,,,,,WITHHOLD,6684.359787640678,
,,,,654,707,,release_no_race,,,,,,,,WITHHOLD,6684.359787640678,
,,,,655,708,,reorg_or_tip_change,,,708,707,,,,IDLE,6685.82484074951,
,708,,,655,708,,publish,655,H,,,707,,,IDLE,6685.82484074951,6685.82484074951
,708,,,655,708,,mine_H_publish,,,,,,,,IDLE,6685.82484074951,
655,,,,655,708,6703.236941383997,mine_A_start_withhold,,,,,,709,,WITHHOLD,6699.517882195427,
,,,,656,709,,reorg_or_tip_change,,,709,708,,,,WITHHOLD,6703.236941383997,
,709,,,656,709,,publish,656,A,,,708,,,WITHHOLD,6703.236941383997,6703.236941383997
,,,709,656,709,,release_bn,,,,,,,,WITHHOLD,6703.236941383997,
,,,,656,709,,release_no_race,,,,,,,,WITHHOLD,6703.236941383997,
656,,,,656,709,6723.736489053642,mine_A_start_withhold,,,,,,710,,WITHHOLD,6720.017429865072,
,,,,657,710,,reorg_or_tip_change,,,710,709,,,,WITHHOLD,6722.790498749718,
,710,,,657,710,,publish,657,A,,,709,,,WITHHOLD,6722.790498749718,6722.790498749718
,,,,658,711,,reorg_or_tip_change,,,711,710,,,,WITHHOLD,6722.790498749718,
,711,,,658,711,,publish,658,A,,,710,,,WITHHOLD,6722.790498749718,6722.790498749718
,,711,710,658,711,,mine_A_withhold_success,,,,,,,,WITHHOLD,6722.790498749718,
658,,,,658,711,6746.434791924042,mine_A_start_withhold,,,,,,712,,WITHHOLD,6742.715732735472,
,,,,659,712,,reorg_or_tip_change,,,712,711,,,,WITHHOLD,6742.862540788523,
,712,,,659,712,,publish,659,A,,,711,,,WITHHOLD,6742.862540788523,6742.862540788523
,,,,660,713,,reorg_or_tip_change,,,713,712,,,,WITHHOLD,6742.862540788523,
,713,,,660,713,,publish,660,A,,,712,,,WITHHOLD,6742.862540788523,6742.862540788523
,,713,712,660,713,,mine_A_withhold_success,,,,,,,,WITHHOLD,6742.862540788523,
660,,,,660,713,6757.1392586719485,mine_A_start_withhold,,,,,,714,,WITHHOLD,6753.420199483378,
,,,,661,714,,reorg_or_tip_change,,,714,713,,,,WITHHOLD,6755.611221668192,
,714,,,661,714,,publish,661,A,,,713,,,WITHHOLD,6755.611221668192,6755.611221668192
,,,,662,715,,reorg_or_tip_change,,,715,714,,,,WITHHOLD,6755.611221668192,
,715,,,662,715,,publish,662,A,,,714,,,WITHHOLD,6755.611221668192,6755.611221668192
,,715,714,662,715,,mine_A_withhold_success,,,,,,,,WITHHOLD,6755.611221668192,
,,,,663,716,,reorg_or_tip_change,,,716,715,,,,IDLE,6761.590251819001,
,716,,,663,716,,publish,663,H,,,715,,,IDLE,6761.590251819001,6761.590251819001
,716,,,663,716,,mine_H_publish,,,,,,,,IDLE,6761.590251819001,
663,,,,663,716,6772.071412184911,mine_A_start_withhold,,,,,,717,,WITHHOLD,6768.352352996341,
,,,,664,717,,reorg_or_tip_change,,,717,716,,,,WITHHOLD,6770.520343406106,
,717,,,664,717,,publish,664,A,,,716,,,WITHHOLD,6770.520343406106,6770.520343406106
,,,,665,718,,reorg_or_tip_change,,,718,717,,,,WITHHOLD,6770.520343406106,
,718,,,665,718,,publish,665,A,,,717,,,WITHHOLD,6770.520343406106,6770.520343406106
,,718,717,665,718,,mine_A_withhold_success,,,,,,,,WITHHOLD,6770.520343406106,
665,,,,665,718,6785.649174550752,mine_A_start_withhold,,,,,,719,,WITHHOLD,6781.930115362182,
,,,,666,719,,reorg_or_tip_change,,,719,718,,,,WITHHOLD,6785.649174550752,
,719,,,666,719,,publish,666,A,,,718,,,WITHHOLD,6785.649174550752,6785.649174550752
,,,719,666,719,,release_bn,,,,,,,,WITHHOLD,6785.649174550752,
,,,,666,719,,release_no_race,,,,,,,,WITHHOLD,6785.649174550752,
666,,,,666,719,6804.226473972023,mine_A_start_withhold,,,,,,720,,WITHHOLD,6800.507414783453,
,,,,667,720,,reorg_or_tip_change,,,720,719,,,,WITHHOLD,6804.226473972023,
,720,,,667,720,,publish,667,A,,,719,,,WITHHOLD,6804.226473972023,6804.226473972023
,,,720,667,720,,release_bn,,,,,,,,WITHHOLD,6804.226473972023,
,,,,667,720,,release_no_race,,,,,,,,WITHHOLD,6804.226473972023,
667,,,,667,720,6824.683120558024,mine_A_start_withhold,,,,,,721,,WITHHOLD,6820.964061369454,
,,,,668,721,,reorg_or_tip_change,,,721,720,,,,WITHHOLD,6824.683120558024,
,721,,,668,721,,publish,668,A,,,720,,,WITHHOLD,6824.683120558024,6824.683120558024
,,,721,668,721,,release_bn,,,,,,,,WITHHOLD,6824.683120558024,
,,,,668,721,,release_no_race,,,,,,,,WITHHOLD,6824.683120558024,
668,,,,668,721,6832.306600888093,mine_A_start_withhold,,,,,,722,,WITHHOLD,6828.587541699523,
,,,,669,722,,reorg_or_tip_change,,,722,721,,,,WITHHOLD,6829.253628594999,
,722,,,669,722,,publish,669,A,,,721,,,WITHHOLD,6829.253628594999,6829.253628594999
,,,,670,723,,reorg_or_tip_change,,,723,722,,,,WITHHOLD,6829.253628594999,
,723,,,670,723,,publish,670,A,,,722,,,WITHHOLD,6829.253628594999,6829.253628594999
,,723,722,670,723,,mine_A_withhold_success,,,,,,,,WITHHOLD,6829.253628594999,
,,,,671,724,,reorg_or_tip_change,,,724,723,,,,IDLE,6841.001103388749,
,724,,,671,724,,publish,671,H,,,723,,,IDLE,6841.001103388749,6841.001103388749
,724,,,671,724,,mine_H_publish,,,,,,,,IDLE,6841.001103388749,
,,,,672,725,,reorg_or_tip_change,,,725,724,,,,IDLE,6841.068383046472,
,725,,,672,725,,publish,672,H,,,724,,,IDLE,6841.068383046472,6841.068383046472
,725,,,672,725,,mine_H_publish,,,,,,,,IDLE,6841.068383046472,
672,,,,672,725,6877.427297825115,mine_A_start_withhold,,,,,,726,,WITHHOLD,6873.708238636545,
,,,,673,726,,reorg_or_tip_change,,,726,725,,,,WITHHOLD,6874.454104972486,
,726,,,673,726,,publish,673,A,,,725,,,WITHHOLD,6874.454104972486,6874.454104972486
,,,,674,727,,reorg_or_tip_change,,,727,726,,,,WITHHOLD,6874.454104972486,
,727,,,674,727,,publish,674,A,,,726,,,WITHHOLD,6874.454104972486,6874.454104972486
,,727,726,674,727,,mine_A_withhold_success,,,,,,,,WITHHOLD,6874.454104972486,
,,,,675,728,,reorg_or_tip_change,,,728,727,,,,IDLE,6884.838578630917,
,728,,,675,728,,publish,675,H,,,727,,,IDLE,6884.838578630917,6884.838578630917
,728,,,675,728,,mine_H_publish,,,,,,,,IDLE,6884.838578630917,
,,,,676,729,,reorg_or_tip_change,,,729,728,,,,IDLE,6890.005890992739,
,729,,,676,729,,publish,676,H,,,728,,,IDLE,6890.005890992739,6890.005890992739
,729,,,676,729,,mine_H_publish,,,,,,,,IDLE,6890.005890992739,
,,,,677,730,,reorg_or_tip_change,,,730,729,,,,IDLE,6891.988496308166,
,730,,,677,730,,publish,677,H,,,729,,,IDLE,6891.988496308166,6891.988496308166
,730,,,677,730,,mine_H_publish,,,,,,,,IDLE,6891.988496308166,
677,,,,677,730,6911.990277066379,mine_A_start_withhold,,,,,,731,,WITHHOLD,6908.271217877809,
,,,,678,731,,reorg_or_tip_change,,,731,730,,,,WITHHOLD,6911.990277066379,
,731,,,678,731,,publish,678,A,,,730,,,WITHHOLD,6911.990277066379,6911.990277066379
,,,731,678,731,,release_bn,,,,,,,,WITHHOLD,6911.990277066379,
,,,,678,731,,release_no_race,,,,,,,,WITHHOLD,6911.990277066379,
678,,,,678,731,6945.05305523323,mine_A_start_withhold,,,,,,732,,WITHHOLD,6941.33399604466,
,,,,679,733,,reorg_or_tip_change,,,733,731,,,,WITHHOLD,6943.386261018989,
,733,,,679,733,,publish,679,H,,,731,,,WITHHOLD,6943.386261018989,6943.386261018989
,733,,,679,733,,mine_H_publish,,,,,,,,WITHHOLD,6943.386261018989,
,732,,,679,733,,publish,679,A,,,731,,,WITHHOLD,6945.05305523323,6945.05305523323
,,,732,679,733,,release_bn,,,,,,,,WITHHOLD,6945.05305523323,
,,,,679,733,,release_enter_race,,,,,,,732,RACE,6945.05305523323,
,,,,680,734,,reorg_or_tip_change,,,734,733,,,,RACE,6975.435120518614,
,734,,,680,734,,publish,680,A,,,732,,,RACE,6975.435120518614,6975.435120518614
,734,,,680,734,,mine_A_race_success,,,,,,,,RACE,6975.435120518614,
680,,,,680,734,6987.530925507837,mine_A_start_withhold,,,,,,735,,WITHHOLD,6983.811866319267,
,,,,681,735,,reorg_or_tip_change,,,735,734,,,,WITHHOLD,6986.7209732557385,
,735,,,681,735,,publish,681,A,,,734,,,WITHHOLD,6986.7209732557385,6986.7209732557385
,,,,682,736,,reorg_or_tip_change,,,736,735,,,,WITHHOLD,6986.7209732557385,
,736,,,682,736,,publish,682,A,,,735,,,WITHHOLD,6986.7209732557385,6986.7209732557385
,,736,735,682,736,,mine_A_withhold_success,,,,,,,,WITHHOLD,6986.7209732557385,
682,,,,682,736,6992.544719282128,mine_A_start_withhold,,,,,,737,,WITHHOLD,6988.825660093558,
,,,,683,737,,reorg_or_tip_change,,,737,736,,,,WITHHOLD,6992.544719282128,
,737,,,683,737,,publish,683,A,,,736,,,WITHHOLD,6992.544719282128,6992.544719282128
,,,737,683,737,,release_bn,,,,,,,,WITHHOLD,6992.544719282128,
,,,,683,737,,release_no_race,,,,,,,,WITHHOLD,6992.544719282128,
683,,,,683,737,7000.772942176516,mine_A_start_withhold,,,,,,738,,WITHHOLD,6997.053882987946,
,,,,684,738,,reorg_or_tip_change,,,738,737,,,,WITHHOLD,7000.772942176516,
,738,,,684,738,,publish,684,A,,,737,,,WITHHOLD,7000.772942176516,7000.772942176516
,,,738,684,738,,release_bn,,,,,,,,WITHHOLD,7000.772942176516,
,,,,684,738,,release_no_race,,,,,,,,WITHHOLD,7000.772942176516,
684,,,,684,738,7019.827031526077,mine_A_start_withhold,,,,,,739,,WITHHOLD,7016.107972337507,
,,,,685,739,,reorg_or_tip_change,,,739,738,,,,WITHHOLD,7019.827031526077,
,739,,,685,739,,publish,685,A,,,738,,,WITHHOLD,7019.827031526077,7019.827031526077
,,,739,685,739,,release_bn,,,,,,,,WITHHOLD,7019.827031526077,
,,,,685,739,,release_no_race,,,,,,,,WITHHOLD,7019.827031526077,
,,,,686,740,,reorg_or_tip_change,,,740,739,,,,IDLE,7024.422019648356,
,740,,,686,740,,publish,686,H,,,739,,,IDLE,7024.422019648356,7024.422019648356
,740,,,686,740,,mine_H_publish,,,,,,,,IDLE,7024.422019648356,
686,,,,686,740,7032.018600912258,mine_A_start_withhold,,,,,,741,,WITHHOLD,7028.299541723688,
,,,,687,741,,reorg_or_tip_change,,,741,740,,,,WITHHOLD,7028.7149194551,
,741,,,687,741,,publish,687,A,,,740,,,WITHHOLD,7028.7149194551,7028.7149194551
,,,,688,742,,reorg_or_tip_change,,,742,741,,,,WITHHOLD,7028.7149194551,
,742,,,688,742,,publish,688,A,,,741,,,WITHHOLD,7028.7149194551,7028.7149194551
,,742,741,688,742,,mine_A_withhold_success,,,,,,,,WITHHOLD,7028.7149194551,
,,,,689,743,,reorg_or_tip_change,,,743,742,,,,IDLE,7032.326020371248,
,743,,,689,743,,publish,689,H,,,742,,,IDLE,7032.326020371248,7032.326020371248
,743,,,689,743,,mine_H_publish,,,,,,,,IDLE,7032.326020371248,
689,,,,689,743,7037.221714174239,mine_A_start_withhold,,,,,,744,,WITHHOLD,7033.502654985669,
,,,,690,744,,reorg_or_tip_change,,,744,743,,,,WITHHOLD,7037.221714174239,
,744,,,690,744,,publish,690,A,,,743,,,WITHHOLD,7037.221714174239,7037.221714174239
,,,744,690,744,,release_bn,,,,,,,,WITHHOLD,7037.221714174239,
,,,,690,744,,release_no_race,,,,,,,,WITHHOLD,7037.221714174239,
690,,,,690,744,7055.424737803274,mine_A_start_withhold,,,,,,745,,WITHHOLD,7051.705678614704,
,,,,691,745,,reorg_or_tip_change,,,745,744,,,,WITHHOLD,7053.83932713784,
,745,,,691,745,,publish,691,A,,,744,,,WITHHOLD,7053.83932713784,7053.83932713784
,,,,692,746,,reorg_or_tip_change,,,746,745,,,,WITHHOLD,7053.83932713784,
,746,,,692,746,,publish,692,A,,,745,,,WITHHOLD,7053.83932713784,7053.83932713784
,,746,745,692,746,,mine_A_withhold_success,,,,,,,,WITHHOLD,7053.83932713784,
692,,,,692,746,7061.784753976682,mine_A_start_withhold,,,,,,747,,WITHHOLD,7058.065694788112,
,,,,693,747,,reorg_or_tip_change,,,747,746,,,,WITHHOLD,7061.784753976682,
,747,,,693,747,,publish,693,A,,,746,,,WITHHOLD,7061.784753976682,7061.784753976682
,,,747,693,747,,release_bn,,,,,,,,WITHHOLD,7061.784753976682,
,,,,693,747,,release_no_race,,,,,,,,WITHHOLD,7061.784753976682,
693,,,,693,747,7070.549080586771,mine_A_start_withhold,,,,,,748,,WITHHOLD,7066.830021398201,
,,,,694,749,,reorg_or_tip_change,,,749,747,,,,WITHHOLD,7067.90356022667,
,749,,,694,749,,publish,694,H,,,747,,,WITHHOLD,7067.90356022667,7067.90356022667
,749,,,694,749,,mine_H_publish,,,,,,,,WITHHOLD,7067.90356022667,
,748,,,694,749,,publish,694,A,,,747,,,WITHHOLD,7070.549080586771,7070.549080586771
,,,748,694,749,,release_bn,,,,,,,,WITHHOLD,7070.549080586771,
,,,,694,749,,release_enter_race,,,,,,,748,RACE,7070.549080586771,
,,,,695,750,,reorg_or_tip_change,,,750,749,,,,RACE,7078.848448404121,
,750,,,695,750,,publish,695,A,,,748,,,RACE,7078.848448404121,7078.848448404121
,750,,,695,750,,mine_A_race_success,,,,,,,,RACE,7078.848448404121,
695,,,,695,750,7087.997138038423,mine_A_start_withhold,,,,,,751,,WITHHOLD,7084.278078849853,
,,,,696,751,,reorg_or_tip_change,,,751,750,,,,WITHHOLD,7087.997138038423,
,751,,,696,751,,publish,696,A,,,750,,,WITHHOLD,7087.997138038423,7087.997138038423
,,,751,696,751,,release_bn,,,,,,,,WITHHOLD,7087.997138038423,
,,,,696,751,,release_no_race,,,,,,,,WITHHOLD,7087.997138038423,
,,,,697,752,,reorg_or_tip_change,,,752,751,,,,IDLE,7095.491495133097,
,752,,,697,752,,publish,697,H,,,751,,,IDLE,7095.491495133097,7095.491495133097
,752,,,697,752,,mine_H_publish,,,,,,,,IDLE,7095.491495133097,
,,,,698,753,,reorg_or_tip_change,,,753,752,,,,IDLE,7105.0401686540245,
,753,,,698,753,,publish,698,H,,,752,,,IDLE,7105.0401686540245,7105.0401686540245
,753,,,698,753,,mine_H_publish,,,,,,,,IDLE,7105.0401686540245,
698,,,,698,753,7129.28369152165,mine_A_start_withhold,,,,,,754,,WITHHOLD,7125.56463233308,
,,,,699,754,,reorg_or_tip_change,,,754,753,,,,WITHHOLD,7129.28369152165,
,754,,,699,754,,publish,699,A,,,753,,,WITHHOLD,7129.28369152165,7129.28369152165
,,,754,699,754,,release_bn,,,,,,,,WITHHOLD,7129.28369152165,
,,,,699,754,,release_no_race,,,,,,,,WITHHOLD,7129.28369152165,
699,,,,699,754,7136.844673619858,mine_A_start_withhold,,,,,,755,,WITHHOLD,7133.125614431288,
,,,,700,755,,reorg_or_tip_change,,,755,754,,,,WITHHOLD,7133.846332213303,
,755,,,700,755,,publish,700,A,,,754,,,WITHHOLD,7133.846332213303,7133.846332213303
,,,,701,756,,reorg_or_tip_change,,,756,755,,,,WITHHOLD,7133.846332213303,
,756,,,701,756,,publish,701,A,,,755,,,WITHHOLD,7133.846332213303,7133.846332213303
,,756,755,701,756,,mine_A_withhold_success,,,,,,,,WITHHOLD,7133.846332213303,
701,,,,701,756,7142.6611109422465,mine_A_start_withhold,,,,,,757,,WITHHOLD,7138.942051753676,
,,,,702,757,,reorg_or_tip_change,,,757,756,,,,WITHHOLD,7142.6611109422465,
,757,,,702,757,,publish,702,A,,,756,,,WITHHOLD,7142.6611109422465,7142.6611109422465
,,,757,702,757,,release_bn,,,,,,,,WITHHOLD,7142.6611109422465,
,,,,702,757,,release_no_race,,,,,,,,WITHHOLD,7142.6611109422465,
702,,,,702,757,7189.256748664576,mine_A_start_withhold,,,,,,758,,WITHHOLD,7185.537689476006,
,,,,703,759,,reorg_or_tip_change,,,759,757,,,,WITHHOLD,7186.766258235065,
,759,,,703,759,,publish,703,H,,,757,,,WITHHOLD,7186.766258235065,7186.766258235065
,759,,,703,759,,mine_H_publish,,,,,,,,WITHHOLD,7186.766258235065,
,758,,,703,759,,publish,703,A,,,757,,,WITHHOLD,7188.468083611155,7188.468083611155
,,,,704,760,,reorg_or_tip_change,,,760,759,,,,WITHHOLD,7188.468083611155,
,760,,,704,760,,publish,704,A,,,758,,,WITHHOLD,7188.468083611155,7188.468083611155
,,760,758,704,760,,mine_A_withhold_success,,,,,,,,WITHHOLD,7188.468083611155,
704,,,,704,760,7197.106317199911,mine_A_start_withhold,,,,,,761,,WITHHOLD,7193.387258011341,
,,,,705,761,,reorg_or_tip_change,,,761,760,,,,WITHHOLD,7197.106317199911,
,761,,,705,761,,publish,705,A,,,760,,,WITHHOLD,7197.106317199911,7197.106317199911
,,,761,705,761,,release_bn,,,,,,,,WITHHOLD,7197.106317199911,
,,,,705,761,,release_no_race,,,,,,,,WITHHOLD,7197.106317199911,
705,,,,705,761,7208.40075294736,mine_A_start_withhold,,,,,,762,,WITHHOLD,7204.68169375879,
,,,,706,762,,reorg_or_tip_change,,,762,761,,,,WITHHOLD,7208.40075294736,
,762,,,706,762,,publish,706,A,,,761,,,WITHHOLD,7208.40075294736,7208.40075294736
,,,762,706,762,,release_bn,,,,,,,,WITHHOLD,7208.40075294736,
,,,,706,762,,release_no_race,,,,,,,,WITHHOLD,7208.40075294736,
706,,,,706,762,7212.811583772414,mine_A_start_withhold,,,,,,763,,WITHHOLD,7209.092524583844,
,,,,707,763,,reorg_or_tip_change,,,763,762,,,,WITHHOLD,7212.811583772414,
,763,,,707,763,,publish,707,A,,,762,,,WITHHOLD,7212.811583772414,7212.811583772414
,,,763,707,763,,release_bn,,,,,,,,WITHHOLD,7212.811583772414,
,,,,707,763,,release_no_race,,,,,,,,WITHHOLD,7212.811583772414,
,,,,708,764,,reorg_or_tip_change,,,764,763,,,,IDLE,7214.197678833318,
,764,,,708,764,,publish,708,H,,,763,,,IDLE,7214.197678833318,7214.197678833318
,764,,,708,764,,mine_H_publish,,,,,,,,IDLE,7214.197678833318,
,,,,709,765,,reorg_or_tip_change,,,765,764,,,,IDLE,7226.7464830124845,
,765,,,709,765,,publish,709,H,,,764,,,IDLE,7226.7464830124845,7226.7464830124845
,765,,,709,765,,mine_H_publish,,,,,,,,IDLE,7226.7464830124845,
,,,,710,766,,reorg_or_tip_change,,,766,765,,,,IDLE,7234.826540707111,
,766,,,710,766,,publish,710,H,,,765,,,IDLE,7234.826540707111,7234.826540707111
,766,,,710,766,,mine_H_publish,,,,,,,,IDLE,7234.826540707111,
710,,,,710,766,7240.0570194742595,mine_A_start_withhold,,,,,,767,,WITHHOLD,7236.337960285689,
,,,,711,767,,reorg_or_tip_change,,,767,766,,,,WITHHOLD,7240.0570194742595,
,767,,,711,767,,publish,711,A,,,766,,,WITHHOLD,7240.0570194742595,7240.0570194742595
,,,767,711,767,,release_bn,,,,,,,,WITHHOLD,7240.0570194742595,
,,,,711,767,,release_no_race,,,,,,,,WITHHOLD,7240.0570194742595,
711,,,,711,767,7249.849983365657,mine_A_start_withhold,,,,,,768,,WITHHOLD,7246.130924177087,
,,,,712,768,,reorg_or_tip_change,,,768,767,,,,WITHHOLD,7249.137578379618,
,768,,,712,768,,publish,712,A,,,767,,,WITHHOLD,7249.137578379618,7249.137578379618
,,,,713,769,,reorg_or_tip_change,,,769,768,,,,WITHHOLD,7249.137578379618,
,769,,,713,769,,publish,713,A,,,768,,,WITHHOLD,7249.137578379618,7249.137578379618
,,769,768,713,769,,mine_A_withhold_success,,,,,,,,WITHHOLD,7249.137578379618,
,,,,714,770,,reorg_or_tip_change,,,770,769,,,,IDLE,7255.787192759878,
,770,,,714,770,,publish,714,H,,,769,,,IDLE,7255.787192759878,7255.787192759878
,770,,,714,770,,mine_H_publish,,,,,,,,IDLE,7255.787192759878,
,,,,715,771,,reorg_or_tip_change,,,771,770,,,,IDLE,7267.291671143601,
,771,,,715,771,,publish,715,H,,,770,,,IDLE,7267.291671143601,7267.291671143601
,771,,,715,771,,mine_H_publish,,,,,,,,IDLE,7267.291671143601,
,,,,716,772,,reorg_or_tip_change,,,772,771,,,,IDLE,7269.998393951565,
,772,,,716,772,,publish,716,H,,,771,,,IDLE,7269.998393951565,7269.998393951565
,772,,,716,772,,mine_H_publish,,,,,,,,IDLE,7269.998393951565,
716,,,,716,772,7277.3017601868305,mine_A_start_withhold,,,,,,773,,WITHHOLD,7273.58270099826,
,,,,717,773,,reorg_or_tip_change,,,773,772,,,,WITHHOLD,7277.3017601868305,
,773,,,717,773,,publish,717,A,,,772,,,WITHHOLD,7277.3017601868305,7277.3017601868305
,,,773,717,773,,release_bn,,,,,,,,WITHHOLD,7277.3017601868305,
,,,,717,773,,release_no_race,,,,,,,,WITHHOLD,7277.3017601868305,
,,,,718,774,,reorg_or_tip_change,,,774,773,,,,IDLE,7282.6408781208875,
,774,,,718,774,,publish,718,H,,,773,,,IDLE,7282.6408781208875,7282.6408781208875
,774,,,718,774,,mine_H_publish,,,,,,,,IDLE,7282.6408781208875,
718,,,,718,774,7288.946286915978,mine_A_start_withhold,,,,,,775,,WITHHOLD,7285.227227727408,
,,,,719,775,,reorg_or_tip_change,,,775,774,,,,WITHHOLD,7288.946286915978,
,775,,,719,775,,publish,719,A,,,774,,,WITHHOLD,7288.946286915978,7288.946286915978
,,,775,719,775,,release_bn,,,,,,,,WITHHOLD,7288.946286915978,
,,,,719,775,,release_no_race,,,,,,,,WITHHOLD,7288.946286915978,
,,,,720,776,,reorg_or_tip_change,,,776,775,,,,IDLE,7289.263628100589,
,776,,,720,776,,publish,720,H,,,775,,,IDLE,7289.263628100589,7289.263628100589
,776,,,720,776,,mine_H_publish,,,,,,,,IDLE,7289.263628100589,
,,,,721,777,,reorg_or_tip_change,,,777,776,,,,IDLE,7293.892845978136,
,777,,,721,777,,publish,721,H,,,776,,,IDLE,7293.892845978136,7293.892845978136
,777,,,721,777,,mine_H_publish,,,,,,,,IDLE,7293.892845978136,
,,,,722,778,,reorg_or_tip_change,,,778,777,,,,IDLE,7296.664224486512,
,778,,,722,778,,publish,722,H,,,777,,,IDLE,7296.664224486512,7296.664224486512
,778,,,722,778,,mine_H_publish,,,,,,,,IDLE,7296.664224486512,
722,,,,722,778,7313.89020543926,mine_A_start_withhold,,,,,,779,,WITHHOLD,7310.17114625069,
,,,,723,779,,reorg_or_tip_change,,,779,778,,,,WITHHOLD,7313.89020543926,
,779,,,723,779,,publish,723,A,,,778,,,WITHHOLD,7313.89020543926,7313.89020543926
,,,779,723,779,,release_bn,,,,,,,,WITHHOLD,7313.89020543926,
,,,,723,779,,release_no_race,,,,,,,,WITHHOLD,7313.89020543926,
723,,,,723,779,7326.7879289615985,mine_A_start_withhold,,,,,,780,,WITHHOLD,7323.068869773028,
,,,,724,781,,reorg_or_tip_change,,,781,779,,,,WITHHOLD,7325.848304529177,
,781,,,724,781,,publish,724,H,,,779,,,WITHHOLD,7325.848304529177,7325.848304529177
,781,,,724,781,,mine_H_publish,,,,,,,,WITHHOLD,7325.848304529177,
,780,,,724,781,,publish,724,A,,,779,,,WITHHOLD,7326.7879289615985,7326.7879289615985
,,,780,724,781,,release_bn,,,,,,,,WITHHOLD,7326.7879289615985,
,,,,724,781,,release_enter_race,,,,,,,780,RACE,7326.7879289615985,
,,,,725,782,,reorg_or_tip_change,,,782,781,,,,RACE,7361.809964887643,
,782,,,725,782,,publish,725,A,,,780,,,RACE,7361.809964887643,7361.809964887643
,782,,,725,782,,mine_A_race_success,,,,,,,,RACE,7361.809964887643,
725,,,,725,782,7367.184176857247,mine_A_start_withhold,,,,,,783,,WITHHOLD,7363.465117668677,
,,,,726,783,,reorg_or_tip_change,,,783,782,,,,WITHHOLD,7367.184176857247,
,783,,,726,783,,publish,726,A,,,782,,,WITHHOLD,7367.184176857247,7367.184176857247
,,,783,726,783,,release_bn,,,,,,,,WITHHOLD,7367.184176857247,
,,,,726,783,,release_no_race,,,,,,,,WITHHOLD,7367.184176857247,
,,,,727,784,,reorg_or_tip_change,,,784,783,,,,IDLE,7373.128549893498,
,784,,,727,784,,publish,727,H,,,783,,,IDLE,7373.128549893498,7373.128549893498
,784,,,727,784,,mine_H_publish,,,,,,,,IDLE,7373.128549893498,
727,,,,727,784,7395.819955684472,mine_A_start_withhold,,,,,,785,,WITHHOLD,7392.100896495902,
,,,,728,785,,reorg_or_tip_change,,,785,784,,,,WITHHOLD,7395.819955684472,
,785,,,728,785,,publish,728,A,,,784,,,WITHHOLD,7395.819955684472,7395.819955684472
,,,785,728,785,,release_bn,,,,,,,,WITHHOLD,7395.819955684472,
,,,,728,785,,release_no_race,,,,,,,,WITHHOLD,7395.819955684472,
,,,,729,786,,reorg_or_tip_change,,,786,785,,,,IDLE,7397.39062755862,
,786,,,729,786,,publish,729,H,,,785,,,IDLE,7397.39062755862,7397.39062755862
,786,,,729,786,,mine_H_publish,,,,,,,,IDLE,7397.39062755862,
,,,,730,787,,reorg_or_tip_change,,,787,786,,,,IDLE,7399.009767307797,
,787,,,730,787,,publish,730,H,,,786,,,IDLE,7399.009767307797,7399.009767307797
,787,,,730,787,,mine_H_publish,,,,,,,,IDLE,7399.009767307797,
,,,,731,788,,reorg_or_tip_change,,,788,787,,,,IDLE,7402.050743950948,
,788,,,731,788,,publish,731,H,,,787,,,IDLE,7402.050743950948,7402.050743950948
,788,,,731,788,,mine_H_publish,,,,,,,,IDLE,7402.050743950948,
731,,,,731,788,7407.766702072464,mine_A_start_withhold,,,,,,789,,WITHHOLD,7404.047642883894,
,,,,732,789,,reorg_or_tip_change,,,789,788,,,,WITHHOLD,7407.766702072464,
,789,,,732,789,,publish,732,A,,,788,,,WITHHOLD,7407.766702072464,7407.766702072464
,,,789,732,789,,release_bn,,,,,,,,WITHHOLD,7407.766702072464,
,,,,732,789,,release_no_race,,,,,,,,WITHHOLD,7407.766702072464,
,,,,733,790,,reorg_or_tip_change,,,790,789,,,,IDLE,7413.1875660926025,
,790,,,733,790,,publish,733,H,,,789,,,IDLE,7413.1875660926025,7413.1875660926025
,790,,,733,790,,mine_H_publish,,,,,,,,IDLE,7413.1875660926025,
733,,,,733,790,7422.511158974613,mine_A_start_withhold,,,,,,791,,WITHHOLD,7418.792099786043,
,,,,734,791,,reorg_or_tip_change,,,791,790,,,,WITHHOLD,7422.511158974613,
,791,,,734,791,,publish,734,A,,,790,,,WITHHOLD,7422.511158974613,7422.511158974613
,,,791,734,791,,release_bn,,,,,,,,WITHHOLD,7422.511158974613,
,,,,734,791,,release_no_race,,,,,,,,WITHHOLD,7422.511158974613,
,,,,735,792,,reorg_or_tip_change,,,792,791,,,,IDLE,7437.12592859606,
,792,,,735,792,,publish,735,H,,,791,,,IDLE,7437.12592859606,7437.12592859606
,792,,,735,792,,mine_H_publish,,,,,,,,IDLE,7437.12592859606,
,,,,736,793,,reorg_or_tip_change,,,793,792,,,,IDLE,7439.915947652621,
,793,,,736,793,,publish,736,H,,,792,,,IDLE,7439.915947652621,7439.915947652621
,793,,,736,793,,mine_H_publish,,,,,,,,IDLE,7439.915947652621,
736,,,,736,793,7457.722973147184,mine_A_start_withhold,,,,,,794,,WITHHOLD,7454.003913958614,
,,,,737,794,,reorg_or_tip_change,,,794,793,,,,WITHHOLD,7454.804667525322,
,794,,,737,794,,publish,737,A,,,793,,,WITHHOLD,7454.804667525322,7454.804667525322
,,,,738,795,,reorg_or_tip_change,,,795,794,,,,WITHHOLD,7454.804667525322,
,795,,,738,795,,publish,738,A,,,794,,,WITHHOLD,7454.804667525322,7454.804667525322
,,795,794,738,795,,mine_A_withhold_success,,,,,,,,WITHHOLD,7454.804667525322,
738,,,,738,795,7490.442824929392,mine_A_start_withhold,,,,,,796,,WITHHOLD,7486.723765740822,
,,,,739,796,,reorg_or_tip_change,,,796,795,,,,WITHHOLD,7490.442824929392,
,796,,,739,796,,publish,739,A,,,795,,,WITHHOLD,7490.442824929392,7490.442824929392
,,,796,739,796,,release_bn,,,,,,,,WITHHOLD,7490.442824929392,
,,,,739,796,,release_no_race,,,,,,,,WITHHOLD,7490.442824929392,
739,,,,739,796,7498.23801948302,mine_A_start_withhold,,,,,,797,,WITHHOLD,7494.51896029445,
,,,,740,797,,reorg_or_tip_change,,,797,796,,,,WITHHOLD,7498.23801948302,
,797,,,740,797,,publish,740,A,,,796,,,WITHHOLD,7498.23801948302,7498.23801948302
,,,797,740,797,,release_bn,,,,,,,,WITHHOLD,7498.23801948302,
,,,,740,797,,release_no_race,,,,,,,,WITHHOLD,7498.23801948302,
740,,,,740,797,7505.898850849883,mine_A_start_withhold,,,,,,798,,WITHHOLD,7502.179791661313,
,,,,741,798,,reorg_or_tip_change,,,798,797,,,,WITHHOLD,7505.898850849883,
,798,,,741,798,,publish,741,A,,,797,,,WITHHOLD,7505.898850849883,7505.898850849883
,,,798,741,798,,release_bn,,,,,,,,WITHHOLD,7505.898850849883,
,,,,741,798,,release_no_race,,,,,,,,WITHHOLD,7505.898850849883,
741,,,,741,798,7549.012985350624,mine_A_start_withhold,,,,,,799,,WITHHOLD,7545.293926162054,
,,,,742,799,,reorg_or_tip_change,,,799,798,,,,WITHHOLD,7549.012985350624,
,799,,,742,799,,publish,742,A,,,798,,,WITHHOLD,7549.012985350624,7549.012985350624
,,,799,742,799,,release_bn,,,,,,,,WITHHOLD,7549.012985350624,
,,,,742,799,,release_no_race,,,,,,,,WITHHOLD,7549.012985350624,
,,,,743,800,,reorg_or_tip_change,,,800,799,,,,IDLE,7559.7104498696945,
,800,,,743,800,,publish,743,H,,,799,,,IDLE,7559.7104498696945,7559.7104498696945
,800,,,743,800,,mine_H_publish,,,,,,,,IDLE,7559.7104498696945,
743,,,,743,800,7565.052569390275,mine_A_start_withhold,,,,,,801,,WITHHOLD,7561.3335102017045,
,,,,744,801,,reorg_or_tip_change,,,801,800,,,,WITHHOLD,7565.052569390275,
,801,,,744,801,,publish,744,A,,,800,,,WITHHOLD,7565.052569390275,7565.052569390275
,,,801,744,801,,release_bn,,,,,,,,WITHHOLD,7565.052569390275,
,,,,744,801,,release_no_race,,,,,,,,WITHHOLD,7565.052569390275,
,,,,745,802,,reorg_or_tip_change,,,802,801,,,,IDLE,7567.276021741193,
,802,,,745,802,,publish,745,H,,,801,,,IDLE,7567.276021741193,7567.276021741193
,802,,,745,802,,mine_H_publish,,,,,,,,IDLE,7567.276021741193,
,,,,746,803,,reorg_or_tip_change,,,803,802,,,,IDLE,7568.027361386455,
,803,,,746,803,,publish,746,H,,,802,,,IDLE,7568.027361386455,7568.027361386455
,803,,,746,803,,mine_H_publish,,,,,,,,IDLE,7568.027361386455,
746,,,,746,803,7579.788093721804,mine_A_start_withhold,,,,,,804,,WITHHOLD,7576.069034533234,
,,,,747,804,,reorg_or_tip_change,,,804,803,,,,WITHHOLD,7579.788093721804,
,804,,,747,804,,publish,747,A,,,803,,,WITHHOLD,7579.788093721804,7579.788093721804
,,,804,747,804,,release_bn,,,,,,,,WITHHOLD,7579.788093721804,
,,,,747,804,,release_no_race,,,,,,,,WITHHOLD,7579.788093721804,
,,,,748,805,,reorg_or_tip_change,,,805,804,,,,IDLE,7582.139927821952,
,805,,,748,805,,publish,748,H,,,804,,,IDLE,7582.139927821952,7582.139927821952
,805,,,748,805,,mine_H_publish,,,,,,,,IDLE,7582.139927821952,
,,,,749,806,,reorg_or_tip_change,,,806,805,,,,IDLE,7622.299421834463,
,806,,,749,806,,publish,749,H,,,805,,,IDLE,7622.299421834463,7622.299421834463
,806,,,749,806,,mine_H_publish,,,,,,,,IDLE,7622.299421834463,
749,,,,749,806,7629.134460725221,mine_A_start_withhold,,,,,,807,,WITHHOLD,7625.415401536651,
,,,,750,807,,reorg_or_tip_change,,,807,806,,,,WITHHOLD,7629.134460725221,
,807,,,750,807,,publish,750,A,,,806,,,WITHHOLD,7629.134460725221,7629.134460725221
,,,807,750,807,,release_bn,,,,,,,,WITHHOLD,7629.134460725221,
,,,,750,807,,release_no_race,,,,,,,,WITHHOLD,7629.134460725221,
750,,,,750,807,7648.167867225587,mine_A_start_withhold,,,,,,808,,WITHHOLD,7644.4488080370165,
,,,,751,809,,reorg_or_tip_change,,,809,807,,,,WITHHOLD,7646.823106173156,
,809,,,751,809,,publish,751,H,,,807,,,WITHHOLD,7646.823106173156,7646.823106173156
,809,,,751,809,,mine_H_publish,,,,,,,,WITHHOLD,7646.823106173156,
,,,,752,810,,reorg_or_tip_change,,,810,809,,,,WITHHOLD,7647.033990917769,
,810,,,752,810,,publish,752,H,,,809,,,WITHHOLD,7647.033990917769,7647.033990917769
,810,,,752,810,,mine_H_publish,,,,,,,,WITHHOLD,7647.033990917769,
,,,,752,810,,withhold_abort_honest_advanced,,,,,,,,WITHHOLD,7647.033990917769,
,,,,753,811,,reorg_or_tip_change,,,811,810,,,,IDLE,7672.789216187365,
,811,,,753,811,,publish,753,H,,,810,,,IDLE,7672.789216187365,7672.789216187365
,811,,,753,811,,mine_H_publish,,,,,,,,IDLE,7672.789216187365,
,,,,754,812,,reorg_or_tip_change,,,812,811,,,,IDLE,7675.180256319172,
,812,,,754,812,,publish,754,H,,,811,,,IDLE,7675.180256319172,7675.180256319172
,812,,,754,812,,mine_H_publish,,,,,,,,IDLE,7675.180256319172,
754,,,,754,812,7679.380421945121,mine_A_start_withhold,,,,,,813,,WITHHOLD,7675.661362756551,
,,,,755,813,,reorg_or_tip_change,,,813,812,,,,WITHHOLD,7679.380421945121,
,813,,,755,813,,publish,755,A,,,812,,,WITHHOLD,7679.380421945121,7679.380421945121
,,,813,755,813,,release_bn,,,,,,,,WITHHOLD,7679.380421945121,
,,,,755,813,,release_no_race,,,,,,,,WITHHOLD,7679.380421945121,
,,,,756,814,,reorg_or_tip_change,,,814,813,,,,IDLE,7682.9914311946295,
,814,,,756,814,,publish,756,H,,,813,,,IDLE,7682.9914311946295,7682.9914311946295
,814,,,756,814,,mine_H_publish,,,,,,,,IDLE,7682.9914311946295,
,,,,757,815,,reorg_or_tip_change,,,815,814,,,,IDLE,7694.153016271774,
,815,,,757,815,,publish,757,H,,,814,,,IDLE,7694.153016271774,7694.153016271774
,815,,,757,815,,mine_H_publish,,,,,,,,IDLE,7694.153016271774,
757,,,,757,815,7724.254414156972,mine_A_start_withhold,,,,,,816,,WITHHOLD,7720.535354968402,
,,,,758,816,,reorg_or_tip_change,,,816,815,,,,WITHHOLD,7724.254414156972,
,816,,,758,816,,publish,758,A,,,815,,,WITHHOLD,7724.254414156972,7724.254414156972
,,,816,758,816,,release_bn,,,,,,,,WITHHOLD,7724.254414156972,
,,,,758,816,,release_no_race,,,,,,,,WITHHOLD,7724.254414156972,
758,,,,758,816,7740.043779524128,mine_A_start_withhold,,,,,,817,,WITHHOLD,7736.324720335558,
,,,,759,817,,reorg_or_tip_change,,,817,816,,,,WITHHOLD,7740.043779524128,
,817,,,759,817,,publish,759,A,,,816,,,WITHHOLD,7740.043779524128,7740.043779524128
,,,817,759,817,,release_bn,,,,,,,,WITHHOLD,7740.043779524128,
,,,,759,817,,release_no_race,,,,,,,,WITHHOLD,7740.043779524128,
,,,,760,818,,reorg_or_tip_change,,,818,817,,,,IDLE,7762.537577916063,
,818,,,760,818,,publish,760,H,,,817,,,IDLE,7762.537577916063,7762.537577916063
,818,,,760,818,,mine_H_publish,,,,,,,,IDLE,7762.537577916063,
,,,,761,819,,reorg_or_tip_change,,,819,818,,,,IDLE,7771.513869743838,
,819,,,761,819,,publish,761,H,,,818,,,IDLE,7771.513869743838,7771.513869743838
,819,,,761,819,,mine_H_publish,,,,,,,,IDLE,7771.513869743838,
761,,,,761,819,7786.404253042167,mine_A_start_withhold,,,,,,820,,WITHHOLD,7782.6851938535965,
,,,,762,820,,reorg_or_tip_change,,,820,819,,,,WITHHOLD,7786.404253042167,
,820,,,762,820,,publish,762,A,,,819,,,WITHHOLD,7786.404253042167,7786.404253042167
,,,820,762,820,,release_bn,,,,,,,,WITHHOLD,7786.404253042167,
,,,,762,820,,release_no_race,,,,,,,,WITHHOLD,7786.404253042167,
,,,,763,821,,reorg_or_tip_change,,,821,820,,,,IDLE,7787.997769954007,
,821,,,763,821,,publish,763,H,,,820,,,IDLE,7787.997769954007,7787.997769954007
,821,,,763,821,,mine_H_publish,,,,,,,,IDLE,7787.997769954007,
,,,,764,822,,reorg_or_tip_change,,,822,821,,,,IDLE,7799.8222055451515,
,822,,,764,822,,publish,764,H,,,821,,,IDLE,7799.8222055451515,7799.8222055451515
,822,,,764,822,,mine_H_publish,,,,,,,,IDLE,7799.8222055451515,
764,,,,764,822,7810.407388096635,mine_A_start_withhold,,,,,,823,,WITHHOLD,7806.688328908065,
,,,,765,823,,reorg_or_tip_change,,,823,822,,,,WITHHOLD,7810.006931326189,
,823,,,765,823,,publish,765,A,,,822,,,WITHHOLD,7810.006931326189,7810.006931326189
,,,,766,824,,reorg_or_tip_change,,,824,823,,,,WITHHOLD,7810.006931326189,
,824,,,766,824,,publish,766,A,,,823,,,WITHHOLD,7810.006931326189,7810.006931326189
,,824,823,766,824,,mine_A_withhold_success,,,,,,,,WITHHOLD,7810.006931326189,
766,,,,766,824,7825.379650812303,mine_A_start_withhold,,,,,,825,,WITHHOLD,7821.660591623733,
,,,,767,825,,reorg_or_tip_change,,,825,824,,,,WITHHOLD,7822.656350375848,
,825,,,767,825,,publish,767,A,,,824,,,WITHHOLD,7822.656350375848,7822.656350375848
,,,,768,826,,reorg_or_tip_change,,,826,825,,,,WITHHOLD,7822.656350375848,
,826,,,768,826,,publish,768,A,,,825,,,WITHHOLD,7822.656350375848,7822.656350375848
,,826,825,768,826,,mine_A_withhold_success,,,,,,,,WITHHOLD,7822.656350375848,
,,,,769,827,,reorg_or_tip_change,,,827,826,,,,IDLE,7826.570771714407,
,827,,,769,827,,publish,769,H,,,826,,,IDLE,7826.570771714407,7826.570771714407
,827,,,769,827,,mine_H_publish,,,,,,,,IDLE,7826.570771714407,
769,,,,769,827,7836.0968236257195,mine_A_start_withhold,,,,,,828,,WITHHOLD,7832.377764437149,
,,,,770,828,,reorg_or_tip_change,,,828,827,,,,WITHHOLD,7836.0968236257195,
,828,,,770,828,,publish,770,A,,,827,,,WITHHOLD,7836.0968236257195,7836.0968236257195
,,,828,770,828,,release_bn,,,,,,,,WITHHOLD,7836.0968236257195,
,,,,770,828,,release_no_race,,,,,,,,WITHHOLD,7836.0968236257195,
,,,,771,829,,reorg_or_tip_change,,,829,828,,,,IDLE,7854.322407238442,
,829,,,771,829,,publish,771,H,,,828,,,IDLE,7854.322407238442,7854.322407238442
,829,,,771,829,,mine_H_publish,,,,,,,,IDLE,7854.322407238442,
771,,,,771,829,7868.4539809760045,mine_A_start_withhold,,,,,,830,,WITHHOLD,7864.734921787434,
,,,,772,831,,reorg_or_tip_change,,,831,829,,,,WITHHOLD,7865.330365103477,
,831,,,772,831,,publish,772,H,,,829,,,WITHHOLD,7865.330365103477,7865.330365103477
,831,,,772,831,,mine_H_publish,,,,,,,,WITHHOLD,7865.330365103477,
,830,,,772,831,,publish,772,A,,,829,,,WITHHOLD,7868.4539809760045,7868.4539809760045
,,,830,772,831,,release_bn,,,,,,,,WITHHOLD,7868.4539809760045,
,,,,772,831,,release_enter_race,,,,,,,830,RACE,7868.4539809760045,
,,,,773,832,,reorg_or_tip_change,,,832,831,,,,RACE,7874.301175838546,
,832,,,773,832,,publish,773,A,,,830,,,RACE,7874.301175838546,7874.301175838546
,832,,,773,832,,mine_A_race_success,,,,,,,,RACE,7874.301175838546,
773,,,,773,832,7887.061098824103,mine_A_start_withhold,,,,,,833,,WITHHOLD,7883.342039635533,
,,,,774,833,,reorg_or_tip_change,,,833,832,,,,WITHHOLD,7887.061098824103,
,833,,,774,833,,publish,774,A,,,832,,,WITHHOLD,7887.061098824103,7887.061098824103
,,,833,774,833,,release_bn,,,,,,,,WITHHOLD,7887.061098824103,
,,,,774,833,,release_no_race,,,,,,,,WITHHOLD,7887.061098824103,
774,,,,774,833,7896.133771157607,mine_A_start_withhold,,,,,,834,,WITHHOLD,7892.414711969037,
,,,,775,834,,reorg_or_tip_change,,,834,833,,,,WITHHOLD,7896.133771157607,
,834,,,775,834,,publish,775,A,,,833,,,WITHHOLD,7896.133771157607,7896.133771157607
,,,834,775,834,,release_bn,,,,,,,,WITHHOLD,7896.133771157607,
,,,,775,834,,release_no_race,,,,,,,,WITHHOLD,7896.133771157607,
775,,,,775,834,7904.186999604239,mine_A_start_withhold,,,,,,835,,WITHHOLD,7900.467940415669,
,,,,776,835,,reorg_or_tip_change,,,835,834,,,,WITHHOLD,7904.186999604239,
,835,,,776,835,,publish,776,A,,,834,,,WITHHOLD,7904.186999604239,7904.186999604239
,,,835,776,835,,release_bn,,,,,,,,WITHHOLD,7904.186999604239,
,,,,776,835,,release_no_race,,,,,,,,WITHHOLD,7904.186999604239,
776,,,,776,835,7908.069316916802,mine_A_start_withhold,,,,,,836,,WITHHOLD,7904.350257728232,
,,,,777,836,,reorg_or_tip_change,,,836,835,,,,WITHHOLD,7908.069316916802,
,836,,,777,836,,publish,777,A,,,835,,,WITHHOLD,7908.069316916802,7908.069316916802
,,,836,777,836,,release_bn,,,,,,,,WITHHOLD,7908.069316916802,
,,,,777,836,,release_no_race,,,,,,,,WITHHOLD,7908.069316916802,
,,,,778,837,,reorg_or_tip_change,,,837,836,,,,IDLE,7918.327007827429,
,837,,,778,837,,publish,778,H,,,836,,,IDLE,7918.327007827429,7918.327007827429
,837,,,778,837,,mine_H_publish,,,,,,,,IDLE,7918.327007827429,
778,,,,778,837,7922.342920068985,mine_A_start_withhold,,,,,,838,,WITHHOLD,7918.623860880415,
,,,,779,838,,reorg_or_tip_change,,,838,837,,,,WITHHOLD,7922.342920068985,
,838,,,779,838,,publish,779,A,,,837,,,WITHHOLD,7922.342920068985,7922.342920068985
,,,838,779,838,,release_bn,,,,,,,,WITHHOLD,7922.342920068985,
,,,,779,838,,release_no_race,,,,,,,,WITHHOLD,7922.342920068985,
779,,,,779,838,7926.76913065338,mine_A_start_withhold,,,,,,839,,WITHHOLD,7923.05007146481,
,,,,780,839,,reorg_or_tip_change,,,839,838,,,,WITHHOLD,7926.76913065338,
,839,,,780,839,,publish,780,A,,,838,,,WITHHOLD,7926.76913065338,7926.76913065338
,,,839,780,839,,release_bn,,,,,,,,WITHHOLD,7926.76913065338,
,,,,780,839,,release_no_race,,,,,,,,WITHHOLD,7926.76913065338,
780,,,,780,839,7933.922074829637,mine_A_start_withhold,,,,,,840,,WITHHOLD,7930.2030156410665,
,,,,781,840,,reorg_or_tip_change,,,840,839,,,,WITHHOLD,7933.922074829637,
,840,,,781,840,,publish,781,A,,,839,,,WITHHOLD,7933.922074829637,7933.922074829637
,,,840,781,840,,release_bn,,,,,,,,WITHHOLD,7933.922074829637,
,,,,781,840,,release_no_race,,,,,,,,WITHHOLD,7933.922074829637,
,,,,782,841,,reorg_or_tip_change,,,841,840,,,,IDLE,7938.039808496186,
,841,,,782,841,,publish,782,H,,,840,,,IDLE,7938.039808496186,7938.039808496186
,841,,,782,841,,mine_H_publish,,,,,,,,IDLE,7938.039808496186,
,,,,783,842,,reorg_or_tip_change,,,842,841,,,,IDLE,7959.962200386894,
,842,,,783,842,,publish,783,H,,,841,,,IDLE,7959.962200386894,7959.962200386894
,842,,,783,842,,mine_H_publish,,,,,,,,IDLE,7959.962200386894,
783,,,,783,842,7970.147835206553,mine_A_start_withhold,,,,,,843,,WITHHOLD,7966.428776017983,
,,,,784,843,,reorg_or_tip_change,,,843,842,,,,WITHHOLD,7970.147835206553,
,843,,,784,843,,publish,784,A,,,842,,,WITHHOLD,7970.147835206553,7970.147835206553
,,,843,784,843,,release_bn,,,,,,,,WITHHOLD,7970.147835206553,
,,,,784,843,,release_no_race,,,,,,,,WITHHOLD,7970.147835206553,
784,,,,784,843,8036.8133196288445,mine_A_start_withhold,,,,,,844,,WITHHOLD,8033.094260440274,
,,,,785,844,,reorg_or_tip_change,,,844,843,,,,WITHHOLD,8036.8133196288445,
,844,,,785,844,,publish,785,A,,,843,,,WITHHOLD,8036.8133196288445,8036.8133196288445
,,,844,785,844,,release_bn,,,,,,,,WITHHOLD,8036.8133196288445,
,,,,785,844,,release_no_race,,,,,,,,WITHHOLD,8036.8133196288445,
785,,,,785,844,8048.524696669425,mine_A_start_withhold,,,,,,845,,WITHHOLD,8044.805637480855,
,,,,786,845,,reorg_or_tip_change,,,845,844,,,,WITHHOLD,8048.524696669425,
,845,,,786,845,,publish,786,A,,,844,,,WITHHOLD,8048.524696669425,8048.524696669425
,,,845,786,845,,release_bn,,,,,,,,WITHHOLD,8048.524696669425,
,,,,786,845,,release_no_race,,,,,,,,WITHHOLD,8048.524696669425,
,,,,787,846,,reorg_or_tip_change,,,846,845,,,,IDLE,8052.3628953352045,
,846,,,787,846,,publish,787,H,,,845,,,IDLE,8052.3628953352045,8052.3628953352045
,846,,,787,846,,mine_H_publish,,,,,,,,IDLE,8052.3628953352045,
,,,,788,847,,reorg_or_tip_change,,,847,846,,,,IDLE,8063.443033547905,
,847,,,788,847,,publish,788,H,,,846,,,IDLE,8063.443033547905,8063.443033547905
,847,,,788,847,,mine_H_publish,,,,,,,,IDLE,8063.443033547905,
788,,,,788,847,8086.588973377447,mine_A_start_withhold,,,,,,848,,WITHHOLD,8082.8699141888765,
,,,,789,848,,reorg_or_tip_change,,,848,847,,,,WITHHOLD,8086.588973377447,
,848,,,789,848,,publish,789,A,,,847,,,WITHHOLD,8086.588973377447,8086.588973377447
,,,848,789,848,,release_bn,,,,,,,,WITHHOLD,8086.588973377447,
,,,,789,848,,release_no_race,,,,,,,,WITHHOLD,8086.588973377447,
789,,,,789,848,8117.324201654502,mine_A_start_withhold,,,,,,849,,WITHHOLD,8113.605142465932,
,,,,790,850,,reorg_or_tip_change,,,850,848,,,,WITHHOLD,8114.0015712552895,
,850,,,790,850,,publish,790,H,,,848,,,WITHHOLD,8114.0015712552895,8114.0015712552895
,850,,,790,850,,mine_H_publish,,,,,,,,WITHHOLD,8114.0015712552895,
,,,,791,851,,reorg_or_tip_change,,,851,850,,,,WITHHOLD,8115.883957705509,
,851,,,791,851,,publish,791,H,,,850,,,WITHHOLD,8115.883957705509,8115.883957705509
,851,,,791,851,,mine_H_publish,,,,,,,,WITHHOLD,8115.883957705509,
,,,,791,851,,withhold_abort_honest_advanced,,,,,,,,WITHHOLD,8115.883957705509,
791,,,,791,851,8137.216218084925,mine_A_start_withhold,,,,,,852,,WITHHOLD,8133.497158896354,
,,,,792,852,,reorg_or_tip_change,,,852,851,,,,WITHHOLD,8137.216218084925,
,852,,,792,852,,publish,792,A,,,851,,,WITHHOLD,8137.216218084925,8137.216218084925
,,,852,792,852,,release_bn,,,,,,,,WITHHOLD,8137.216218084925,
,,,,792,852,,release_no_race,,,,,,,,WITHHOLD,8137.216218084925,
792,,,,792,852,8147.663089249374,mine_A_start_withhold,,,,,,853,,WITHHOLD,8143.944030060804,
,,,,793,853,,reorg_or_tip_change,,,853,852,,,,WITHHOLD,8147.663089249374,
,853,,,793,853,,publish,793,A,,,852,,,WITHHOLD,8147.663089249374,8147.663089249374
,,,853,793,853,,release_bn,,,,,,,,WITHHOLD,8147.663089249374,
,,,,793,853,,release_no_race,,,,,,,,WITHHOLD,8147.663089249374,
793,,,,793,853,8155.300934390714,mine_A_start_withhold,,,,,,854,,WITHHOLD,8151.581875202144,
,,,,794,854,,reorg_or_tip_change,,,854,853,,,,WITHHOLD,8155.300934390714,
,854,,,794,854,,publish,794,A,,,853,,,WITHHOLD,8155.300934390714,8155.300934390714
,,,854,794,854,,release_bn,,,,,,,,WITHHOLD,8155.300934390714,
,,,,794,854,,release_no_race,,,,,,,,WITHHOLD,8155.300934390714,
,,,,795,855,,reorg_or_tip_change,,,855,854,,,,IDLE,8158.000042709223,
,855,,,795,855,,publish,795,H,,,854,,,IDLE,8158.000042709223,8158.000042709223
,855,,,795,855,,mine_H_publish,,,,,,,,IDLE,8158.000042709223,
795,,,,795,855,8162.476174044473,mine_A_start_withhold,,,,,,856,,WITHHOLD,8158.757114855903,
,,,,796,856,,reorg_or_tip_change,,,856,855,,,,WITHHOLD,8162.476174044473,
,856,,,796,856,,publish,796,A,,,855,,,WITHHOLD,8162.476174044473,8162.476174044473
,,,856,796,856,,release_bn,,,,,,,,WITHHOLD,8162.476174044473,
,,,,796,856,,release_no_race,,,,,,,,WITHHOLD,8162.476174044473,
796,,,,796,856,8167.437458090354,mine_A_start_withhold,,,,,,857,,WITHHOLD,8163.718398901784,
,,,,797,857,,reorg_or_tip_change,,,857,856,,,,WITHHOLD,8167.437458090354,
,857,,,797,857,,publish,797,A,,,856,,,WITHHOLD,8167.437458090354,8167.437458090354
,,,857,797,857,,release_bn,,,,,,,,WITHHOLD,8167.437458090354,
,,,,797,857,,release_no_race,,,,,,,,WITHHOLD,8167.437458090354,
,,,,798,858,,reorg_or_tip_change,,,858,857,,,,IDLE,8171.513236311082,
,858,,,798,858,,publish,798,H,,,857,,,IDLE,8171.513236311082,8171.513236311082
,858,,,798,858,,mine_H_publish,,,,,,,,IDLE,8171.513236311082,
,,,,799,859,,reorg_or_tip_change,,,859,858,,,,IDLE,8175.071508861999,
,859,,,799,859,,publish,799,H,,,858,,,IDLE,8175.071508861999,8175.071508861999
,859,,,799,859,,mine_H_publish,,,,,,,,IDLE,8175.071508861999,
,,,,800,860,,reorg_or_tip_change,,,860,859,,,,IDLE,8176.563166898606,
,860,,,800,860,,publish,800,H,,,859,,,IDLE,8176.563166898606,8176.563166898606
,860,,,800,860,,mine_H_publish,,,,,,,,IDLE,8176.563166898606,
800,,,,800,860,8223.498423485216,mine_A_start_withhold,,,,,,861,,WITHHOLD,8219.779364296646,
,,,,801,861,,reorg_or_tip_change,,,861,860,,,,WITHHOLD,8223.498423485216,
,861,,,801,861,,publish,801,A,,,860,,,WITHHOLD,8223.498423485216,8223.498423485216
,,,861,801,861,,release_bn,,,,,,,,WITHHOLD,8223.498423485216,
,,,,801,861,,release_no_race,,,,,,,,WITHHOLD,8223.498423485216,
,,,,802,862,,reorg_or_tip_change,,,862,861,,,,IDLE,8232.064664542384,
,862,,,802,862,,publish,802,H,,,861,,,IDLE,8232.064664542384,8232.064664542384
,862,,,802,862,,mine_H_publish,,,,,,,,IDLE,8232.064664542384,
802,,,,802,862,8245.604048539824,mine_A_start_withhold,,,,,,863,,WITHHOLD,8241.884989351254,
,,,,803,864,,reorg_or_tip_change,,,864,862,,,,WITHHOLD,8244.88803676026,
,864,,,803,864,,publish,803,H,,,862,,,WITHHOLD,8244.88803676026,8244.88803676026
,864,,,803,864,,mine_H_publish,,,,,,,,WITHHOLD,8244.88803676026,
,863,,,803,864,,publish,803,A,,,862,,,WITHHOLD,8245.604048539824,8245.604048539824
,,,863,803,864,,release_bn,,,,,,,,WITHHOLD,8245.604048539824,
,,,,803,864,,release_enter_race,,,,,,,863,RACE,8245.604048539824,
,,,,804,865,,reorg_or_tip_change,,,865,864,,,,RACE,8246.194092665299,
,865,,,804,865,,publish,804,A,,,863,,,RACE,8246.194092665299,8246.194092665299
,865,,,804,865,,mine_A_race_success,,,,,,,,RACE,8246.194092665299,
,,,,805,866,,reorg_or_tip_change,,,866,865,,,,IDLE,8248.739307285441,
,866,,,805,866,,publish,805,H,,,865,,,IDLE,8248.739307285441,8248.739307285441
,866,,,805,866,,mine_H_publish,,,,,,,,IDLE,8248.739307285441,
,,,,806,867,,reorg_or_tip_change,,,867,866,,,,IDLE,8249.908251461318,
,867,,,806,867,,publish,806,H,,,866,,,IDLE,8249.908251461318,8249.908251461318
,867,,,806,867,,mine_H_publish,,,,,,,,IDLE,8249.908251461318,
806,,,,806,867,8259.423704731322,mine_A_start_withhold,,,,,,868,,WITHHOLD,8255.704645542752,
,,,,807,868,,reorg_or_tip_change,,,868,867,,,,WITHHOLD,8259.423704731322,
,868,,,807,868,,publish,807,A,,,867,,,WITHHOLD,8259.423704731322,8259.423704731322
,,,868,807,868,,release_bn,,,,,,,,WITHHOLD,8259.423704731322,
,,,,807,868,,release_no_race,,,,,,,,WITHHOLD,8259.423704731322,
807,,,,807,868,8263.546921108613,mine_A_start_withhold,,,,,,869,,WITHHOLD,8259.827861920043,
,,,,808,869,,reorg_or_tip_change,,,869,868,,,,WITHHOLD,8263.546921108613,
,869,,,808,869,,publish,808,A,,,868,,,WITHHOLD,8263.546921108613,8263.546921108613
,,,869,808,869,,release_bn,,,,,,,,WITHHOLD,8263.546921108613,
,,,,808,869,,release_no_race,,,,,,,,WITHHOLD,8263.546921108613,
808,,,,808,869,8271.775909413023,mine_A_start_withhold,,,,,,870,,WITHHOLD,8268.056850224453,
,,,,809,871,,reorg_or_tip_change,,,871,869,,,,WITHHOLD,8268.997932121725,
,871,,,809,871,,publish,809,H,,,869,,,WITHHOLD,8268.997932121725,8268.997932121725
,871,,,809,871,,mine_H_publish,,,,,,,,WITHHOLD,8268.997932121725,
,870,,,809,871,,publish,809,A,,,869,,,WITHHOLD,8269.327481253511,8269.327481253511
,,,,810,872,,reorg_or_tip_change,,,872,871,,,,WITHHOLD,8269.327481253511,
,872,,,810,872,,publish,810,A,,,870,,,WITHHOLD,8269.327481253511,8269.327481253511
,,872,870,810,872,,mine_A_withhold_success,,,,,,,,WITHHOLD,8269.327481253511,
810,,,,810,872,8273.683819881571,mine_A_start_withhold,,,,,,873,,WITHHOLD,8269.964760693001,
,,,,811,873,,reorg_or_tip_change,,,873,872,,,,WITHHOLD,8273.683819881571,
,873,,,811,873,,publish,811,A,,,872,,,WITHHOLD,8273.683819881571,8273.683819881571
,,,873,811,873,,release_bn,,,,,,,,WITHHOLD,8273.683819881571,
,,,,811,873,,release_no_race,,,,,,,,WITHHOLD,8273.683819881571,
,,,,812,874,,reorg_or_tip_change,,,874,873,,,,IDLE,8282.103103622581,
,874,,,812,874,,publish,812,H,,,873,,,IDLE,8282.103103622581,8282.103103622581
,874,,,812,874,,mine_H_publish,,,,,,,,IDLE,8282.103103622581,
812,,,,812,874,8295.836833704541,mine_A_start_withhold,,,,,,875,,WITHHOLD,8292.117774515971,
,,,,813,875,,reorg_or_tip_change,,,875,874,,,,WITHHOLD,8295.836833704541,
,875,,,813,875,,publish,813,A,,,874,,,WITHHOLD,8295.836833704541,8295.836833704541
,,,875,813,875,,release_bn,,,,,,,,WITHHOLD,8295.836833704541,
,,,,813,875,,release_no_race,,,,,,,,WITHHOLD,8295.836833704541,
813,,,,813,875,8304.905734133963,mine_A_start_withhold,,,,,,876,,WITHHOLD,8301.186674945393,
,,,,814,876,,reorg_or_tip_change,,,876,875,,,,WITHHOLD,8304.905734133963,
,876,,,814,876,,publish,814,A,,,875,,,WITHHOLD,8304.905734133963,8304.905734133963
,,,876,814,876,,release_bn,,,,,,,,WITHHOLD,8304.905734133963,
,,,,814,876,,release_no_race,,,,,,,,WITHHOLD,8304.905734133963,
,,,,815,877,,reorg_or_tip_change,,,877,876,,,,IDLE,8313.456832010426,
,877,,,815,877,,publish,815,H,,,876,,,IDLE,8313.456832010426,8313.456832010426
,877,,,815,877,,mine_H_publish,,,,,,,,IDLE,8313.456832010426,
815,,,,815,877,8333.141390679582,mine_A_start_withhold,,,,,,878,,WITHHOLD,8329.422331491012,
,,,,816,879,,reorg_or_tip_change,,,879,877,,,,WITHHOLD,8329.631881422629,
,879,,,816,879,,publish,816,H,,,877,,,WITHHOLD,8329.631881422629,8329.631881422629
,879,,,816,879,,mine_H_publish,,,,,,,,WITHHOLD,8329.631881422629,
,878,,,816,879,,publish,816,A,,,877,,,WITHHOLD,8333.141390679582,8333.141390679582
,,,878,816,879,,release_bn,,,,,,,,WITHHOLD,8333.141390679582,
,,,,816,879,,release_enter_race,,,,,,,878,RACE,8333.141390679582,
,,,,817,880,,reorg_or_tip_change,,,880,879,,,,RACE,8336.757675834873,
,880,,,817,880,,publish,817,H,,,879,,,RACE,8336.757675834873,8336.757675834873
,880,,,817,880,,mine_H_publish,,,,,,,,RACE,8336.757675834873,
,,,,817,880,,race_lost,,,,,,,,RACE,8336.757675834873,
817,,,,817,880,8344.08442229621,mine_A_start_withhold,,,,,,881,,WITHHOLD,8340.36536310764,
,,,,818,881,,reorg_or_tip_change,,,881,880,,,,WITHHOLD,8344.08442229621,
,881,,,818,881,,publish,818,A,,,880,,,WITHHOLD,8344.08442229621,8344.08442229621
,,,881,818,881,,release_bn,,,,,,,,WITHHOLD,8344.08442229621,
,,,,818,881,,release_no_race,,,,,,,,WITHHOLD,8344.08442229621,
818,,,,818,881,8361.861434043707,mine_A_start_withhold,,,,,,882,,WITHHOLD,8358.142374855137,
,,,,819,883,,reorg_or_tip_change,,,883,881,,,,WITHHOLD,8359.0201374199,
,883,,,819,883,,publish,819,H,,,881,,,WITHHOLD,8359.0201374199,8359.0201374199
,883,,,819,883,,mine_H_publish,,,,,,,,WITHHOLD,8359.0201374199,
,882,,,819,883,,publish,819,A,,,881,,,WITHHOLD,8361.861434043707,8361.861434043707
,,,882,819,883,,release_bn,,,,,,,,WITHHOLD,8361.861434043707,
,,,,819,883,,release_enter_race,,,,,,,882,RACE,8361.861434043707,
,,,,820,884,,reorg_or_tip_change,,,884,883,,,,RACE,8371.738038528893,
,884,,,820,884,,publish,820,A,,,882,,,RACE,8371.738038528893,8371.738038528893
,884,,,820,884,,mine_A_race_success,,,,,,,,RACE,8371.738038528893,
,,,,821,885,,reorg_or_tip_change,,,885,884,,,,IDLE,8381.2374067407,
,885,,,821,885,,publish,821,H,,,884,,,IDLE,8381.2374067407,8381.2374067407
,885,,,821,885,,mine_H_publish,,,,,,,,IDLE,8381.2374067407,
821,,,,821,885,8387.669252900927,mine_A_start_withhold,,,,,,886,,WITHHOLD,8383.950193712357,
,,,,822,886,,reorg_or_tip_change,,,886,885,,,,WITHHOLD,8386.354972960395,
,886,,,822,886,,publish,822,A,,,885,,,WITHHOLD,8386.354972960395,8386.354972960395
,,,,823,887,,reorg_or_tip_change,,,887,886,,,,WITHHOLD,8386.354972960395,
,887,,,823,887,,publish,823,A,,,886,,,WITHHOLD,8386.354972960395,8386.354972960395
,,887,886,823,887,,mine_A_withhold_success,,,,,,,,WITHHOLD,8386.354972960395,
,,,,824,888,,reorg_or_tip_change,,,888,887,,,,IDLE,8414.131980407155,
,888,,,824,888,,publish,824,H,,,887,,,IDLE,8414.131980407155,8414.131980407155
,888,,,824,888,,mine_H_publish,,,,,,,,IDLE,8414.131980407155,
824,,,,824,888,8419.401179728584,mine_A_start_withhold,,,,,,889,,WITHHOLD,8415.682120540014,
,,,,825,889,,reorg_or_tip_change,,,889,888,,,,WITHHOLD,8419.401179728584,
,889,,,825,889,,publish,825,A,,,888,,,WITHHOLD,8419.401179728584,8419.401179728584
,,,889,825,889,,release_bn,,,,,,,,WITHHOLD,8419.401179728584,
,,,,825,889,,release_no_race,,,,,,,,WITHHOLD,8419.401179728584,
,,,,826,890,,reorg_or_tip_change,,,890,889,,,,IDLE,8419.807515645816,
,890,,,826,890,,publish,826,H,,,889,,,IDLE,8419.807515645816,8419.807515645816
,890,,,826,890,,mine_H_publish,,,,,,,,IDLE,8419.807515645816,
,,,,827,891,,reorg_or_tip_change,,,891,890,,,,IDLE,8420.075888186704,
,891,,,827,891,,publish,827,H,,,890,,,IDLE,8420.075888186704,8420.075888186704
,891,,,827,891,,mine_H_publish,,,,,,,,IDLE,8420.075888186704,
827,,,,827,891,8445.603391831703,mine_A_start_withhold,,,,,,892,,WITHHOLD,8441.884332643132,
,,,,828,892,,reorg_or_tip_change,,,892,891,,,,WITHHOLD,8445.603391831703,
,892,,,828,892,,publish,828,A,,,891,,,WITHHOLD,8445.603391831703,8445.603391831703
,,,892,828,892,,release_bn,,,,,,,,WITHHOLD,8445.603391831703,
,,,,828,892,,release_no_race,,,,,,,,WITHHOLD,8445.603391831703,
,,,,829,893,,reorg_or_tip_change,,,893,892,,,,IDLE,8446.202296493851,
,893,,,829,893,,publish,829,H,,,892,,,IDLE,8446.202296493851,8446.202296493851
,893,,,829,893,,mine_H_publish,,,,,,,,IDLE,8446.202296493851,
,,,,830,894,,reorg_or_tip_change,,,894,893,,,,IDLE,8485.734088052526,
,894,,,830,894,,publish,830,H,,,893,,,IDLE,8485.734088052526,8485.734088052526
,894,,,830,894,,mine_H_publish,,,,,,,,IDLE,8485.734088052526,
,,,,831,895,,reorg_or_tip_change,,,895,894,,,,IDLE,8488.927218446504,
,895,,,831,895,,publish,831,H,,,894,,,IDLE,8488.927218446504,8488.927218446504
,895,,,831,895,,mine_H_publish,,,,,,,,IDLE,8488.927218446504,
,,,,832,896,,reorg_or_tip_change,,,896,895,,,,IDLE,8491.252593039939,
,896,,,832,896,,publish,832,H,,,895,,,IDLE,8491.252593039939,8491.252593039939
,896,,,832,896,,mine_H_publish,,,,,,,,IDLE,8491.252593039939,
,,,,833,897,,reorg_or_tip_change,,,897,896,,,,IDLE,8509.37621682231,
,897,,,833,897,,publish,833,H,,,896,,,IDLE,8509.37621682231,8509.37621682231
,897,,,833,897,,mine_H_publish,,,,,,,,IDLE,8509.37621682231,
,,,,834,898,,reorg_or_tip_change,,,898,897,,,,IDLE,8523.489541414623,
,898,,,834,898,,publish,834,H,,,897,,,IDLE,8523.489541414623,8523.489541414623
,898,,,834,898,,mine_H_publish,,,,,,,,IDLE,8523.489541414623,
834,,,,834,898,8539.75688619252,mine_A_start_withhold,,,,,,899,,WITHHOLD,8536.03782700395,
,,,,835,899,,reorg_or_tip_change,,,899,898,,,,WITHHOLD,8539.75688619252,
,899,,,835,899,,publish,835,A,,,898,,,WITHHOLD,8539.75688619252,8539.75688619252
,,,899,835,899,,release_bn,,,,,,,,WITHHOLD,8539.75688619252,
,,,,835,899,,release_no_race,,,,,,,,WITHHOLD,8539.75688619252,
835,,,,835,899,8543.553817160811,mine_A_start_withhold,,,,,,900,,WITHHOLD,8539.834757972241,
,,,,836,901,,reorg_or_tip_change,,,901,899,,,,WITHHOLD,8543.286735474989,
,901,,,836,901,,publish,836,H,,,899,,,WITHHOLD,8543.286735474989,8543.286735474989
,901,,,836,901,,mine_H_publish,,,,,,,,WITHHOLD,8543.286735474989,
,900,,,836,901,,publish,836,A,,,899,,,WITHHOLD,8543.553817160811,8543.553817160811
,,,900,836,901,,release_bn,,,,,,,,WITHHOLD,8543.553817160811,
,,,,836,901,,release_enter_race,,,,,,,900,RACE,8543.553817160811,
,,,,837,902,,reorg_or_tip_change,,,902,901,,,,RACE,8579.698512621932,
,902,,,837,902,,publish,837,H,,,901,,,RACE,8579.698512621932,8579.698512621932
,902,,,837,902,,mine_H_publish,,,,,,,,RACE,8579.698512621932,
,,,,837,902,,race_lost,,,,,,,,RACE,8579.698512621932,
837,,,,837,902,8590.715830660614,mine_A_start_withhold,,,,,,903,,WITHHOLD,8586.996771472044,
,,,,838,903,,reorg_or_tip_change,,,903,902,,,,WITHHOLD,8590.715830660614,
,903,,,838,903,,publish,838,A,,,902,,,WITHHOLD,8590.715830660614,8590.715830660614
,,,903,838,903,,release_bn,,,,,,,,WITHHOLD,8590.715830660614,
,,,,838,903,,release_no_race,,,,,,,,WITHHOLD,8590.715830660614,
838,,,,838,903,8595.88184919628,mine_A_start_withhold,,,,,,904,,WITHHOLD,8592.16279000771,
,,,,839,904,,reorg_or_tip_change,,,904,903,,,,WITHHOLD,8595.419183668591,
,904,,,839,904,,publish,839,A,,,903,,,WITHHOLD,8595.419183668591,8595.419183668591
,,,,840,905,,reorg_or_tip_change,,,905,904,,,,WITHHOLD,8595.419183668591,
,905,,,840,905,,publish,840,A,,,904,,,WITHHOLD,8595.419183668591,8595.419183668591
,,905,904,840,905,,mine_A_withhold_success,,,,,,,,WITHHOLD,8595.419183668591,
840,,,,840,905,8599.979730667754,mine_A_start_withhold,,,,,,906,,WITHHOLD,8596.260671479184,
,,,,841,906,,reorg_or_tip_change,,,906,905,,,,WITHHOLD,8598.701372885025,
,906,,,841,906,,publish,841,A,,,905,,,WITHHOLD,8598.701372885025,8598.701372885025
,,,,842,907,,reorg_or_tip_change,,,907,906,,,,WITHHOLD,8598.701372885025,
,907,,,842,907,,publish,842,A,,,906,,,WITHHOLD,8598.701372885025,8598.701372885025
,,907,906,842,907,,mine_A_withhold_success,,,,,,,,WITHHOLD,8598.701372885025,
842,,,,842,907,8607.692160161949,mine_A_start_withhold,,,,,,908,,WITHHOLD,8603.973100973379,
,,,,843,908,,reorg_or_tip_change,,,908,907,,,,WITHHOLD,8607.692160161949,
,908,,,843,908,,publish,843,A,,,907,,,WITHHOLD,8607.692160161949,8607.692160161949
,,,908,843,908,,release_bn,,,,,,,,WITHHOLD,8607.692160161949,
,,,,843,908,,release_no_race,,,,,,,,WITHHOLD,8607.692160161949,
,,,,844,909,,reorg_or_tip_change,,,909,908,,,,IDLE,8620.286445937907,
,909,,,844,909,,publish,844,H,,,908,,,IDLE,8620.286445937907,8620.286445937907
,909,,,844,909,,mine_H_publish,,,,,,,,IDLE,8620.286445937907,
844,,,,844,909,8626.856245776919,mine_A_start_withhold,,,,,,910,,WITHHOLD,8623.137186588348,
,,,,845,910,,reorg_or_tip_change,,,910,909,,,,WITHHOLD,8626.856245776919,
,910,,,845,910,,publish,845,A,,,909,,,WITHHOLD,8626.856245776919,8626.856245776919
,,,910,845,910,,release_bn,,,,,,,,WITHHOLD,8626.856245776919,
,,,,845,910,,release_no_race,,,,,,,,WITHHOLD,8626.856245776919,
845,,,,845,910,8637.750380575319,mine_A_start_withhold,,,,,,911,,WITHHOLD,8634.031321386748,
,,,,846,911,,reorg_or_tip_change,,,911,910,,,,WITHHOLD,8637.750380575319,
,911,,,846,911,,publish,846,A,,,910,,,WITHHOLD,8637.750380575319,8637.750380575319
,,,911,846,911,,release_bn,,,,,,,,WITHHOLD,8637.750380575319,
,,,,846,911,,release_no_race,,,,,,,,WITHHOLD,8637.750380575319,
846,,,,846,911,8666.146818503703,mine_A_start_withhold,,,,,,912,,WITHHOLD,8662.427759315133,
,,,,847,912,,reorg_or_tip_change,,,912,911,,,,WITHHOLD,8663.159647183289,
,912,,,847,912,,publish,847,A,,,911,,,WITHHOLD,8663.159647183289,8663.159647183289
,,,,848,913,,reorg_or_tip_change,,,913,912,,,,WITHHOLD,8663.159647183289,
,913,,,848,913,,publish,848,A,,,912,,,WITHHOLD,8663.159647183289,8663.159647183289
,,913,912,848,913,,mine_A_withhold_success,,,,,,,,WITHHOLD,8663.159647183289,
848,,,,848,913,8668.279507393669,mine_A_start_withhold,,,,,,914,,WITHHOLD,8664.560448205099,
,,,,849,914,,reorg_or_tip_change,,,914,913,,,,WITHHOLD,8668.279507393669,
,914,,,849,914,,publish,849,A,,,913,,,WITHHOLD,8668.279507393669,8668.279507393669
,,,914,849,914,,release_bn,,,,,,,,WITHHOLD,8668.279507393669,
,,,,849,914,,release_no_race,,,,,,,,WITHHOLD,8668.279507393669,
849,,,,849,914,8693.780298911928,mine_A_start_withhold,,,,,,915,,WITHHOLD,8690.061239723358,
,,,,850,915,,reorg_or_tip_change,,,915,914,,,,WITHHOLD,8690.727563555085,
,915,,,850,915,,publish,850,A,,,914,,,WITHHOLD,8690.727563555085,8690.727563555085
,,,,851,916,,reorg_or_tip_change,,,916,915,,,,WITHHOLD,8690.727563555085,
,916,,,851,916,,publish,851,A,,,915,,,WITHHOLD,8690.727563555085,8690.727563555085
,,916,915,851,916,,mine_A_withhold_success,,,,,,,,WITHHOLD,8690.727563555085,
851,,,,851,916,8700.999625040631,mine_A_start_withhold,,,,,,917,,WITHHOLD,8697.280565852061,
,,,,852,917,,reorg_or_tip_change,,,917,916,,,,WITHHOLD,8697.621499675743,
,917,,,852,917,,publish,852,A,,,916,,,WITHHOLD,8697.621499675743,8697.621499675743
,,,,853,918,,reorg_or_tip_change,,,918,917,,,,WITHHOLD,8697.621499675743,
,918,,,853,918,,publish,853,A,,,917,,,WITHHOLD,8697.621499675743,8697.621499675743
,,918,917,853,918,,mine_A_withhold_success,,,,,,,,WITHHOLD,8697.621499675743,
,,,,854,919,,reorg_or_tip_change,,,919,918,,,,IDLE,8719.510118511,
,919,,,854,919,,publish,854,H,,,918,,,IDLE,8719.510118511,8719.510118511
,919,,,854,919,,mine_H_publish,,,,,,,,IDLE,8719.510118511,
854,,,,854,919,8741.853823374284,mine_A_start_withhold,,,,,,920,,WITHHOLD,8738.134764185714,
,,,,855,920,,reorg_or_tip_change,,,920,919,,,,WITHHOLD,8741.853823374284,
,920,,,855,920,,publish,855,A,,,919,,,WITHHOLD,8741.853823374284,8741.853823374284
,,,920,855,920,,release_bn,,,,,,,,WITHHOLD,8741.853823374284,
,,,,855,920,,release_no_race,,,,,,,,WITHHOLD,8741.853823374284,
855,,,,855,920,8756.023389218673,mine_A_start_withhold,,,,,,921,,WITHHOLD,8752.304330030103,
,,,,856,921,,reorg_or_tip_change,,,921,920,,,,WITHHOLD,8756.023389218673,
,921,,,856,921,,publish,856,A,,,920,,,WITHHOLD,8756.023389218673,8756.023389218673
,,,921,856,921,,release_bn,,,,,,,,WITHHOLD,8756.023389218673,
,,,,856,921,,release_no_race,,,,,,,,WITHHOLD,8756.023389218673,
,,,,857,922,,reorg_or_tip_change,,,922,921,,,,IDLE,8802.132306679257,
,922,,,857,922,,publish,857,H,,,921,,,IDLE,8802.132306679257,8802.132306679257
,922,,,857,922,,mine_H_publish,,,,,,,,IDLE,8802.132306679257,
857,,,,857,922,8806.53209954943,mine_A_start_withhold,,,,,,923,,WITHHOLD,8802.81304036086,
,,,,858,924,,reorg_or_tip_change,,,924,922,,,,WITHHOLD,8804.324368842841,
,924,,,858,924,,publish,858,H,,,922,,,WITHHOLD,8804.324368842841,8804.324368842841
,924,,,858,924,,mine_H_publish,,,,,,,,WITHHOLD,8804.324368842841,
,,,,859,925,,reorg_or_tip_change,,,925,924,,,,WITHHOLD,8804.936439007655,
,925,,,859,925,,publish,859,H,,,924,,,WITHHOLD,8804.936439007655,8804.936439007655
,925,,,859,925,,mine_H_publish,,,,,,,,WITHHOLD,8804.936439007655,
,,,,859,925,,withhold_abort_honest_advanced,,,,,,,,WITHHOLD,8804.936439007655,
,,,,860,926,,reorg_or_tip_change,,,926,925,,,,IDLE,8812.047767006943,
,926,,,860,926,,publish,860,H,,,925,,,IDLE,8812.047767006943,8812.047767006943
,926,,,860,926,,mine_H_publish,,,,,,,,IDLE,8812.047767006943,
860,,,,860,926,8822.495442337875,mine_A_start_withhold,,,,,,927,,WITHHOLD,8818.776383149305,
,,,,861,928,,reorg_or_tip_change,,,928,926,,,,WITHHOLD,8819.378184878617,
,928,,,861,928,,publish,861,H,,,926,,,WITHHOLD,8819.378184878617,8819.378184878617
,928,,,861,928,,mine_H_publish,,,,,,,,WITHHOLD,8819.378184878617,
,,,,862,929,,reorg_or_tip_change,,,929,928,,,,WITHHOLD,8819.418963494565,
,929,,,862,929,,publish,862,H,,,928,,,WITHHOLD,8819.418963494565,8819.418963494565
,929,,,862,929,,mine_H_publish,,,,,,,,WITHHOLD,8819.418963494565,
,,,,862,929,,withhold_abort_honest_advanced,,,,,,,,WITHHOLD,8819.418963494565,
862,,,,862,929,8833.776609511066,mine_A_start_withhold,,,,,,930,,WITHHOLD,8830.057550322495,
,,,,863,930,,reorg_or_tip_change,,,930,929,,,,WITHHOLD,8833.776609511066,
,930,,,863,930,,publish,863,A,,,929,,,WITHHOLD,8833.776609511066,8833.776609511066
,,,930,863,930,,release_bn,,,,,,,,WITHHOLD,8833.776609511066,
,,,,863,930,,release_no_race,,,,,,,,WITHHOLD,8833.776609511066,
863,,,,863,930,8854.676007124945,mine_A_start_withhold,,,,,,931,,WITHHOLD,8850.956947936374,
,,,,864,931,,reorg_or_tip_change,,,931,930,,,,WITHHOLD,8852.343812173522,
,931,,,864,931,,publish,864,A,,,930,,,WITHHOLD,8852.343812173522,8852.343812173522
,,,,865,932,,reorg_or_tip_change,,,932,931,,,,WITHHOLD,8852.343812173522,
,932,,,865,932,,publish,865,A,,,931,,,WITHHOLD,8852.343812173522,8852.343812173522
,,932,931,865,932,,mine_A_withhold_success,,,,,,,,WITHHOLD,8852.343812173522,
865,,,,865,932,8874.679714092274,mine_A_start_withhold,,,,,,933,,WITHHOLD,8870.960654903703,
,,,,866,933,,reorg_or_tip_change,,,933,932,,,,WITHHOLD,8874.679714092274,
,933,,,866,933,,publish,866,A,,,932,,,WITHHOLD,8874.679714092274,8874.679714092274
,,,933,866,933,,release_bn,,,,,,,,WITHHOLD,8874.679714092274,
,,,,866,933,,release_no_race,,,,,,,,WITHHOLD,8874.679714092274,
,,,,867,934,,reorg_or_tip_change,,,934,933,,,,IDLE,8875.922402114587,
,934,,,867,934,,publish,867,H,,,933,,,IDLE,8875.922402114587,8875.922402114587
,934,,,867,934,,mine_H_publish,,,,,,,,IDLE,8875.922402114587,
,,,,868,935,,reorg_or_tip_change,,,935,934,,,,IDLE,8881.560295964915,
,935,,,868,935,,publish,868,H,,,934,,,IDLE,8881.560295964915,8881.560295964915
,935,,,868,935,,mine_H_publish,,,,,,,,IDLE,8881.560295964915,
868,,,,868,935,8886.261501663885,mine_A_start_withhold,,,,,,936,,WITHHOLD,8882.542442475315,
,,,,869,936,,reorg_or_tip_change,,,936,935,,,,WITHHOLD,8886.261501663885,
,936,,,869,936,,publish,869,A,,,935,,,WITHHOLD,8886.261501663885,8886.261501663885
,,,936,869,936,,release_bn,,,,,,,,WITHHOLD,8886.261501663885,
,,,,869,936,,release_no_race,,,,,,,,WITHHOLD,8886.261501663885,
869,,,,869,936,8903.572269985942,mine_A_start_withhold,,,,,,937,,WITHHOLD,8899.853210797372,
,,,,870,937,,reorg_or_tip_change,,,937,936,,,,WITHHOLD,8903.572269985942,
,937,,,870,937,,publish,870,A,,,936,,,WITHHOLD,8903.572269985942,8903.572269985942
,,,937,870,937,,release_bn,,,,,,,,WITHHOLD,8903.572269985942,
,,,,870,937,,release_no_race,,,,,,,,WITHHOLD,8903.572269985942,
,,,,871,938,,reorg_or_tip_change,,,938,937,,,,IDLE,8903.938220943854,
,938,,,871,938,,publish,871,H,,,937,,,IDLE,8903.938220943854,8903.938220943854
,938,,,871,938,,mine_H_publish,,,,,,,,IDLE,8903.938220943854,
,,,,872,939,,reorg_or_tip_change,,,939,938,,,,IDLE,8904.618480067413,
,939,,,872,939,,publish,872,H,,,938,,,IDLE,8904.618480067413,8904.618480067413
,939,,,872,939,,mine_H_publish,,,,,,,,IDLE,8904.618480067413,
,,,,873,940,,reorg_or_tip_change,,,940,939,,,,IDLE,8910.425387685103,
,940,,,873,940,,publish,873,H,,,939,,,IDLE,8910.425387685103,8910.425387685103
,940,,,873,940,,mine_H_publish,,,,,,,,IDLE,8910.425387685103,
,,,,874,941,,reorg_or_tip_change,,,941,940,,,,IDLE,8940.083146121991,
,941,,,874,941,,publish,874,H,,,940,,,IDLE,8940.083146121991,8940.083146121991
,941,,,874,941,,mine_H_publish,,,,,,,,IDLE,8940.083146121991,
874,,,,874,941,8946.304778017835,mine_A_start_withhold,,,,,,942,,WITHHOLD,8942.585718829265,
,,,,875,942,,reorg_or_tip_change,,,942,941,,,,WITHHOLD,8946.304778017835,
,942,,,875,942,,publish,875,A,,,941,,,WITHHOLD,8946.304778017835,8946.304778017835
,,,942,875,942,,release_bn,,,,,,,,WITHHOLD,8946.304778017835,
,,,,875,942,,release_no_race,,,,,,,,WITHHOLD,8946.304778017835,
875,,,,875,942,8951.251965173145,mine_A_start_withhold,,,,,,943,,WITHHOLD,8947.532905984575,
,,,,876,943,,reorg_or_tip_change,,,943,942,,,,WITHHOLD,8951.251965173145,
,943,,,876,943,,publish,876,A,,,942,,,WITHHOLD,8951.251965173145,8951.251965173145
,,,943,876,943,,release_bn,,,,,,,,WITHHOLD,8951.251965173145,
,,,,876,943,,release_no_race,,,,,,,,WITHHOLD,8951.251965173145,
876,,,,876,943,8978.814299544141,mine_A_start_withhold,,,,,,944,,WITHHOLD,8975.095240355571,
,,,,877,944,,reorg_or_tip_change,,,944,943,,,,WITHHOLD,8978.22216439179,
,944,,,877,944,,publish,877,A,,,943,,,WITHHOLD,8978.22216439179,8978.22216439179
,,,,878,945,,reorg_or_tip_change,,,945,944,,,,WITHHOLD,8978.22216439179,
,945,,,878,945,,publish,878,A,,,944,,,WITHHOLD,8978.22216439179,8978.22216439179
,,945,944,878,945,,mine_A_withhold_success,,,,,,,,WITHHOLD,8978.22216439179,
,,,,879,946,,reorg_or_tip_change,,,946,945,,,,IDLE,8984.677760821434,
,946,,,879,946,,publish,879,H,,,945,,,IDLE,8984.677760821434,8984.677760821434
,946,,,879,946,,mine_H_publish,,,,,,,,IDLE,8984.677760821434,
879,,,,879,946,9002.068322302583,mine_A_start_withhold,,,,,,947,,WITHHOLD,8998.349263114013,
,,,,880,947,,reorg_or_tip_change,,,947,946,,,,WITHHOLD,9002.068322302583,
,947,,,880,947,,publish,880,A,,,946,,,WITHHOLD,9002.068322302583,9002.068322302583
,,,947,880,947,,release_bn,,,,,,,,WITHHOLD,9002.068322302583,
,,,,880,947,,release_no_race,,,,,,,,WITHHOLD,9002.068322302583,
880,,,,880,947,9011.13163653879,mine_A_start_withhold,,,,,,948,,WITHHOLD,9007.41257735022,
,,,,881,948,,reorg_or_tip_change,,,948,947,,,,WITHHOLD,9011.13163653879,
,948,,,881,948,,publish,881,A,,,947,,,WITHHOLD,9011.13163653879,9011.13163653879
,,,948,881,948,,release_bn,,,,,,,,WITHHOLD,9011.13163653879,
,,,,881,948,,release_no_race,,,,,,,,WITHHOLD,9011.13163653879,
,,,,882,949,,reorg_or_tip_change,,,949,948,,,,IDLE,9031.025727103635,
,949,,,882,949,,publish,882,H,,,948,,,IDLE,9031.025727103635,9031.025727103635
,949,,,882,949,,mine_H_publish,,,,,,,,IDLE,9031.025727103635,
882,,,,882,949,9039.733540693993,mine_A_start_withhold,,,,,,950,,WITHHOLD,9036.014481505423,
,,,,883,950,,reorg_or_tip_change,,,950,949,,,,WITHHOLD,9039.733540693993,
,950,,,883,950,,publish,883,A,,,949,,,WITHHOLD,9039.733540693993,9039.733540693993
,,,950,883,950,,release_bn,,,,,,,,WITHHOLD,9039.733540693993,
,,,,883,950,,release_no_race,,,,,,,,WITHHOLD,9039.733540693993,
883,,,,883,950,9049.787074423912,mine_A_start_withhold,,,,,,951,,WITHHOLD,9046.068015235342,
,,,,884,951,,reorg_or_tip_change,,,951,950,,,,WITHHOLD,9047.296558496957,
,951,,,884,951,,publish,884,A,,,950,,,WITHHOLD,9047.296558496957,9047.296558496957
,,,,885,952,,reorg_or_tip_change,,,952,951,,,,WITHHOLD,9047.296558496957,
,952,,,885,952,,publish,885,A,,,951,,,WITHHOLD,9047.296558496957,9047.296558496957
,,952,951,885,952,,mine_A_withhold_success,,,,,,,,WITHHOLD,9047.296558496957,
885,,,,885,952,9078.020315978547,mine_A_start_withhold,,,,,,953,,WITHHOLD,9074.301256789977,
,,,,886,954,,reorg_or_tip_change,,,954,952,,,,WITHHOLD,9075.114358134673,
,954,,,886,954,,publish,886,H,,,952,,,WITHHOLD,9075.114358134673,9075.114358134673
,954,,,886,954,,mine_H_publish,,,,,,,,WITHHOLD,9075.114358134673,
,953,,,886,954,,publish,886,A,,,952,,,WITHHOLD,9078.020315978547,9078.020315978547
,,,953,886,954,,release_bn,,,,,,,,WITHHOLD,9078.020315978547,
,,,,886,954,,release_enter_race,,,,,,,953,RACE,9078.020315978547,
,,,,887,955,,reorg_or_tip_change,,,955,954,,,,RACE,9085.897202385187,
,955,,,887,955,,publish,887,A,,,953,,,RACE,9085.897202385187,9085.897202385187
,955,,,887,955,,mine_A_race_success,,,,,,,,RACE,9085.897202385187,
887,,,,887,955,9130.495978831064,mine_A_start_withhold,,,,,,956,,WITHHOLD,9126.776919642494,
,,,,888,956,,reorg_or_tip_change,,,956,955,,,,WITHHOLD,9130.495978831064,
,956,,,888,956,,publish,888,A,,,955,,,WITHHOLD,9130.495978831064,9130.495978831064
,,,956,888,956,,release_bn,,,,,,,,WITHHOLD,9130.495978831064,
,,,,888,956,,release_no_race,,,,,,,,WITHHOLD,9130.495978831064,
,,,,889,957,,reorg_or_tip_change,,,957,956,,,,IDLE,9140.611100829632,
,957,,,889,957,,publish,889,H,,,956,,,IDLE,9140.611100829632,9140.611100829632
,957,,,889,957,,mine_H_publish,,,,,,,,IDLE,9140.611100829632,
,,,,890,958,,reorg_or_tip_change,,,958,957,,,,IDLE,9143.198310747399,
,958,,,890,958,,publish,890,H,,,957,,,IDLE,9143.198310747399,9143.198310747399
,958,,,890,958,,mine_H_publish,,,,,,,,IDLE,9143.198310747399,
890,,,,890,958,9152.3634412841,mine_A_start_withhold,,,,,,959,,WITHHOLD,9148.64438209553,
,,,,891,959,,reorg_or_tip_change,,,959,958,,,,WITHHOLD,9149.904835820313,
,959,,,891,959,,publish,891,A,,,958,,,WITHHOLD,9149.904835820313,9149.904835820313
,,,,892,960,,reorg_or_tip_change,,,960,959,,,,WITHHOLD,9149.904835820313,
,960,,,892,960,,publish,892,A,,,959,,,WITHHOLD,9149.904835820313,9149.904835820313
,,960,959,892,960,,mine_A_withhold_success,,,,,,,,WITHHOLD,9149.904835820313,
,,,,893,961,,reorg_or_tip_change,,,961,960,,,,IDLE,9150.22102307928,
,961,,,893,961,,publish,893,H,,,960,,,IDLE,9150.22102307928,9150.22102307928
,961,,,893,961,,mine_H_publish,,,,,,,,IDLE,9150.22102307928,
893,,,,893,961,9160.884088113009,mine_A_start_withhold,,,,,,962,,WITHHOLD,9157.165028924439,
,,,,894,962,,reorg_or_tip_change,,,962,961,,,,WITHHOLD,9160.884088113009,
,962,,,894,962,,publish,894,A,,,961,,,WITHHOLD,9160.884088113009,9160.884088113009
,,,962,894,962,,release_bn,,,,,,,,WITHHOLD,9160.884088113009,
,,,,894,962,,release_no_race,,,,,,,,WITHHOLD,9160.884088113009,
894,,,,894,962,9177.32082830405,mine_A_start_withhold,,,,,,963,,WITHHOLD,9173.60176911548,
,,,,895,963,,reorg_or_tip_change,,,963,962,,,,WITHHOLD,9173.935662602691,
,963,,,895,963,,publish,895,A,,,962,,,WITHHOLD,9173.935662602691,9173.935662602691
,,,,896,964,,reorg_or_tip_change,,,964,963,,,,WITHHOLD,9173.935662602691,
,964,,,896,964,,publish,896,A,,,963,,,WITHHOLD,9173.935662602691,9173.935662602691
,,964,963,896,964,,mine_A_withhold_success,,,,,,,,WITHHOLD,9173.935662602691,
896,,,,896,964,9179.11717803418,mine_A_start_withhold,,,,,,965,,WITHHOLD,9175.39811884561,
,,,,897,965,,reorg_or_tip_change,,,965,964,,,,WITHHOLD,9179.11717803418,
,965,,,897,965,,publish,897,A,,,964,,,WITHHOLD,9179.11717803418,9179.11717803418
,,,965,897,965,,release_bn,,,,,,,,WITHHOLD,9179.11717803418,
,,,,897,965,,release_no_race,,,,,,,,WITHHOLD,9179.11717803418,
,,,,898,966,,reorg_or_tip_change,,,966,965,,,,IDLE,9238.943096241268,
,966,,,898,966,,publish,898,H,,,965,,,IDLE,9238.943096241268,9238.943096241268
,966,,,898,966,,mine_H_publish,,,,,,,,IDLE,9238.943096241268,
,,,,899,967,,reorg_or_tip_change,,,967,966,,,,IDLE,9246.755351534452,
,967,,,899,967,,publish,899,H,,,966,,,IDLE,9246.755351534452,9246.755351534452
,967,,,899,967,,mine_H_publish,,,,,,,,IDLE,9246.755351534452,
,,,,900,968,,reorg_or_tip_change,,,968,967,,,,IDLE,9254.319922426099,
,968,,,900,968,,publish,900,H,,,967,,,IDLE,9254.319922426099,9254.319922426099
,968,,,900,968,,mine_H_publish,,,,,,,,IDLE,9254.319922426099,
,,,,901,969,,reorg_or_tip_change,,,969,968,,,,IDLE,9258.220797325877,
,969,,,901,969,,publish,901,H,,,968,,,IDLE,9258.220797325877,9258.220797325877
,969,,,901,969,,mine_H_publish,,,,,,,,IDLE,9258.220797325877,
901,,,,901,969,9263.370852693672,mine_A_start_withhold,,,,,,970,,WITHHOLD,9259.651793505102,
,,,,902,970,,reorg_or_tip_change,,,970,969,,,,WITHHOLD,9263.370852693672,
,970,,,902,970,,publish,902,A,,,969,,,WITHHOLD,9263.370852693672,9263.370852693672
,,,970,902,970,,release_bn,,,,,,,,WITHHOLD,9263.370852693672,
,,,,902,970,,release_no_race,,,,,,,,WITHHOLD,9263.370852693672,
,,,,903,971,,reorg_or_tip_change,,,971,970,,,,IDLE,9274.913446185836,
,971,,,903,971,,publish,903,H,,,970,,,IDLE,9274.913446185836,9274.913446185836
,971,,,903,971,,mine_H_publish,,,,,,,,IDLE,9274.913446185836,
,,,,904,972,,reorg_or_tip_change,,,972,971,,,,IDLE,9277.588862423532,
,972,,,904,972,,publish,904,H,,,971,,,IDLE,9277.588862423532,9277.588862423532
,972,,,904,972,,mine_H_publish,,,,,,,,IDLE,9277.588862423532,
904,,,,904,972,9281.721342173429,mine_A_start_withhold,,,,,,973,,WITHHOLD,9278.002282984859,
,,,,905,973,,reorg_or_tip_change,,,973,972,,,,WITHHOLD,9281.721342173429,
,973,,,905,973,,publish,905,A,,,972,,,WITHHOLD,9281.721342173429,9281.721342173429
,,,973,905,973,,release_bn,,,,,,,,WITHHOLD,9281.721342173429,
,,,,905,973,,release_no_race,,,,,,,,WITHHOLD,9281.721342173429,
,,,,906,974,,reorg_or_tip_change,,,974,973,,,,IDLE,9282.651042406631,
,974,,,906,974,,publish,906,H,,,973,,,IDLE,9282.651042406631,9282.651042406631
,974,,,906,974,,mine_H_publish,,,,,,,,IDLE,9282.651042406631,
,,,,907,975,,reorg_or_tip_change,,,975,974,,,,IDLE,9296.78409627085,
,975,,,907,975,,publish,907,H,,,974,,,IDLE,9296.78409627085,9296.78409627085
,975,,,907,975,,mine_H_publish,,,,,,,,IDLE,9296.78409627085,
907,,,,907,975,9302.944165666991,mine_A_start_withhold,,,,,,976,,WITHHOLD,9299.225106478421,
,,,,908,977,,reorg_or_tip_change,,,977,975,,,,WITHHOLD,9301.430618879373,
,977,,,908,977,,publish,908,H,,,975,,,WITHHOLD,9301.430618879373,9301.430618879373
,977,,,908,977,,mine_H_publish,,,,,,,,WITHHOLD,9301.430618879373,
,976,,,908,977,,publish,908,A,,,975,,,WITHHOLD,9302.944165666991,9302.944165666991
,,,976,908,977,,release_bn,,,,,,,,WITHHOLD,9302.944165666991,
,,,,908,977,,release_enter_race,,,,,,,976,RACE,9302.944165666991,
,,,,909,978,,reorg_or_tip_change,,,978,977,,,,RACE,9314.924192994184,
,978,,,909,978,,publish,909,H,,,977,,,RACE,9314.924192994184,9314.924192994184
,978,,,909,978,,mine_H_publish,,,,,,,,RACE,9314.924192994184,
,,,,909,978,,race_lost,,,,,,,,RACE,9314.924192994184,
,,,,910,979,,reorg_or_tip_change,,,979,978,,,,IDLE,9340.618546780386,
,979,,,910,979,,publish,910,H,,,978,,,IDLE,9340.618546780386,9340.618546780386
,979,,,910,979,,mine_H_publish,,,,,,,,IDLE,9340.618546780386,
910,,,,910,979,9349.638107928788,mine_A_start_withhold,,,,,,980,,WITHHOLD,9345.919048740217,
,,,,911,980,,reorg_or_tip_change,,,980,979,,,,WITHHOLD,9349.638107928788,
,980,,,911,980,,publish,911,A,,,979,,,WITHHOLD,9349.638107928788,9349.638107928788
,,,980,911,980,,release_bn,,,,,,,,WITHHOLD,9349.638107928788,
,,,,911,980,,release_no_race,,,,,,,,WITHHOLD,9349.638107928788,
911,,,,911,980,9354.834981568685,mine_A_start_withhold,,,,,,981,,WITHHOLD,9351.115922380115,
,,,,912,981,,reorg_or_tip_change,,,981,980,,,,WITHHOLD,9354.834981568685,
,981,,,912,981,,publish,912,A,,,980,,,WITHHOLD,9354.834981568685,9354.834981568685
,,,981,912,981,,release_bn,,,,,,,,WITHHOLD,9354.834981568685,
,,,,912,981,,release_no_race,,,,,,,,WITHHOLD,9354.834981568685,
,,,,913,982,,reorg_or_tip_change,,,982,981,,,,IDLE,9410.237808944095,
,982,,,913,982,,publish,913,H,,,981,,,IDLE,9410.237808944095,9410.237808944095
,982,,,913,982,,mine_H_publish,,,,,,,,IDLE,9410.237808944095,
913,,,,913,982,9439.191027497583,mine_A_start_withhold,,,,,,983,,WITHHOLD,9435.471968309013,
,,,,914,983,,reorg_or_tip_change,,,983,982,,,,WITHHOLD,9437.834827356553,
,983,,,914,983,,publish,914,A,,,982,,,WITHHOLD,9437.834827356553,9437.834827356553
,,,,915,984,,reorg_or_tip_change,,,984,983,,,,WITHHOLD,9437.834827356553,
,984,,,915,984,,publish,915,A,,,983,,,WITHHOLD,9437.834827356553,9437.834827356553
,,984,983,915,984,,mine_A_withhold_success,,,,,,,,WITHHOLD,9437.834827356553,
,,,,916,985,,reorg_or_tip_change,,,985,984,,,,IDLE,9454.831759687284,
,985,,,916,985,,publish,916,H,,,984,,,IDLE,9454.831759687284,9454.831759687284
,985,,,916,985,,mine_H_publish,,,,,,,,IDLE,9454.831759687284,
916,,,,916,985,9463.205433818204,mine_A_start_withhold,,,,,,986,,WITHHOLD,9459.486374629634,
,,,,917,986,,reorg_or_tip_change,,,986,985,,,,WITHHOLD,9460.736110140198,
,986,,,917,986,,publish,917,A,,,985,,,WITHHOLD,9460.736110140198,9460.736110140198
,,,,918,987,,reorg_or_tip_change,,,987,986,,,,WITHHOLD,9460.736110140198,
,987,,,918,987,,publish,918,A,,,986,,,WITHHOLD,9460.736110140198,9460.736110140198
,,987,986,918,987,,mine_A_withhold_success,,,,,,,,WITHHOLD,9460.736110140198,
918,,,,918,987,9473.511264627445,mine_A_start_withhold,,,,,,988,,WITHHOLD,9469.792205438875,
,,,,919,989,,reorg_or_tip_change,,,989,987,,,,WITHHOLD,9472.872705334466,
,989,,,919,989,,publish,919,H,,,987,,,WITHHOLD,9472.872705334466,9472.872705334466
,989,,,919,989,,mine_H_publish,,,,,,,,WITHHOLD,9472.872705334466,
,988,,,919,989,,publish,919,A,,,987,,,WITHHOLD,9473.511264627445,9473.511264627445
,,,988,919,989,,release_bn,,,,,,,,WITHHOLD,9473.511264627445,
,,,,919,989,,release_enter_race,,,,,,,988,RACE,9473.511264627445,
,,,,920,990,,reorg_or_tip_change,,,990,989,,,,RACE,9480.020910413734,
,990,,,920,990,,publish,920,A,,,988,,,RACE,9480.020910413734,9480.020910413734
,990,,,920,990,,mine_A_race_success,,,,,,,,RACE,9480.020910413734,
,,,,921,991,,reorg_or_tip_change,,,991,990,,,,IDLE,9483.882614845177,
,991,,,921,991,,publish,921,H,,,990,,,IDLE,9483.882614845177,9483.882614845177
,991,,,921,991,,mine_H_publish,,,,,,,,IDLE,9483.882614845177,
921,,,,921,991,9498.381135055253,mine_A_start_withhold,,,,,,992,,WITHHOLD,9494.662075866683,
,,,,922,992,,reorg_or_tip_change,,,992,991,,,,WITHHOLD,9496.25529486919,
,992,,,922,992,,publish,922,A,,,991,,,WITHHOLD,9496.25529486919,9496.25529486919
,,,,923,993,,reorg_or_tip_change,,,993,992,,,,WITHHOLD,9496.25529486919,
,993,,,923,993,,publish,923,A,,,992,,,WITHHOLD,9496.25529486919,9496.25529486919
,,993,992,923,993,,mine_A_withhold_success,,,,,,,,WITHHOLD,9496.25529486919,
923,,,,923,993,9507.117599173082,mine_A_start_withhold,,,,,,994,,WITHHOLD,9503.398539984511,
,,,,924,994,,reorg_or_tip_change,,,994,993,,,,WITHHOLD,9507.117599173082,
,994,,,924,994,,publish,924,A,,,993,,,WITHHOLD,9507.117599173082,9507.117599173082
,,,994,924,994,,release_bn,,,,,,,,WITHHOLD,9507.117599173082,
,,,,924,994,,release_no_race,,,,,,,,WITHHOLD,9507.117599173082,
924,,,,924,994,9521.565604479949,mine_A_start_withhold,,,,,,995,,WITHHOLD,9517.846545291379,
,,,,925,995,,reorg_or_tip_change,,,995,994,,,,WITHHOLD,9521.565604479949,
,995,,,925,995,,publish,925,A,,,994,,,WITHHOLD,9521.565604479949,9521.565604479949
,,,995,925,995,,release_bn,,,,,,,,WITHHOLD,9521.565604479949,
,,,,925,995,,release_no_race,,,,,,,,WITHHOLD,9521.565604479949,
925,,,,925,995,9527.049386300836,mine_A_start_withhold,,,,,,996,,WITHHOLD,9523.330327112266,
,,,,926,996,,reorg_or_tip_change,,,996,995,,,,WITHHOLD,9527.049386300836,
,996,,,926,996,,publish,926,A,,,995,,,WITHHOLD,9527.049386300836,9527.049386300836
,,,996,926,996,,release_bn,,,,,,,,WITHHOLD,9527.049386300836,
,,,,926,996,,release_no_race,,,,,,,,WITHHOLD,9527.049386300836,
926,,,,926,996,9543.567369090079,mine_A_start_withhold,,,,,,997,,WITHHOLD,9539.848309901508,
,,,,927,997,,reorg_or_tip_change,,,997,996,,,,WITHHOLD,9543.567369090079,
,997,,,927,997,,publish,927,A,,,996,,,WITHHOLD,9543.567369090079,9543.567369090079
,,,997,927,997,,release_bn,,,,,,,,WITHHOLD,9543.567369090079,
,,,,927,997,,release_no_race,,,,,,,,WITHHOLD,9543.567369090079,
927,,,,927,997,9553.12947677665,mine_A_start_withhold,,,,,,998,,WITHHOLD,9549.41041758808,
,,,,928,998,,reorg_or_tip_change,,,998,997,,,,WITHHOLD,9552.769174014473,
,998,,,928,998,,publish,928,A,,,997,,,WITHHOLD,9552.769174014473,9552.769174014473
,,,,929,999,,reorg_or_tip_change,,,999,998,,,,WITHHOLD,9552.769174014473,
,999,,,929,999,,publish,929,A,,,998,,,WITHHOLD,9552.769174014473,9552.769174014473
,,999,998,929,999,,mine_A_withhold_success,,,,,,,,WITHHOLD,9552.769174014473,
,,,,930,1000,,reorg_or_tip_change,,,1000,999,,,,IDLE,9553.971460820221,
,1000,,,930,1000,,publish,930,H,,,999,,,IDLE,9553.971460820221,9553.971460820221
,1000,,,930,1000,,mine_H_publish,,,,,,,,IDLE,9553.971460820221,
,,,,931,1001,,reorg_or_tip_change,,,1001,1000,,,,IDLE,9556.684557266233,
,1001,,,931,1001,,publish,931,H,,,1000,,,IDLE,9556.684557266233,9556.684557266233
,1001,,,931,1001,,mine_H_publish,,,,,,,,IDLE,9556.684557266233,
931,,,,931,1001,9561.169252015132,mine_A_start_withhold,,,,,,1002,,WITHHOLD,9557.450192826562,
,,,,932,1002,,reorg_or_tip_change,,,1002,1001,,,,WITHHOLD,9558.459755993468,
,1002,,,932,1002,,publish,932,A,,,1001,,,WITHHOLD,9558.459755993468,9558.459755993468
,,,,933,1003,,reorg_or_tip_change,,,1003,1002,,,,WITHHOLD,9558.459755993468,
,1003,,,933,1003,,publish,933,A,,,1002,,,WITHHOLD,9558.459755993468,9558.459755993468
,,1003,1002,933,1003,,mine_A_withhold_success,,,,,,,,WITHHOLD,9558.459755993468,
,,,,934,1004,,reorg_or_tip_change,,,1004,1003,,,,IDLE,9607.210503690198,
,1004,,,934,1004,,publish,934,H,,,1003,,,IDLE,9607.210503690198,9607.210503690198
,1004,,,934,1004,,mine_H_publish,,,,,,,,IDLE,9607.210503690198,
934,,,,934,1004,9617.448822599776,mine_A_start_withhold,,,,,,1005,,WITHHOLD,9613.729763411206,
,,,,935,1005,,reorg_or_tip_change,,,1005,1004,,,,WITHHOLD,9617.448822599776,
,1005,,,935,1005,,publish,935,A,,,1004,,,WITHHOLD,9617.448822599776,9617.448822599776
,,,1005,935,1005,,release_bn,,,,,,,,WITHHOLD,9617.448822599776,
,,,,935,1005,,release_no_race,,,,,,,,WITHHOLD,9617.448822599776,
,,,,936,1006,,reorg_or_tip_change,,,1006,1005,,,,IDLE,9619.263866138004,
,1006,,,936,1006,,publish,936,H,,,1005,,,IDLE,9619.263866138004,9619.263866138004
,1006,,,936,1006,,mine_H_publish,,,,,,,,IDLE,9619.263866138004,
,,,,937,1007,,reorg_or_tip_change,,,1007,1006,,,,IDLE,9620.658815995243,
,1007,,,937,1007,,publish,937,H,,,1006,,,IDLE,9620.658815995243,9620.658815995243
,1007,,,937,1007,,mine_H_publish,,,,,,,,IDLE,9620.658815995243,
937,,,,937,1007,9625.908544577676,mine_A_start_withhold,,,,,,1008,,WITHHOLD,9622.189485389106,
,,,,938,1008,,reorg_or_tip_change,,,1008,1007,,,,WITHHOLD,9625.908544577676,
,1008,,,938,1008,,publish,938,A,,,1007,,,WITHHOLD,9625.908544577676,9625.908544577676
,,,1008,938,1008,,release_bn,,,,,,,,WITHHOLD,9625.908544577676,
,,,,938,1008,,release_no_race,,,,,,,,WITHHOLD,9625.908544577676,
,,,,939,1009,,reorg_or_tip_change,,,1009,1008,,,,IDLE,9659.500051582418,
,1009,,,939,1009,,publish,939,H,,,1008,,,IDLE,9659.500051582418,9659.500051582418
,1009,,,939,1009,,mine_H_publish,,,,,,,,IDLE,9659.500051582418,
939,,,,939,1009,9674.218932970922,mine_A_start_withhold,,,,,,1010,,WITHHOLD,9670.499873782352,
,,,,940,1010,,reorg_or_tip_change,,,1010,1009,,,,WITHHOLD,9674.218932970922,
,1010,,,940,1010,,publish,940,A,,,1009,,,WITHHOLD,9674.218932970922,9674.218932970922
,,,1010,940,1010,,release_bn,,,,,,,,WITHHOLD,9674.218932970922,
,,,,940,1010,,release_no_race,,,,,,,,WITHHOLD,9674.218932970922,
940,,,,940,1010,9724.13508549921,mine_A_start_withhold,,,,,,1011,,WITHHOLD,9720.41602631064,
,,,,941,1011,,reorg_or_tip_change,,,1011,1010,,,,WITHHOLD,9724.13508549921,
,1011,,,941,1011,,publish,941,A,,,1010,,,WITHHOLD,9724.13508549921,9724.13508549921
,,,1011,941,1011,,release_bn,,,,,,,,WITHHOLD,9724.13508549921,
,,,,941,1011,,release_no_race,,,,,,,,WITHHOLD,9724.13508549921,
941,,,,941,1011,9733.89326243715,mine_A_start_withhold,,,,,,1012,,WITHHOLD,9730.17420324858,
,,,,942,1012,,reorg_or_tip_change,,,1012,1011,,,,WITHHOLD,9733.89326243715,
,1012,,,942,1012,,publish,942,A,,,1011,,,WITHHOLD,9733.89326243715,9733.89326243715
,,,1012,942,1012,,release_bn,,,,,,,,WITHHOLD,9733.89326243715,
,,,,942,1012,,release_no_race,,,,,,,,WITHHOLD,9733.89326243715,
942,,,,942,1012,9770.072659910331,mine_A_start_withhold,,,,,,1013,,WITHHOLD,9766.35360072176,
,,,,943,1013,,reorg_or_tip_change,,,1013,1012,,,,WITHHOLD,9770.072659910331,
,1013,,,943,1013,,publish,943,A,,,1012,,,WITHHOLD,9770.072659910331,9770.072659910331
,,,1013,943,1013,,release_bn,,,,,,,,WITHHOLD,9770.072659910331,
,,,,943,1013,,release_no_race,,,,,,,,WITHHOLD,9770.072659910331,
943,,,,943,1013,9774.169930893833,mine_A_start_withhold,,,,,,1014,,WITHHOLD,9770.450871705263,
,,,,944,1014,,reorg_or_tip_change,,,1014,1013,,,,WITHHOLD,9774.169930893833,
,1014,,,944,1014,,publish,944,A,,,1013,,,WITHHOLD,9774.169930893833,9774.169930893833
,,,1014,944,1014,,release_bn,,,,,,,,WITHHOLD,9774.169930893833,
,,,,944,1014,,release_no_race,,,,,,,,WITHHOLD,9774.169930893833,
,,,,945,1015,,reorg_or_tip_change,,,1015,1014,,,,IDLE,9775.979990686094,
,1015,,,945,1015,,publish,945,H,,,1014,,,IDLE,9775.979990686094,9775.979990686094
,1015,,,945,1015,,mine_H_publish,,,,,,,,IDLE,9775.979990686094,
,,,,946,1016,,reorg_or_tip_change,,,1016,1015,,,,IDLE,9780.15882652912,
,1016,,,946,1016,,publish,946,H,,,1015,,,IDLE,9780.15882652912,9780.15882652912
,1016,,,946,1016,,mine_H_publish,,,,,,,,IDLE,9780.15882652912,
,,,,947,1017,,reorg_or_tip_change,,,1017,1016,,,,IDLE,9793.945053145484,
,1017,,,947,1017,,publish,947,H,,,1016,,,IDLE,9793.945053145484,9793.945053145484
,1017,,,947,1017,,mine_H_publish,,,,,,,,IDLE,9793.945053145484,
947,,,,947,1017,9802.198131625255,mine_A_start_withhold,,,,,,1018,,WITHHOLD,9798.479072436685,
,,,,948,1018,,reorg_or_tip_change,,,1018,1017,,,,WITHHOLD,9802.198131625255,
,1018,,,948,1018,,publish,948,A,,,1017,,,WITHHOLD,9802.198131625255,9802.198131625255
,,,1018,948,1018,,release_bn,,,,,,,,WITHHOLD,9802.198131625255,
,,,,948,1018,,release_no_race,,,,,,,,WITHHOLD,9802.198131625255,
948,,,,948,1018,9807.445585652757,mine_A_start_withhold,,,,,,1019,,WITHHOLD,9803.726526464186,
,,,,949,1019,,reorg_or_tip_change,,,1019,1018,,,,WITHHOLD,9807.445585652757,
,1019,,,949,1019,,publish,949,A,,,1018,,,WITHHOLD,9807.445585652757,9807.445585652757
,,,1019,949,1019,,release_bn,,,,,,,,WITHHOLD,9807.445585652757,
,,,,949,1019,,release_no_race,,,,,,,,WITHHOLD,9807.445585652757,
949,,,,949,1019,9817.387559206025,mine_A_start_withhold,,,,,,1020,,WITHHOLD,9813.668500017455,
,,,,950,1020,,reorg_or_tip_change,,,1020,1019,,,,WITHHOLD,9816.91689040111,
,1020,,,950,1020,,publish,950,A,,,1019,,,WITHHOLD,9816.91689040111,9816.91689040111
,,,,951,1021,,reorg_or_tip_change,,,1021,1020,,,,WITHHOLD,9816.91689040111,
,1021,,,951,1021,,publish,951,A,,,1020,,,WITHHOLD,9816.91689040111,9816.91689040111
,,1021,1020,951,1021,,mine_A_withhold_success,,,,,,,,WITHHOLD,9816.91689040111,
951,,,,951,1021,9822.566605736893,mine_A_start_withhold,,,,,,1022,,WITHHOLD,9818.847546548322,
,,,,952,1022,,reorg_or_tip_change,,,1022,1021,,,,WITHHOLD,9822.566605736893,
,1022,,,952,1022,,publish,952,A,,,1021,,,WITHHOLD,9822.566605736893,9822.566605736893
,,,1022,952,1022,,release_bn,,,,,,,,WITHHOLD,9822.566605736893,
,,,,952,1022,,release_no_race,,,,,,,,WITHHOLD,9822.566605736893,
952,,,,952,1022,9830.425140750533,mine_A_start_withhold,,,,,,1023,,WITHHOLD,9826.706081561962,
,,,,953,1023,,reorg_or_tip_change,,,1023,1022,,,,WITHHOLD,9830.425140750533,
,1023,,,953,1023,,publish,953,A,,,1022,,,WITHHOLD,9830.425140750533,9830.425140750533
,,,1023,953,1023,,release_bn,,,,,,,,WITHHOLD,9830.425140750533,
,,,,953,1023,,release_no_race,,,,,,,,WITHHOLD,9830.425140750533,
953,,,,953,1023,9843.354393884098,mine_A_start_withhold,,,,,,1024,,WITHHOLD,9839.635334695527,
,,,,954,1024,,reorg_or_tip_change,,,1024,1023,,,,WITHHOLD,9843.354393884098,
,1024,,,954,1024,,publish,954,A,,,1023,,,WITHHOLD,9843.354393884098,9843.354393884098
,,,1024,954,1024,,release_bn,,,,,,,,WITHHOLD,9843.354393884098,
,,,,954,1024,,release_no_race,,,,,,,,WITHHOLD,9843.354393884098,
,,,,955,1025,,reorg_or_tip_change,,,1025,1024,,,,IDLE,9853.870421327425,
,1025,,,955,1025,,publish,955,H,,,1024,,,IDLE,9853.870421327425,9853.870421327425
,1025,,,955,1025,,mine_H_publish,,,,,,,,IDLE,9853.870421327425,
955,,,,955,1025,9873.083116549227,mine_A_start_withhold,,,,,,1026,,WITHHOLD,9869.364057360657,
,,,,956,1026,,reorg_or_tip_change,,,1026,1025,,,,WITHHOLD,9870.036444212821,
,1026,,,956,1026,,publish,956,A,,,1025,,,WITHHOLD,9870.036444212821,9870.036444212821
,,,,957,1027,,reorg_or_tip_change,,,1027,1026,,,,WITHHOLD,9870.036444212821,
,1027,,,957,1027,,publish,957,A,,,1026,,,WITHHOLD,9870.036444212821,9870.036444212821
,,1027,1026,957,1027,,mine_A_withhold_success,,,,,,,,WITHHOLD,9870.036444212821,
957,,,,957,1027,9878.784015645235,mine_A_start_withhold,,,,,,1028,,WITHHOLD,9875.064956456665,
,,,,958,1028,,reorg_or_tip_change,,,1028,1027,,,,WITHHOLD,9878.784015645235,
,1028,,,958,1028,,publish,958,A,,,1027,,,WITHHOLD,9878.784015645235,9878.784015645235
,,,1028,958,1028,,release_bn,,,,,,,,WITHHOLD,9878.784015645235,
,,,,958,1028,,release_no_race,,,,,,,,WITHHOLD,9878.784015645235,
958,,,,958,1028,9894.490084035502,mine_A_start_withhold,,,,,,1029,,WITHHOLD,9890.771024846932,
,,,,959,1029,,reorg_or_tip_change,,,1029,1028,,,,WITHHOLD,9894.490084035502,
,1029,,,959,1029,,publish,959,A,,,1028,,,WITHHOLD,9894.490084035502,9894.490084035502
,,,1029,959,1029,,release_bn,,,,,,,,WITHHOLD,9894.490084035502,
,,,,959,1029,,release_no_race,,,,,,,,WITHHOLD,9894.490084035502,
,,,,960,1030,,reorg_or_tip_change,,,1030,1029,,,,IDLE,9904.072794084379,
,1030,,,960,1030,,publish,960,H,,,1029,,,IDLE,9904.072794084379,9904.072794084379
,1030,,,960,1030,,mine_H_publish,,,,,,,,IDLE,9904.072794084379,
960,,,,960,1030,9911.709067894522,mine_A_start_withhold,,,,,,1031,,WITHHOLD,9907.990008705952,
,,,,961,1031,,reorg_or_tip_change,,,1031,1030,,,,WITHHOLD,9908.232421573535,
,1031,,,961,1031,,publish,961,A,,,1030,,,WITHHOLD,9908.232421573535,9908.232421573535
,,,,962,1032,,reorg_or_tip_change,,,1032,1031,,,,WITHHOLD,9908.232421573535,
,1032,,,962,1032,,publish,962,A,,,1031,,,WITHHOLD,9908.232421573535,9908.232421573535
,,1032,1031,962,1032,,mine_A_withhold_success,,,,,,,,WITHHOLD,9908.232421573535,
,,,,963,1033,,reorg_or_tip_change,,,1033,1032,,,,IDLE,9934.798027835279,
,1033,,,963,1033,,publish,963,H,,,1032,,,IDLE,9934.798027835279,9934.798027835279
,1033,,,963,1033,,mine_H_publish,,,,,,,,IDLE,9934.798027835279,
963,,,,963,1033,9942.530490961008,mine_A_start_withhold,,,,,,1034,,WITHHOLD,9938.811431772438,
,,,,964,1035,,reorg_or_tip_change,,,1035,1033,,,,WITHHOLD,9939.669841179202,
,1035,,,964,1035,,publish,964,H,,,1033,,,WITHHOLD,9939.669841179202,9939.669841179202
,1035,,,964,1035,,mine_H_publish,,,,,,,,WITHHOLD,9939.669841179202,
,1034,,,964,1035,,publish,964,A,,,1033,,,WITHHOLD,9942.530490961008,9942.530490961008
,,,1034,964,1035,,release_bn,,,,,,,,WITHHOLD,9942.530490961008,
,,,,964,1035,,release_enter_race,,,,,,,1034,RACE,9942.530490961008,
,,,,965,1036,,reorg_or_tip_change,,,1036,1035,,,,RACE,9949.493676764481,
,1036,,,965,1036,,publish,965,A,,,1034,,,RACE,9949.493676764481,9949.493676764481
,1036,,,965,1036,,mine_A_race_success,,,,,,,,RACE,9949.493676764481,
965,,,,965,1036,9953.453964479628,mine_A_start_withhold,,,,,,1037,,WITHHOLD,9949.734905291058,
,,,,966,1037,,reorg_or_tip_change,,,1037,1036,,,,WITHHOLD,9953.453964479628,
,1037,,,966,1037,,publish,966,A,,,1036,,,WITHHOLD,9953.453964479628,9953.453964479628
,,,1037,966,1037,,release_bn,,,,,,,,WITHHOLD,9953.453964479628,
,,,,966,1037,,release_no_race,,,,,,,,WITHHOLD,9953.453964479628,
966,,,,966,1037,9963.76305248153,mine_A_start_withhold,,,,,,1038,,WITHHOLD,9960.04399329296,
,,,,967,1038,,reorg_or_tip_change,,,1038,1037,,,,WITHHOLD,9963.76305248153,
,1038,,,967,1038,,publish,967,A,,,1037,,,WITHHOLD,9963.76305248153,9963.76305248153
,,,1038,967,1038,,release_bn,,,,,,,,WITHHOLD,9963.76305248153,
,,,,967,1038,,release_no_race,,,,,,,,WITHHOLD,9963.76305248153,
967,,,,967,1038,9970.94023348698,mine_A_start_withhold,,,,,,1039,,WITHHOLD,9967.22117429841,
,,,,968,1039,,reorg_or_tip_change,,,1039,1038,,,,WITHHOLD,9970.94023348698,
,1039,,,968,1039,,publish,968,A,,,1038,,,WITHHOLD,9970.94023348698,9970.94023348698
,,,1039,968,1039,,release_bn,,,,,,,,WITHHOLD,9970.94023348698,
,,,,968,1039,,release_no_race,,,,,,,,WITHHOLD,9970.94023348698,
,,,,969,1040,,reorg_or_tip_change,,,1040,1039,,,,IDLE,9982.411151849104,
,1040,,,969,1040,,publish,969,H,,,1039,,,IDLE,9982.411151849104,9982.411151849104
,1040,,,969,1040,,mine_H_publish,,,,,,,,IDLE,9982.411151849104,
,,,,970,1041,,reorg_or_tip_change,,,1041,1040,,,,IDLE,9991.295322331753,
,1041,,,970,1041,,publish,970,H,,,1040,,,IDLE,9991.295322331753,9991.295322331753
,1041,,,970,1041,,mine_H_publish,,,,,,,,IDLE,9991.295322331753,
970,,,,970,1041,10019.269070306666,mine_A_start_withhold,,,,,,1042,,WITHHOLD,10015.550011118095,
,,,,971,1042,,reorg_or_tip_change,,,1042,1041,,,,WITHHOLD,10018.404983090368,
,1042,,,971,1042,,publish,971,A,,,1041,,,WITHHOLD,10018.404983090368,10018.404983090368
,,,,972,1043,,reorg_or_tip_change,,,1043,1042,,,,WITHHOLD,10018.404983090368,
,1043,,,972,1043,,publish,972,A,,,1042,,,WITHHOLD,10018.404983090368,10018.404983090368
,,1043,1042,972,1043,,mine_A_withhold_success,,,,,,,,WITHHOLD,10018.404983090368,
,,,,973,1044,,reorg_or_tip_change,,,1044,1043,,,,IDLE,10024.715829914323,
,1044,,,973,1044,,publish,973,H,,,1043,,,IDLE,10024.715829914323,10024.715829914323
,1044,,,973,1044,,mine_H_publish,,,,,,,,IDLE,10024.715829914323,
973,,,,973,1044,10039.452961750336,mine_A_start_withhold,,,,,,1045,,WITHHOLD,10035.733902561766,
,,,,974,1045,,reorg_or_tip_change,,,1045,1044,,,,WITHHOLD,10039.452961750336,
,1045,,,974,1045,,publish,974,A,,,1044,,,WITHHOLD,10039.452961750336,10039.452961750336
,,,1045,974,1045,,release_bn,,,,,,,,WITHHOLD,10039.452961750336,
,,,,974,1045,,release_no_race,,,,,,,,WITHHOLD,10039.452961750336,
,,,,975,1046,,reorg_or_tip_change,,,1046,1045,,,,IDLE,10079.974258640717,
,1046,,,975,1046,,publish,975,H,,,1045,,,IDLE,10079.974258640717,10079.974258640717
,1046,,,975,1046,,mine_H_publish,,,,,,,,IDLE,10079.974258640717,
975,,,,975,1046,10086.090372151453,mine_A_start_withhold,,,,,,1047,,WITHHOLD,10082.371312962883,
,,,,976,1047,,reorg_or_tip_change,,,1047,1046,,,,WITHHOLD,10086.090372151453,
,1047,,,976,1047,,publish,976,A,,,1046,,,WITHHOLD,10086.090372151453,10086.090372151453
,,,1047,976,1047,,release_bn,,,,,,,,WITHHOLD,10086.090372151453,
,,,,976,1047,,release_no_race,,,,,,,,WITHHOLD,10086.090372151453,
976,,,,976,1047,10109.562992494579,mine_A_start_withhold,,,,,,1048,,WITHHOLD,10105.843933306009,
,,,,977,1048,,reorg_or_tip_change,,,1048,1047,,,,WITHHOLD,10108.226274350543,
,1048,,,977,1048,,publish,977,A,,,1047,,,WITHHOLD,10108.226274350543,10108.226274350543
,,,,978,1049,,reorg_or_tip_change,,,1049,1048,,,,WITHHOLD,10108.226274350543,
,1049,,,978,1049,,publish,978,A,,,1048,,,WITHHOLD,10108.226274350543,10108.226274350543
,,1049,1048,978,1049,,mine_A_withhold_success,,,,,,,,WITHHOLD,10108.226274350543,
978,,,,978,1049,10117.108039124054,mine_A_start_withhold,,,,,,1050,,WITHHOLD,10113.388979935484,
,,,,979,1050,,reorg_or_tip_change,,,1050,1049,,,,WITHHOLD,10117.108039124054,
,1050,,,979,1050,,publish,979,A,,,1049,,,WITHHOLD,10117.108039124054,10117.108039124054
,,,1050,979,1050,,release_bn,,,,,,,,WITHHOLD,10117.108039124054,
,,,,979,1050,,release_no_race,,,,,,,,WITHHOLD,10117.108039124054,
,,,,980,1051,,reorg_or_tip_change,,,1051,1050,,,,IDLE,10129.09431793167,
,1051,,,980,1051,,publish,980,H,,,1050,,,IDLE,10129.09431793167,10129.09431793167
,1051,,,980,1051,,mine_H_publish,,,,,,,,IDLE,10129.09431793167,
980,,,,980,1051,10136.503257709546,mine_A_start_withhold,,,,,,1052,,WITHHOLD,10132.784198520976,
,,,,981,1052,,reorg_or_tip_change,,,1052,1051,,,,WITHHOLD,10136.503257709546,
,1052,,,981,1052,,publish,981,A,,,1051,,,WITHHOLD,10136.503257709546,10136.503257709546
,,,1052,981,1052,,release_bn,,,,,,,,WITHHOLD,10136.503257709546,
,,,,981,1052,,release_no_race,,,,,,,,WITHHOLD,10136.503257709546,
,,,,982,1053,,reorg_or_tip_change,,,1053,1052,,,,IDLE,10137.715340167311,
,1053,,,982,1053,,publish,982,H,,,1052,,,IDLE,10137.715340167311,10137.715340167311
,1053,,,982,1053,,mine_H_publish,,,,,,,,IDLE,10137.715340167311,
,,,,983,1054,,reorg_or_tip_change,,,1054,1053,,,,IDLE,10142.36303098198,
,1054,,,983,1054,,publish,983,H,,,1053,,,IDLE,10142.36303098198,10142.36303098198
,1054,,,983,1054,,mine_H_publish,,,,,,,,IDLE,10142.36303098198,
983,,,,983,1054,10157.138129300962,mine_A_start_withhold,,,,,,1055,,WITHHOLD,10153.419070112392,
,,,,984,1055,,reorg_or_tip_change,,,1055,1054,,,,WITHHOLD,10157.138129300962,
,1055,,,984,1055,,publish,984,A,,,1054,,,WITHHOLD,10157.138129300962,10157.138129300962
,,,1055,984,1055,,release_bn,,,,,,,,WITHHOLD,10157.138129300962,
,,,,984,1055,,release_no_race,,,,,,,,WITHHOLD,10157.138129300962,
,,,,985,1056,,reorg_or_tip_change,,,1056,1055,,,,IDLE,10166.499590392616,
,1056,,,985,1056,,publish,985,H,,,1055,,,IDLE,10166.499590392616,10166.499590392616
,1056,,,985,1056,,mine_H_publish,,,,,,,,IDLE,10166.499590392616,
985,,,,985,1056,10177.28222511294,mine_A_start_withhold,,,,,,1057,,WITHHOLD,10173.56316592437,
,,,,986,1057,,reorg_or_tip_change,,,1057,1056,,,,WITHHOLD,10173.84706910556,
,1057,,,986,1057,,publish,986,A,,,1056,,,WITHHOLD,10173.84706910556,10173.84706910556
,,,,987,1058,,reorg_or_tip_change,,,1058,1057,,,,WITHHOLD,10173.84706910556,
,1058,,,987,1058,,publish,987,A,,,1057,,,WITHHOLD,10173.84706910556,10173.84706910556
,,1058,1057,987,1058,,mine_A_withhold_success,,,,,,,,WITHHOLD,10173.84706910556,
,,,,988,1059,,reorg_or_tip_change,,,1059,1058,,,,IDLE,10199.435591408363,
,1059,,,988,1059,,publish,988,H,,,1058,,,IDLE,10199.435591408363,10199.435591408363
,1059,,,988,1059,,mine_H_publish,,,,,,,,IDLE,10199.435591408363,
,,,,989,1060,,reorg_or_tip_change,,,1060,1059,,,,IDLE,10204.868246477256,
,1060,,,989,1060,,publish,989,H,,,1059,,,IDLE,10204.868246477256,10204.868246477256
,1060,,,989,1060,,mine_H_publish,,,,,,,,IDLE,10204.868246477256,
,,,,990,1061,,reorg_or_tip_change,,,1061,1060,,,,IDLE,10221.02086888798,
,1061,,,990,1061,,publish,990,H,,,1060,,,IDLE,10221.02086888798,10221.02086888798
,1061,,,990,1061,,mine_H_publish,,,,,,,,IDLE,10221.02086888798,
990,,,,990,1061,10255.32179066672,mine_A_start_withhold,,,,,,1062,,WITHHOLD,10251.60273147815,
,,,,991,1062,,reorg_or_tip_change,,,1062,1061,,,,WITHHOLD,10253.175597684929,
,1062,,,991,1062,,publish,991,A,,,1061,,,WITHHOLD,10253.175597684929,10253.175597684929
,,,,992,1063,,reorg_or_tip_change,,,1063,1062,,,,WITHHOLD,10253.175597684929,
,1063,,,992,1063,,publish,992,A,,,1062,,,WITHHOLD,10253.175597684929,10253.175597684929
,,1063,1062,992,1063,,mine_A_withhold_success,,,,,,,,WITHHOLD,10253.175597684929,
992,,,,992,1063,10287.547226986311,mine_A_start_withhold,,,,,,1064,,WITHHOLD,10283.828167797741,
,,,,993,1064,,reorg_or_tip_change,,,1064,1063,,,,WITHHOLD,10287.547226986311,
,1064,,,993,1064,,publish,993,A,,,1063,,,WITHHOLD,10287.547226986311,10287.547226986311
,,,1064,993,1064,,release_bn,,,,,,,,WITHHOLD,10287.547226986311,
,,,,993,1064,,release_no_race,,,,,,,,WITHHOLD,10287.547226986311,
993,,,,993,1064,10314.446633971478,mine_A_start_withhold,,,,,,1065,,WITHHOLD,10310.727574782908,
,,,,994,1065,,reorg_or_tip_change,,,1065,1064,,,,WITHHOLD,10314.446633971478,
,1065,,,994,1065,,publish,994,A,,,1064,,,WITHHOLD,10314.446633971478,10314.446633971478
,,,1065,994,1065,,release_bn,,,,,,,,WITHHOLD,10314.446633971478,
,,,,994,1065,,release_no_race,,,,,,,,WITHHOLD,10314.446633971478,
994,,,,994,1065,10319.651020857724,mine_A_start_withhold,,,,,,1066,,WITHHOLD,10315.931961669154,
,,,,995,1066,,reorg_or_tip_change,,,1066,1065,,,,WITHHOLD,10317.111225273175,
,1066,,,995,1066,,publish,995,A,,,1065,,,WITHHOLD,10317.111225273175,10317.111225273175
,,,,996,1067,,reorg_or_tip_change,,,1067,1066,,,,WITHHOLD,10317.111225273175,
,1067,,,996,1067,,publish,996,A,,,1066,,,WITHHOLD,10317.111225273175,10317.111225273175
,,1067,1066,996,1067,,mine_A_withhold_success,,,,,,,,WITHHOLD,10317.111225273175,
996,,,,996,1067,10321.73106088169,mine_A_start_withhold,,,,,,1068,,WITHHOLD,10318.01200169312,
,,,,997,1069,,reorg_or_tip_change,,,1069,1067,,,,WITHHOLD,10318.884704808166,
,1069,,,997,1069,,publish,997,H,,,1067,,,WITHHOLD,10318.884704808166,10318.884704808166
,1069,,,997,1069,,mine_H_publish,,,,,,,,WITHHOLD,10318.884704808166,
,1068,,,997,1069,,publish,997,A,,,1067,,,WITHHOLD,10320.9660625489,10320.9660625489
,,,,998,1070,,reorg_or_tip_change,,,1070,1069,,,,WITHHOLD,10320.9660625489,
,1070,,,998,1070,,publish,998,A,,,1068,,,WITHHOLD,10320.9660625489,10320.9660625489
,,1070,1068,998,1070,,mine_A_withhold_success,,,,,,,,WITHHOLD,10320.9660625489,
998,,,,998,1070,10343.320479580163,mine_A_start_withhold,,,,,,1071,,WITHHOLD,10339.601420391593,
,,,,999,1071,,reorg_or_tip_change,,,1071,1070,,,,WITHHOLD,10343.320479580163,
,1071,,,999,1071,,publish,999,A,,,1070,,,WITHHOLD,10343.320479580163,10343.320479580163
,,,1071,999,1071,,release_bn,,,,,,,,WITHHOLD,10343.320479580163,
,,,,999,1071,,release_no_race,,,,,,,,WITHHOLD,10343.320479580163,
,,,,1000,1072,,reorg_or_tip_change,,,1072,1071,,,,IDLE,10353.008047339488,
,1072,,,1000,1072,,publish,1000,H,,,1071,,,IDLE,10353.008047339488,10353.008047339488
,1072,,,1000,1072,,mine_H_publish,,,,,,,,IDLE,10353.008047339488,
,,,,1001,1073,,reorg_or_tip_change,,,1073,1072,,,,IDLE,10360.51137019654,
,1073,,,1001,1073,,publish,1001,H,,,1072,,,IDLE,10360.51137019654,10360.51137019654
,1073,,,1001,1073,,mine_H_publish,,,,,,,,IDLE,10360.51137019654,
1001,,,,1001,1073,10367.076228901466,mine_A_start_withhold,,,,,,1074,,WITHHOLD,10363.357169712895,
,,,,1002,1075,,reorg_or_tip_change,,,1075,1073,,,,WITHHOLD,10364.814953334655,
,1075,,,1002,1075,,publish,1002,H,,,1073,,,WITHHOLD,10364.814953334655,10364.814953334655
,1075,,,1002,1075,,mine_H_publish,,,,,,,,WITHHOLD,10364.814953334655,
,1074,,,1002,1075,,publish,1002,A,,,1073,,,WITHHOLD,10367.076228901466,10367.076228901466
,,,1074,1002,1075,,release_bn,,,,,,,,WITHHOLD,10367.076228901466,
,,,,1002,1075,,release_enter_race,,,,,,,1074,RACE,10367.076228901466,
,,,,1003,1076,,reorg_or_tip_change,,,1076,1075,,,,RACE,10368.881711504428,
,1076,,,1003,1076,,publish,1003,H,,,1075,,,RACE,10368.881711504428,10368.881711504428
,1076,,,1003,1076,,mine_H_publish,,,,,,,,RACE,10368.881711504428,
,,,,1003,1076,,race_lost,,,,,,,,RACE,10368.881711504428,
1003,,,,1003,1076,10379.774353486777,mine_A_start_withhold,,,,,,1077,,WITHHOLD,10376.055294298207,
,,,,1004,1077,,reorg_or_tip_change,,,1077,1076,,,,WITHHOLD,10379.774353486777,
,1077,,,1004,1077,,publish,1004,A,,,1076,,,WITHHOLD,10379.774353486777,10379.774353486777
,,,1077,1004,1077,,release_bn,,,,,,,,WITHHOLD,10379.774353486777,
,,,,1004,1077,,release_no_race,,,,,,,,WITHHOLD,10379.774353486777,
,,,,1005,1078,,reorg_or_tip_change,,,1078,1077,,,,IDLE,10382.846572952005,
,1078,,,1005,1078,,publish,1005,H,,,1077,,,IDLE,10382.846572952005,10382.846572952005
,1078,,,1005,1078,,mine_H_publish,,,,,,,,IDLE,10382.846572952005,
,,,,1006,1079,,reorg_or_tip_change,,,1079,1078,,,,IDLE,10389.504394221141,
,1079,,,1006,1079,,publish,1006,H,,,1078,,,IDLE,10389.504394221141,10389.504394221141
,1079,,,1006,1079,,mine_H_publish,,,,,,,,IDLE,10389.504394221141,
1006,,,,1006,1079,10396.889492624041,mine_A_start_withhold,,,,,,1080,,WITHHOLD,10393.17043343547,
,,,,1007,1080,,reorg_or_tip_change,,,1080,1079,,,,WITHHOLD,10396.889492624041,
,1080,,,1007,1080,,publish,1007,A,,,1079,,,WITHHOLD,10396.889492624041,10396.889492624041
,,,1080,1007,1080,,release_bn,,,,,,,,WITHHOLD,10396.889492624041,
,,,,1007,1080,,release_no_race,,,,,,,,WITHHOLD,10396.889492624041,
1007,,,,1007,1080,10411.824798321764,mine_A_start_withhold,,,,,,1081,,WITHHOLD,10408.105739133194,
,,,,1008,1081,,reorg_or_tip_change,,,1081,1080,,,,WITHHOLD,10411.824798321764,
,1081,,,1008,1081,,publish,1008,A,,,1080,,,WITHHOLD,10411.824798321764,10411.824798321764
,,,1081,1008,1081,,release_bn,,,,,,,,WITHHOLD,10411.824798321764,
,,,,1008,1081,,release_no_race,,,,,,,,WITHHOLD,10411.824798321764,
1008,,,,1008,1081,10419.513036544295,mine_A_start_withhold,,,,,,1082,,WITHHOLD,10415.793977355725,
,,,,1009,1082,,reorg_or_tip_change,,,1082,1081,,,,WITHHOLD,10419.513036544295,
,1082,,,1009,1082,,publish,1009,A,,,1081,,,WITHHOLD,10419.513036544295,10419.513036544295
,,,1082,1009,1082,,release_bn,,,,,,,,WITHHOLD,10419.513036544295,
,,,,1009,1082,,release_no_race,,,,,,,,WITHHOLD,10419.513036544295,
,,,,1010,1083,,reorg_or_tip_change,,,1083,1082,,,,IDLE,10421.409859318512,
,1083,,,1010,1083,,publish,1010,H,,,1082,,,IDLE,10421.409859318512,10421.409859318512
,1083,,,1010,1083,,mine_H_publish,,,,,,,,IDLE,10421.409859318512,
1010,,,,1010,1083,10430.24525088225,mine_A_start_withhold,,,,,,1084,,WITHHOLD,10426.52619169368,
,,,,1011,1084,,reorg_or_tip_change,,,1084,1083,,,,WITHHOLD,10430.24525088225,
,1084,,,1011,1084,,publish,1011,A,,,1083,,,WITHHOLD,10430.24525088225,10430.24525088225
,,,1084,1011,1084,,release_bn,,,,,,,,WITHHOLD,10430.24525088225,
,,,,1011,1084,,release_no_race,,,,,,,,WITHHOLD,10430.24525088225,
1011,,,,1011,1084,10449.006803206163,mine_A_start_withhold,,,,,,1085,,WITHHOLD,10445.287744017593,
,,,,1012,1085,,reorg_or_tip_change,,,1085,1084,,,,WITHHOLD,10448.901099583369,
,1085,,,1012,1085,,publish,1012,A,,,1084,,,WITHHOLD,10448.901099583369,10448.901099583369
,,,,1013,1086,,reorg_or_tip_change,,,1086,1085,,,,WITHHOLD,10448.901099583369,
,1086,,,1013,1086,,publish,1013,A,,,1085,,,WITHHOLD,10448.901099583369,10448.901099583369
,,1086,1085,1013,1086,,mine_A_withhold_success,,,,,,,,WITHHOLD,10448.901099583369,
1013,,,,1013,1086,10463.874065013713,mine_A_start_withhold,,,,,,1087,,WITHHOLD,10460.155005825143,
,,,,1014,1087,,reorg_or_tip_change,,,1087,1086,,,,WITHHOLD,10463.874065013713,
,1087,,,1014,1087,,publish,1014,A,,,1086,,,WITHHOLD,10463.874065013713,10463.874065013713
,,,1087,1014,1087,,release_bn,,,,,,,,WITHHOLD,10463.874065013713,
,,,,1014,1087,,release_no_race,,,,,,,,WITHHOLD,10463.874065013713,
1014,,,,1014,1087,10469.021650672268,mine_A_start_withhold,,,,,,1088,,WITHHOLD,10465.302591483698,
,,,,1015,1089,,reorg_or_tip_change,,,1089,1087,,,,WITHHOLD,10467.388089595754,
,1089,,,1015,1089,,publish,1015,H,,,1087,,,WITHHOLD,10467.388089595754,10467.388089595754
,1089,,,1015,1089,,mine_H_publish,,,,,,,,WITHHOLD,10467.388089595754,
,1088,,,1015,1089,,publish,1015,A,,,1087,,,WITHHOLD,10469.021650672268,10469.021650672268
,,,1088,1015,1089,,release_bn,,,,,,,,WITHHOLD,10469.021650672268,
,,,,1015,1089,,release_enter_race,,,,,,,1088,RACE,10469.021650672268,
,,,,1016,1090,,reorg_or_tip_change,,,1090,1089,,,,RACE,10477.268202001407,
,1090,,,1016,1090,,publish,1016,A,,,1088,,,RACE,10477.268202001407,10477.268202001407
,1090,,,1016,1090,,mine_A_race_success,,,,,,,,RACE,10477.268202001407,
1016,,,,1016,1090,10487.26660965878,mine_A_start_withhold,,,,,,1091,,WITHHOLD,10483.54755047021,
,,,,1017,1091,,reorg_or_tip_change,,,1091,1090,,,,WITHHOLD,10487.26660965878,
,1091,,,1017,1091,,publish,1017,A,,,1090,,,WITHHOLD,10487.26660965878,10487.26660965878
,,,1091,1017,1091,,release_bn,,,,,,,,WITHHOLD,10487.26660965878,
,,,,1017,1091,,release_no_race,,,,,,,,WITHHOLD,10487.26660965878,
1017,,,,1017,1091,10506.736656371113,mine_A_start_withhold,,,,,,1092,,WITHHOLD,10503.017597182543,
,,,,1018,1092,,reorg_or_tip_change,,,1092,1091,,,,WITHHOLD,10503.291689047994,
,1092,,,1018,1092,,publish,1018,A,,,1091,,,WITHHOLD,10503.291689047994,10503.291689047994
,,,,1019,1093,,reorg_or_tip_change,,,1093,1092,,,,WITHHOLD,10503.291689047994,
,1093,,,1019,1093,,publish,1019,A,,,1092,,,WITHHOLD,10503.291689047994,10503.291689047994
,,1093,1092,1019,1093,,mine_A_withhold_success,,,,,,,,WITHHOLD,10503.291689047994,
1019,,,,1019,1093,10512.97956564255,mine_A_start_withhold,,,,,,1094,,WITHHOLD,10509.26050645398,
,,,,1020,1094,,reorg_or_tip_change,,,1094,1093,,,,WITHHOLD,10510.057505585532,
,1094,,,1020,1094,,publish,1020,A,,,1093,,,WITHHOLD,10510.057505585532,10510.057505585532
,,,,1021,1095,,reorg_or_tip_change,,,1095,1094,,,,WITHHOLD,10510.057505585532,
,1095,,,1021,1095,,publish,1021,A,,,1094,,,WITHHOLD,10510.057505585532,10510.057505585532
,,1095,1094,1021,1095,,mine_A_withhold_success,,,,,,,,WITHHOLD,10510.057505585532,
1021,,,,1021,1095,10515.637343868002,mine_A_start_withhold,,,,,,1096,,WITHHOLD,10511.918284679432,
,,,,1022,1096,,reorg_or_tip_change,,,1096,1095,,,,WITHHOLD,10512.9303416649,
,1096,,,1022,1096,,publish,1022,A,,,1095,,,WITHHOLD,10512.9303416649,10512.9303416649
,,,,1023,1097,,reorg_or_tip_change,,,1097,1096,,,,WITHHOLD,10512.9303416649,
,1097,,,1023,1097,,publish,1023,A,,,1096,,,WITHHOLD,10512.9303416649,10512.9303416649
,,1097,1096,1023,1097,,mine_A_withhold_success,,,,,,,,WITHHOLD,10512.9303416649,
1023,,,,1023,1097,10516.800572626922,mine_A_start_withhold,,,,,,1098,,WITHHOLD,10513.081513438352,
,,,,1024,1098,,reorg_or_tip_change,,,1098,1097,,,,WITHHOLD,10516.800572626922,
,1098,,,1024,1098,,publish,1024,A,,,1097,,,WITHHOLD,10516.800572626922,10516.800572626922
,,,1098,1024,1098,,release_bn,,,,,,,,WITHHOLD,10516.800572626922,
,,,,1024,1098,,release_no_race,,,,,,,,WITHHOLD,10516.800572626922,
,,,,1025,1099,,reorg_or_tip_change,,,1099,1098,,,,IDLE,10522.420167754955,
,1099,,,1025,1099,,publish,1025,H,,,1098,,,IDLE,10522.420167754955,10522.420167754955
,1099,,,1025,1099,,mine_H_publish,,,,,,,,IDLE,10522.420167754955,
1025,,,,1025,1099,10536.352183749515,mine_A_start_withhold,,,,,,1100,,WITHHOLD,10532.633124560945,
,,,,1026,1100,,reorg_or_tip_change,,,1100,1099,,,,WITHHOLD,10536.352183749515,
,1100,,,1026,1100,,publish,1026,A,,,1099,,,WITHHOLD,10536.352183749515,10536.352183749515
,,,1100,1026,1100,,release_bn,,,,,,,,WITHHOLD,10536.352183749515,
,,,,1026,1100,,release_no_race,,,,,,,,WITHHOLD,10536.352183749515,
,,,,1027,1101,,reorg_or_tip_change,,,1101,1100,,,,IDLE,10545.032417144075,
,1101,,,1027,1101,,publish,1027,H,,,1100,,,IDLE,10545.032417144075,10545.032417144075
,1101,,,1027,1101,,mine_H_publish,,,,,,,,IDLE,10545.032417144075,
1027,,,,1027,1101,10583.574806585144,mine_A_start_withhold,,,,,,1102,,WITHHOLD,10579.855747396574,
,,,,1028,1103,,reorg_or_tip_change,,,1103,1101,,,,WITHHOLD,10581.677749300761,
,1103,,,1028,1103,,publish,1028,H,,,1101,,,WITHHOLD,10581.677749300761,10581.677749300761
,1103,,,1028,1103,,mine_H_publish,,,,,,,,WITHHOLD,10581.677749300761,
,1102,,,1028,1103,,publish,1028,A,,,1101,,,WITHHOLD,10583.574806585144,10583.574806585144
,,,1102,1028,1103,,release_bn,,,,,,,,WITHHOLD,10583.574806585144,
,,,,1028,1103,,release_enter_race,,,,,,,1102,RACE,10583.574806585144,
,,,,1029,1104,,reorg_or_tip_change,,,1104,1103,,,,RACE,10588.992650598384,
,1104,,,1029,1104,,publish,1029,A,,,1102,,,RACE,10588.992650598384,10588.992650598384
,1104,,,1029,1104,,mine_A_race_success,,,,,,,,RACE,10588.992650598384,
1029,,,,1029,1104,10603.065506347573,mine_A_start_withhold,,,,,,1105,,WITHHOLD,10599.346447159003,
,,,,1030,1105,,reorg_or_tip_change,,,1105,1104,,,,WITHHOLD,10603.065506347573,
,1105,,,1030,1105,,publish,1030,A,,,1104,,,WITHHOLD,10603.065506347573,10603.065506347573
,,,1105,1030,1105,,release_bn,,,,,,,,WITHHOLD,10603.065506347573,
,,,,1030,1105,,release_no_race,,,,,,,,WITHHOLD,10603.065506347573,
,,,,1031,1106,,reorg_or_tip_change,,,1106,1105,,,,IDLE,10613.789741783537,
,1106,,,1031,1106,,publish,1031,H,,,1105,,,IDLE,10613.789741783537,10613.789741783537
,1106,,,1031,1106,,mine_H_publish,,,,,,,,IDLE,10613.789741783537,
1031,,,,1031,1106,10618.950763667512,mine_A_start_withhold,,,,,,1107,,WITHHOLD,10615.231704478942,
,,,,1032,1107,,reorg_or_tip_change,,,1107,1106,,,,WITHHOLD,10618.950763667512,
,1107,,,1032,1107,,publish,1032,A,,,1106,,,WITHHOLD,10618.950763667512,10618.950763667512
,,,1107,1032,1107,,release_bn,,,,,,,,WITHHOLD,10618.950763667512,
,,,,1032,1107,,release_no_race,,,,,,,,WITHHOLD,10618.950763667512,
1032,,,,1032,1107,10623.119030191996,mine_A_start_withhold,,,,,,1108,,WITHHOLD,10619.399971003426,
,,,,1033,1108,,reorg_or_tip_change,,,1108,1107,,,,WITHHOLD,10623.119030191996,
,1108,,,1033,1108,,publish,1033,A,,,1107,,,WITHHOLD,10623.119030191996,10623.119030191996
,,,1108,1033,1108,,release_bn,,,,,,,,WITHHOLD,10623.119030191996,
,,,,1033,1108,,release_no_race,,,,,,,,WITHHOLD,10623.119030191996,
1033,,,,1033,1108,10654.446198625827,mine_A_start_withhold,,,,,,1109,,WITHHOLD,10650.727139437256,
,,,,1034,1110,,reorg_or_tip_change,,,1110,1108,,,,WITHHOLD,10652.655837161776,
,1110,,,1034,1110,,publish,1034,H,,,1108,,,WITHHOLD,10652.655837161776,10652.655837161776
,1110,,,1034,1110,,mine_H_publish,,,,,,,,WITHHOLD,10652.655837161776,
,1109,,,1034,1110,,publish,1034,A,,,1108,,,WITHHOLD,10654.446198625827,10654.446198625827
,,,1109,1034,1110,,release_bn,,,,,,,,WITHHOLD,10654.446198625827,
,,,,1034,1110,,release_enter_race,,,,,,,1109,RACE,10654.446198625827,
,,,,1035,1111,,reorg_or_tip_change,,,1111,1110,,,,RACE,10657.517216046976,
,1111,,,1035,1111,,publish,1035,A,,,1109,,,RACE,10657.517216046976,10657.517216046976
,1111,,,1035,1111,,mine_A_race_success,,,,,,,,RACE,10657.517216046976,
,,,,1036,1112,,reorg_or_tip_change,,,1112,1111,,,,IDLE,10659.055342967606,
,1112,,,1036,1112,,publish,1036,H,,,1111,,,IDLE,10659.055342967606,10659.055342967606
,1112,,,1036,1112,,mine_H_publish,,,,,,,,IDLE,10659.055342967606,
,,,,1037,1113,,reorg_or_tip_change,,,1113,1112,,,,IDLE,10661.083325130545,
,1113,,,1037,1113,,publish,1037,H,,,1112,,,IDLE,10661.083325130545,10661.083325130545
,1113,,,1037,1113,,mine_H_publish,,,,,,,,IDLE,10661.083325130545,
,,,,1038,1114,,reorg_or_tip_change,,,1114,1113,,,,IDLE,10698.542604097252,
,1114,,,1038,1114,,publish,1038,H,,,1113,,,IDLE,10698.542604097252,10698.542604097252
,1114,,,1038,1114,,mine_H_publish,,,,,,,,IDLE,10698.542604097252,
1038,,,,1038,1114,10703.224894706715,mine_A_start_withhold,,,,,,1115,,WITHHOLD,10699.505835518145,
,,,,1039,1115,,reorg_or_tip_change,,,1115,1114,,,,WITHHOLD,10703.224894706715,
,1115,,,1039,1115,,publish,1039,A,,,1114,,,WITHHOLD,10703.224894706715,10703.224894706715
,,,1115,1039,1115,,release_bn,,,,,,,,WITHHOLD,10703.224894706715,
,,,,1039,1115,,release_no_race,,,,,,,,WITHHOLD,10703.224894706715,
1039,,,,1039,1115,10728.495018031197,mine_A_start_withhold,,,,,,1116,,WITHHOLD,10724.775958842627,
,,,,1040,1116,,reorg_or_tip_change,,,1116,1115,,,,WITHHOLD,10727.014153691722,
,1116,,,1040,1116,,publish,1040,A,,,1115,,,WITHHOLD,10727.014153691722,10727.014153691722
,,,,1041,1117,,reorg_or_tip_change,,,1117,1116,,,,WITHHOLD,10727.014153691722,
,1117,,,1041,1117,,publish,1041,A,,,1116,,,WITHHOLD,10727.014153691722,10727.014153691722
,,1117,1116,1041,1117,,mine_A_withhold_success,,,,,,,,WITHHOLD,10727.014153691722,
,,,,1042,1118,,reorg_or_tip_change,,,1118,1117,,,,IDLE,10729.152536848693,
,1118,,,1042,1118,,publish,1042,H,,,1117,,,IDLE,10729.152536848693,10729.152536848693
,1118,,,1042,1118,,mine_H_publish,,,,,,,,IDLE,10729.152536848693,
1042,,,,1042,1118,10737.711207092794,mine_A_start_withhold,,,,,,1119,,WITHHOLD,10733.992147904224,
,,,,1043,1119,,reorg_or_tip_change,,,1119,1118,,,,WITHHOLD,10737.711207092794,
,1119,,,1043,1119,,publish,1043,A,,,1118,,,WITHHOLD,10737.711207092794,10737.711207092794
,,,1119,1043,1119,,release_bn,,,,,,,,WITHHOLD,10737.711207092794,
,,,,1043,1119,,release_no_race,,,,,,,,WITHHOLD,10737.711207092794,
1043,,,,1043,1119,10747.083392594095,mine_A_start_withhold,,,,,,1120,,WITHHOLD,10743.364333405525,
,,,,1044,1120,,reorg_or_tip_change,,,1120,1119,,,,WITHHOLD,10747.083392594095,
,1120,,,1044,1120,,publish,1044,A,,,1119,,,WITHHOLD,10747.083392594095,10747.083392594095
,,,1120,1044,1120,,release_bn,,,,,,,,WITHHOLD,10747.083392594095,
,,,,1044,1120,,release_no_race,,,,,,,,WITHHOLD,10747.083392594095,
,,,,1045,1121,,reorg_or_tip_change,,,1121,1120,,,,IDLE,10748.73457999334,
,1121,,,1045,1121,,publish,1045,H,,,1120,,,IDLE,10748.73457999334,10748.73457999334
,1121,,,1045,1121,,mine_H_publish,,,,,,,,IDLE,10748.73457999334,
1045,,,,1045,1121,10763.43506361205,mine_A_start_withhold,,,,,,1122,,WITHHOLD,10759.71600442348,
,,,,1046,1122,,reorg_or_tip_change,,,1122,1121,,,,WITHHOLD,10763.43506361205,
,1122,,,1046,1122,,publish,1046,A,,,1121,,,WITHHOLD,10763.43506361205,10763.43506361205
,,,1122,1046,1122,,release_bn,,,,,,,,WITHHOLD,10763.43506361205,
,,,,1046,1122,,release_no_race,,,,,,,,WITHHOLD,10763.43506361205,
1046,,,,1046,1122,10784.701113600644,mine_A_start_withhold,,,,,,1123,,WITHHOLD,10780.982054412074,
,,,,1047,1123,,reorg_or_tip_change,,,1123,1122,,,,WITHHOLD,10784.701113600644,
,1123,,,1047,1123,,publish,1047,A,,,1122,,,WITHHOLD,10784.701113600644,10784.701113600644
,,,1123,1047,1123,,release_bn,,,,,,,,WITHHOLD,10784.701113600644,
,,,,1047,1123,,release_no_race,,,,,,,,WITHHOLD,10784.701113600644,
,,,,1048,1124,,reorg_or_tip_change,,,1124,1123,,,,IDLE,10785.825656348998,
,1124,,,1048,1124,,publish,1048,H,,,1123,,,IDLE,10785.825656348998,10785.825656348998
,1124,,,1048,1124,,mine_H_publish,,,,,,,,IDLE,10785.825656348998,
1048,,,,1048,1124,10794.21634342337,mine_A_start_withhold,,,,,,1125,,WITHHOLD,10790.4972842348,
,,,,1049,1126,,reorg_or_tip_change,,,1126,1124,,,,WITHHOLD,10791.468313924799,
,1126,,,1049,1126,,publish,1049,H,,,1124,,,WITHHOLD,10791.468313924799,10791.468313924799
,1126,,,1049,1126,,mine_H_publish,,,,,,,,WITHHOLD,10791.468313924799,
,1125,,,1049,1126,,publish,1049,A,,,1124,,,WITHHOLD,10794.21634342337,10794.21634342337
,,,1125,1049,1126,,release_bn,,,,,,,,WITHHOLD,10794.21634342337,
,,,,1049,1126,,release_enter_race,,,,,,,1125,RACE,10794.21634342337,
,,,,1050,1127,,reorg_or_tip_change,,,1127,1126,,,,RACE,10803.52946355555,
,1127,,,1050,1127,,publish,1050,H,,,1126,,,RACE,10803.52946355555,10803.52946355555
,1127,,,1050,1127,,mine_H_publish,,,,,,,,RACE,10803.52946355555,
,,,,1050,1127,,race_lost,,,,,,,,RACE,10803.52946355555,
,,,,1051,1128,,reorg_or_tip_change,,,1128,1127,,,,IDLE,10815.726953610974,
,1128,,,1051,1128,,publish,1051,H,,,1127,,,IDLE,10815.726953610974,10815.726953610974
,1128,,,1051,1128,,mine_H_publish,,,,,,,,IDLE,10815.726953610974,
1051,,,,1051,1128,10826.262787753663,mine_A_start_withhold,,,,,,1129,,WITHHOLD,10822.543728565093,
,,,,1052,1129,,reorg_or_tip_change,,,1129,1128,,,,WITHHOLD,10826.262787753663,
,1129,,,1052,1129,,publish,1052,A,,,1128,,,WITHHOLD,10826.262787753663,10826.262787753663
,,,1129,1052,1129,,release_bn,,,,,,,,WITHHOLD,10826.262787753663,
,,,,1052,1129,,release_no_race,,,,,,,,WITHHOLD,10826.262787753663,
,,,,1053,1130,,reorg_or_tip_change,,,1130,1129,,,,IDLE,10843.260611944304,
,1130,,,1053,1130,,publish,1053,H,,,1129,,,IDLE,10843.260611944304,10843.260611944304
,1130,,,1053,1130,,mine_H_publish,,,,,,,,IDLE,10843.260611944304,
1053,,,,1053,1130,10861.30065758907,mine_A_start_withhold,,,,,,1131,,WITHHOLD,10857.5815984005,
,,,,1054,1131,,reorg_or_tip_change,,,1131,1130,,,,WITHHOLD,10861.30065758907,
,1131,,,1054,1131,,publish,1054,A,,,1130,,,WITHHOLD,10861.30065758907,10861.30065758907
,,,1131,1054,1131,,release_bn,,,,,,,,WITHHOLD,10861.30065758907,
,,,,1054,1131,,release_no_race,,,,,,,,WITHHOLD,10861.30065758907,
1054,,,,1054,1131,10876.533549580523,mine_A_start_withhold,,,,,,1132,,WITHHOLD,10872.814490391953,
,,,,1055,1133,,reorg_or_tip_change,,,1133,1131,,,,WITHHOLD,10872.830005311816,
,1133,,,1055,1133,,publish,1055,H,,,1131,,,WITHHOLD,10872.830005311816,10872.830005311816
,1133,,,1055,1133,,mine_H_publish,,,,,,,,WITHHOLD,10872.830005311816,
,1132,,,1055,1133,,publish,1055,A,,,1131,,,WITHHOLD,10874.299689604477,10874.299689604477
,,,,1056,1134,,reorg_or_tip_change,,,1134,1133,,,,WITHHOLD,10874.299689604477,
,1134,,,1056,1134,,publish,1056,A,,,1132,,,WITHHOLD,10874.299689604477,10874.299689604477
,,1134,1132,1056,1134,,mine_A_withhold_success,,,,,,,,WITHHOLD,10874.299689604477,
1056,,,,1056,1134,10888.633380623885,mine_A_start_withhold,,,,,,1135,,WITHHOLD,10884.914321435315,
,,,,1057,1135,,reorg_or_tip_change,,,1135,1134,,,,WITHHOLD,10888.633380623885,
,1135,,,1057,1135,,publish,1057,A,,,1134,,,WITHHOLD,10888.633380623885,10888.633380623885
,,,1135,1057,1135,,release_bn,,,,,,,,WITHHOLD,10888.633380623885,
,,,,1057,1135,,release_no_race,,,,,,,,WITHHOLD,10888.633380623885,
1057,,,,1057,1135,10909.389282775715,mine_A_start_withhold,,,,,,1136,,WITHHOLD,10905.670223587145,
,,,,1058,1136,,reorg_or_tip_change,,,1136,1135,,,,WITHHOLD,10909.389282775715,
,1136,,,1058,1136,,publish,1058,A,,,1135,,,WITHHOLD,10909.389282775715,10909.389282775715
,,,1136,1058,1136,,release_bn,,,,,,,,WITHHOLD,10909.389282775715,
,,,,1058,1136,,release_no_race,,,,,,,,WITHHOLD,10909.389282775715,
1058,,,,1058,1136,10923.410385341322,mine_A_start_withhold,,,,,,1137,,WITHHOLD,10919.691326152752,
,,,,1059,1137,,reorg_or_tip_change,,,1137,1136,,,,WITHHOLD,10923.410385341322,
,1137,,,1059,1137,,publish,1059,A,,,1136,,,WITHHOLD,10923.410385341322,10923.410385341322
,,,1137,1059,1137,,release_bn,,,,,,,,WITHHOLD,10923.410385341322,
,,,,1059,1137,,release_no_race,,,,,,,,WITHHOLD,10923.410385341322,
,,,,1060,1138,,reorg_or_tip_change,,,1138,1137,,,,IDLE,10957.767875818083,
,1138,,,1060,1138,,publish,1060,H,,,1137,,,IDLE,10957.767875818083,10957.767875818083
,1138,,,1060,1138,,mine_H_publish,,,,,,,,IDLE,10957.767875818083,
,,,,1061,1139,,reorg_or_tip_change,,,1139,1138,,,,IDLE,10959.096790600835,
,1139,,,1061,1139,,publish,1061,H,,,1138,,,IDLE,10959.096790600835,10959.096790600835
,1139,,,1061,1139,,mine_H_publish,,,,,,,,IDLE,10959.096790600835,
1061,,,,1061,1139,10983.272952754087,mine_A_start_withhold,,,,,,1140,,WITHHOLD,10979.553893565517,
,,,,1062,1140,,reorg_or_tip_change,,,1140,1139,,,,WITHHOLD,10983.272952754087,
,1140,,,1062,1140,,publish,1062,A,,,1139,,,WITHHOLD,10983.272952754087,10983.272952754087
,,,1140,1062,1140,,release_bn,,,,,,,,WITHHOLD,10983.272952754087,
,,,,1062,1140,,release_no_race,,,,,,,,WITHHOLD,10983.272952754087,
,,,,1063,1141,,reorg_or_tip_change,,,1141,1140,,,,IDLE,10992.494189650099,
,1141,,,1063,1141,,publish,1063,H,,,1140,,,IDLE,10992.494189650099,10992.494189650099
,1141,,,1063,1141,,mine_H_publish,,,,,,,,IDLE,10992.494189650099,
,,,,1064,1142,,reorg_or_tip_change,,,1142,1141,,,,IDLE,11004.979718003202,
,1142,,,1064,1142,,publish,1064,H,,,1141,,,IDLE,11004.979718003202,11004.979718003202
,1142,,,1064,1142,,mine_H_publish,,,,,,,,IDLE,11004.979718003202,
1064,,,,1064,1142,11009.510791162451,mine_A_start_withhold,,,,,,1143,,WITHHOLD,11005.79173197388,
,,,,1065,1143,,reorg_or_tip_change,,,1143,1142,,,,WITHHOLD,11009.510791162451,
,1143,,,1065,1143,,publish,1065,A,,,1142,,,WITHHOLD,11009.510791162451,11009.510791162451
,,,1143,1065,1143,,release_bn,,,,,,,,WITHHOLD,11009.510791162451,
,,,,1065,1143,,release_no_race,,,,,,,,WITHHOLD,11009.510791162451,
1065,,,,1065,1143,11016.418658315284,mine_A_start_withhold,,,,,,1144,,WITHHOLD,11012.699599126714,
,,,,1066,1144,,reorg_or_tip_change,,,1144,1143,,,,WITHHOLD,11016.418658315284,
,1144,,,1066,1144,,publish,1066,A,,,1143,,,WITHHOLD,11016.418658315284,11016.418658315284
,,,1144,1066,1144,,release_bn,,,,,,,,WITHHOLD,11016.418658315284,
,,,,1066,1144,,release_no_race,,,,,,,,WITHHOLD,11016.418658315284,
1066,,,,1066,1144,11026.798241236651,mine_A_start_withhold,,,,,,1145,,WITHHOLD,11023.07918204808,
,,,,1067,1145,,reorg_or_tip_change,,,1145,1144,,,,WITHHOLD,11026.798241236651,
,1145,,,1067,1145,,publish,1067,A,,,1144,,,WITHHOLD,11026.798241236651,11026.798241236651
,,,1145,1067,1145,,release_bn,,,,,,,,WITHHOLD,11026.798241236651,
,,,,1067,1145,,release_no_race,,,,,,,,WITHHOLD,11026.798241236651,
1067,,,,1067,1145,11064.411120929006,mine_A_start_withhold,,,,,,1146,,WITHHOLD,11060.692061740436,
,,,,1068,1147,,reorg_or_tip_change,,,1147,1145,,,,WITHHOLD,11064.071937592393,
,1147,,,1068,1147,,publish,1068,H,,,1145,,,WITHHOLD,11064.071937592393,11064.071937592393
,1147,,,1068,1147,,mine_H_publish,,,,,,,,WITHHOLD,11064.071937592393,
,1146,,,1068,1147,,publish,1068,A,,,1145,,,WITHHOLD,11064.411120929006,11064.411120929006
,,,1146,1068,1147,,release_bn,,,,,,,,WITHHOLD,11064.411120929006,
,,,,1068,1147,,release_enter_race,,,,,,,1146,RACE,11064.411120929006,
,,,,1069,1148,,reorg_or_tip_change,,,1148,1147,,,,RACE,11070.40320312802,
,1148,,,1069,1148,,publish,1069,A,,,1146,,,RACE,11070.40320312802,11070.40320312802
,1148,,,1069,1148,,mine_A_race_success,,,,,,,,RACE,11070.40320312802,
1069,,,,1069,1148,11081.565836361035,mine_A_start_withhold,,,,,,1149,,WITHHOLD,11077.846777172464,
,,,,1070,1149,,reorg_or_tip_change,,,1149,1148,,,,WITHHOLD,11081.565836361035,
,1149,,,1070,1149,,publish,1070,A,,,1148,,,WITHHOLD,11081.565836361035,11081.565836361035
,,,1149,1070,1149,,release_bn,,,,,,,,WITHHOLD,11081.565836361035,
,,,,1070,1149,,release_no_race,,,,,,,,WITHHOLD,11081.565836361035,
1070,,,,1070,1149,11088.947056613013,mine_A_start_withhold,,,,,,1150,,WITHHOLD,11085.227997424443,
,,,,1071,1150,,reorg_or_tip_change,,,1150,1149,,,,WITHHOLD,11085.41582451485,
,1150,,,1071,1150,,publish,1071,A,,,1149,,,WITHHOLD,11085.41582451485,11085.41582451485
,,,,1072,1151,,reorg_or_tip_change,,,1151,1150,,,,WITHHOLD,11085.41582451485,
,1151,,,1072,1151,,publish,1072,A,,,1150,,,WITHHOLD,11085.41582451485,11085.41582451485
,,1151,1150,1072,1151,,mine_A_withhold_success,,,,,,,,WITHHOLD,11085.41582451485,
,,,,1073,1152,,reorg_or_tip_change,,,1152,1151,,,,IDLE,11101.467288190628,
,1152,,,1073,1152,,publish,1073,H,,,1151,,,IDLE,11101.467288190628,11101.467288190628
,1152,,,1073,1152,,mine_H_publish,,,,,,,,IDLE,11101.467288190628,
1073,,,,1073,1152,11114.223113654758,mine_A_start_withhold,,,,,,1153,,WITHHOLD,11110.504054466188,
,,,,1074,1153,,reorg_or_tip_change,,,1153,1152,,,,WITHHOLD,11114.223113654758,
,1153,,,1074,1153,,publish,1074,A,,,1152,,,WITHHOLD,11114.223113654758,11114.223113654758
,,,1153,1074,1153,,release_bn,,,,,,,,WITHHOLD,11114.223113654758,
,,,,1074,1153,,release_no_race,,,,,,,,WITHHOLD,11114.223113654758,
1074,,,,1074,1153,11148.398970828868,mine_A_start_withhold,,,,,,1154,,WITHHOLD,11144.679911640298,
,,,,1075,1154,,reorg_or_tip_change,,,1154,1153,,,,WITHHOLD,11148.398970828868,
,1154,,,1075,1154,,publish,1075,A,,,1153,,,WITHHOLD,11148.398970828868,11148.398970828868
,,,1154,1075,1154,,release_bn,,,,,,,,WITHHOLD,11148.398970828868,
,,,,1075,1154,,release_no_race,,,,,,,,WITHHOLD,11148.398970828868,
1075,,,,1075,1154,11156.352837435854,mine_A_start_withhold,,,,,,1155,,WITHHOLD,11152.633778247284,
,,,,1076,1155,,reorg_or_tip_change,,,1155,1154,,,,WITHHOLD,11156.352837435854,
,1155,,,1076,1155,,publish,1076,A,,,1154,,,WITHHOLD,11156.352837435854,11156.352837435854
,,,1155,1076,1155,,release_bn,,,,,,,,WITHHOLD,11156.352837435854,
,,,,1076,1155,,release_no_race,,,,,,,,WITHHOLD,11156.352837435854,
,,,,1077,1156,,reorg_or_tip_change,,,1156,1155,,,,IDLE,11164.119639236407,
,1156,,,1077,1156,,publish,1077,H,,,1155,,,IDLE,11164.119639236407,11164.119639236407
,1156,,,1077,1156,,mine_H_publish,,,,,,,,IDLE,11164.119639236407,
1077,,,,1077,1156,11181.200019456364,mine_A_start_withhold,,,,,,1157,,WITHHOLD,11177.480960267794,
,,,,1078,1157,,reorg_or_tip_change,,,1157,1156,,,,WITHHOLD,11181.200019456364,
,1157,,,1078,1157,,publish,1078,A,,,1156,,,WITHHOLD,11181.200019456364,11181.200019456364
,,,1157,1078,1157,,release_bn,,,,,,,,WITHHOLD,11181.200019456364,
,,,,1078,1157,,release_no_race,,,,,,,,WITHHOLD,11181.200019456364,
1078,,,,1078,1157,11193.095265431437,mine_A_start_withhold,,,,,,1158,,WITHHOLD,11189.376206242867,
,,,,1079,1158,,reorg_or_tip_change,,,1158,1157,,,,WITHHOLD,11193.095265431437,
,1158,,,1079,1158,,publish,1079,A,,,1157,,,WITHHOLD,11193.095265431437,11193.095265431437
,,,1158,1079,1158,,release_bn,,,,,,,,WITHHOLD,11193.095265431437,
,,,,1079,1158,,release_no_race,,,,,,,,WITHHOLD,11193.095265431437,
,,,,1080,1159,,reorg_or_tip_change,,,1159,1158,,,,IDLE,11199.375104306406,
,1159,,,1080,1159,,publish,1080,H,,,1158,,,IDLE,11199.375104306406,11199.375104306406
,1159,,,1080,1159,,mine_H_publish,,,,,,,,IDLE,11199.375104306406,
1080,,,,1080,1159,11225.411449506792,mine_A_start_withhold,,,,,,1160,,WITHHOLD,11221.692390318221,
,,,,1081,1160,,reorg_or_tip_change,,,1160,1159,,,,WITHHOLD,11225.411449506792,
,1160,,,1081,1160,,publish,1081,A,,,1159,,,WITHHOLD,11225.411449506792,11225.411449506792
,,,1160,1081,1160,,release_bn,,,,,,,,WITHHOLD,11225.411449506792,
,,,,1081,1160,,release_no_race,,,,,,,,WITHHOLD,11225.411449506792,
,,,,1082,1161,,reorg_or_tip_change,,,1161,1160,,,,IDLE,11226.822662974213,
,1161,,,1082,1161,,publish,1082,H,,,1160,,,IDLE,11226.822662974213,11226.822662974213
,1161,,,1082,1161,,mine_H_publish,,,,,,,,IDLE,11226.822662974213,
,,,,1083,1162,,reorg_or_tip_change,,,1162,1161,,,,IDLE,11237.918968886432,
,1162,,,1083,1162,,publish,1083,H,,,1161,,,IDLE,11237.918968886432,11237.918968886432
,1162,,,1083,1162,,mine_H_publish,,,,,,,,IDLE,11237.918968886432,
1083,,,,1083,1162,11244.469437239939,mine_A_start_withhold,,,,,,1163,,WITHHOLD,11240.750378051369,
,,,,1084,1163,,reorg_or_tip_change,,,1163,1162,,,,WITHHOLD,11244.469437239939,
,1163,,,1084,1163,,publish,1084,A,,,1162,,,WITHHOLD,11244.469437239939,11244.469437239939
,,,1163,1084,1163,,release_bn,,,,,,,,WITHHOLD,11244.469437239939,
,,,,1084,1163,,release_no_race,,,,,,,,WITHHOLD,11244.469437239939,
1084,,,,1084,1163,11297.158306181764,mine_A_start_withhold,,,,,,1164,,WITHHOLD,11293.439246993194,
,,,,1085,1164,,reorg_or_tip_change,,,1164,1163,,,,WITHHOLD,11297.158306181764,
,1164,,,1085,1164,,publish,1085,A,,,1163,,,WITHHOLD,11297.158306181764,11297.158306181764
,,,1164,1085,1164,,release_bn,,,,,,,,WITHHOLD,11297.158306181764,
,,,,1085,1164,,release_no_race,,,,,,,,WITHHOLD,11297.158306181764,
1085,,,,1085,1164,11310.95478850961,mine_A_start_withhold,,,,,,1165,,WITHHOLD,11307.23572932104,
,,,,1086,1165,,reorg_or_tip_change,,,1165,1164,,,,WITHHOLD,11310.95478850961,
,1165,,,1086,1165,,publish,1086,A,,,1164,,,WITHHOLD,11310.95478850961,11310.95478850961
,,,1165,1086,1165,,release_bn,,,,,,,,WITHHOLD,11310.95478850961,
,,,,1086,1165,,release_no_race,,,,,,,,WITHHOLD,11310.95478850961,
1086,,,,1086,1165,11322.469249801004,mine_A_start_withhold,,,,,,1166,,WITHHOLD,11318.750190612434,
,,,,1087,1166,,reorg_or_tip_change,,,1166,1165,,,,WITHHOLD,11322.469249801004,
,1166,,,1087,1166,,publish,1087,A,,,1165,,,WITHHOLD,11322.469249801004,11322.469249801004
,,,1166,1087,1166,,release_bn,,,,,,,,WITHHOLD,11322.469249801004,
,,,,1087,1166,,release_no_race,,,,,,,,WITHHOLD,11322.469249801004,
,,,,1088,1167,,reorg_or_tip_change,,,1167,1166,,,,IDLE,11325.987892771776,
,1167,,,1088,1167,,publish,1088,H,,,1166,,,IDLE,11325.987892771776,11325.987892771776
,1167,,,1088,1167,,mine_H_publish,,,,,,,,IDLE,11325.987892771776,
1088,,,,1088,1167,11330.336474464151,mine_A_start_withhold,,,,,,1168,,WITHHOLD,11326.617415275581,
,,,,1089,1168,,reorg_or_tip_change,,,1168,1167,,,,WITHHOLD,11326.786597062299,
,1168,,,1089,1168,,publish,1089,A,,,1167,,,WITHHOLD,11326.786597062299,11326.786597062299
,,,,1090,1169,,reorg_or_tip_change,,,1169,1168,,,,WITHHOLD,11326.786597062299,
,1169,,,1090,1169,,publish,1090,A,,,1168,,,WITHHOLD,11326.786597062299,11326.786597062299
,,1169,1168,1090,1169,,mine_A_withhold_success,,,,,,,,WITHHOLD,11326.786597062299,
,,,,1091,1170,,reorg_or_tip_change,,,1170,1169,,,,IDLE,11341.129196919406,
,1170,,,1091,1170,,publish,1091,H,,,1169,,,IDLE,11341.129196919406,11341.129196919406
,1170,,,1091,1170,,mine_H_publish,,,,,,,,IDLE,11341.129196919406,
1091,,,,1091,1170,11357.022230173816,mine_A_start_withhold,,,,,,1171,,WITHHOLD,11353.303170985246,
,,,,1092,1171,,reorg_or_tip_change,,,1171,1170,,,,WITHHOLD,11357.022230173816,
,1171,,,1092,1171,,publish,1092,A,,,1170,,,WITHHOLD,11357.022230173816,11357.022230173816
,,,1171,1092,1171,,release_bn,,,,,,,,WITHHOLD,11357.022230173816,
,,,,1092,1171,,release_no_race,,,,,,,,WITHHOLD,11357.022230173816,
1092,,,,1092,1171,11363.90441016161,mine_A_start_withhold,,,,,,1172,,WITHHOLD,11360.185350973039,
,,,,1093,1172,,reorg_or_tip_change,,,1172,1171,,,,WITHHOLD,11363.90441016161,
,1172,,,1093,1172,,publish,1093,A,,,1171,,,WITHHOLD,11363.90441016161,11363.90441016161
,,,1172,1093,1172,,release_bn,,,,,,,,WITHHOLD,11363.90441016161,
,,,,1093,1172,,release_no_race,,,,,,,,WITHHOLD,11363.90441016161,
1093,,,,1093,1172,11386.57426018457,mine_A_start_withhold,,,,,,1173,,WITHHOLD,11382.855200996,
,,,,1094,1173,,reorg_or_tip_change,,,1173,1172,,,,WITHHOLD,11386.57426018457,
,1173,,,1094,1173,,publish,1094,A,,,1172,,,WITHHOLD,11386.57426018457,11386.57426018457
,,,1173,1094,1173,,release_bn,,,,,,,,WITHHOLD,11386.57426018457,
,,,,1094,1173,,release_no_race,,,,,,,,WITHHOLD,11386.57426018457,
1094,,,,1094,1173,11416.882394980616,mine_A_start_withhold,,,,,,1174,,WITHHOLD,11413.163335792045,
,,,,1095,1174,,reorg_or_tip_change,,,1174,1173,,,,WITHHOLD,11416.882394980616,
,1174,,,1095,1174,,publish,1095,A,,,1173,,,WITHHOLD,11416.882394980616,11416.882394980616
,,,1174,1095,1174,,release_bn,,,,,,,,WITHHOLD,11416.882394980616,
,,,,1095,1174,,release_no_race,,,,,,,,WITHHOLD,11416.882394980616,
1095,,,,1095,1174,11434.819381940883,mine_A_start_withhold,,,,,,1175,,WITHHOLD,11431.100322752312,
,,,,1096,1175,,reorg_or_tip_change,,,1175,1174,,,,WITHHOLD,11434.138153439144,
,1175,,,1096,1175,,publish,1096,A,,,1174,,,WITHHOLD,11434.138153439144,11434.138153439144
,,,,1097,1176,,reorg_or_tip_change,,,1176,1175,,,,WITHHOLD,11434.138153439144,
,1176,,,1097,1176,,publish,1097,A,,,1175,,,WITHHOLD,11434.138153439144,11434.138153439144
,,1176,1175,1097,1176,,mine_A_withhold_success,,,,,,,,WITHHOLD,11434.138153439144,
1097,,,,1097,1176,11437.96073718761,mine_A_start_withhold,,,,,,1177,,WITHHOLD,11434.24167799904,
,,,,1098,1177,,reorg_or_tip_change,,,1177,1176,,,,WITHHOLD,11437.001089701767,
,1177,,,1098,1177,,publish,1098,A,,,1176,,,WITHHOLD,11437.001089701767,11437.001089701767
,,,,1099,1178,,reorg_or_tip_change,,,1178,1177,,,,WITHHOLD,11437.001089701767,
,1178,,,1099,1178,,publish,1099,A,,,1177,,,WITHHOLD,11437.001089701767,11437.001089701767
,,1178,1177,1099,1178,,mine_A_withhold_success,,,,,,,,WITHHOLD,11437.001089701767,
1099,,,,1099,1178,11457.999628888447,mine_A_start_withhold,,,,,,1179,,WITHHOLD,11454.280569699877,
,,,,1100,1179,,reorg_or_tip_change,,,1179,1178,,,,WITHHOLD,11454.34664994695,
,1179,,,1100,1179,,publish,1100,A,,,1178,,,WITHHOLD,11454.34664994695,11454.34664994695
,,,,1101,1180,,reorg_or_tip_change,,,1180,1179,,,,WITHHOLD,11454.34664994695,
,1180,,,1101,1180,,publish,1101,A,,,1179,,,WITHHOLD,11454.34664994695,11454.34664994695
,,1180,1179,1101,1180,,mine_A_withhold_success,,,,,,,,WITHHOLD,11454.34664994695,
1101,,,,1101,1180,11483.599752209117,mine_A_start_withhold,,,,,,1181,,WITHHOLD,11479.880693020546,
,,,,1102,1181,,reorg_or_tip_change,,,1181,1180,,,,WITHHOLD,11482.97218110831,
,1181,,,1102,1181,,publish,1102,A,,,1180,,,WITHHOLD,11482.97218110831,11482.97218110831
,,,,1103,1182,,reorg_or_tip_change,,,1182,1181,,,,WITHHOLD,11482.97218110831,
,1182,,,1103,1182,,publish,1103,A,,,1181,,,WITHHOLD,11482.97218110831,11482.97218110831
,,1182,1181,1103,1182,,mine_A_withhold_success,,,,,,,,WITHHOLD,11482.97218110831,
1103,,,,1103,1182,11486.823877108412,mine_A_start_withhold,,,,,,1183,,WITHHOLD,11483.104817919842,
,,,,1104,1184,,reorg_or_tip_change,,,1184,1182,,,,WITHHOLD,11484.520475497045,
,1184,,,1104,1184,,publish,1104,H,,,1182,,,WITHHOLD,11484.520475497045,11484.520475497045
,1184,,,1104,1184,,mine_H_publish,,,,,,,,WITHHOLD,11484.520475497045,
,1183,,,1104,1184,,publish,1104,A,,,1182,,,WITHHOLD,11486.823877108412,11486.823877108412
,,,1183,1104,1184,,release_bn,,,,,,,,WITHHOLD,11486.823877108412,
,,,,1104,1184,,release_enter_race,,,,,,,1183,RACE,11486.823877108412,
,,,,1105,1185,,reorg_or_tip_change,,,1185,1184,,,,RACE,11506.476812405586,
,1185,,,1105,1185,,publish,1105,A,,,1183,,,RACE,11506.476812405586,11506.476812405586
,1185,,,1105,1185,,mine_A_race_success,,,,,,,,RACE,11506.476812405586,
,,,,1106,1186,,reorg_or_tip_change,,,1186,1185,,,,IDLE,11533.691184686246,
,1186,,,1106,1186,,publish,1106,H,,,1185,,,IDLE,11533.691184686246,11533.691184686246
,1186,,,1106,1186,,mine_H_publish,,,,,,,,IDLE,11533.691184686246,
1106,,,,1106,1186,11539.283219894827,mine_A_start_withhold,,,,,,1187,,WITHHOLD,11535.564160706257,
,,,,1107,1187,,reorg_or_tip_change,,,1187,1186,,,,WITHHOLD,11535.974037369442,
,1187,,,1107,1187,,publish,1107,A,,,1186,,,WITHHOLD,11535.974037369442,11535.974037369442
,,,,1108,1188,,reorg_or_tip_change,,,1188,1187,,,,WITHHOLD,11535.974037369442,
,1188,,,1108,1188,,publish,1108,A,,,1187,,,WITHHOLD,11535.974037369442,11535.974037369442
,,1188,1187,1108,1188,,mine_A_withhold_success,,,,,,,,WITHHOLD,11535.974037369442,
,,,,1109,1189,,reorg_or_tip_change,,,1189,1188,,,,IDLE,11561.063170136607,
,1189,,,1109,1189,,publish,1109,H,,,1188,,,IDLE,11561.063170136607,11561.063170136607
,1189,,,1109,1189,,mine_H_publish,,,,,,,,IDLE,11561.063170136607,
,,,,1110,1190,,reorg_or_tip_change,,,1190,1189,,,,IDLE,11562.417165696226,
,1190,,,1110,1190,,publish,1110,H,,,1189,,,IDLE,11562.417165696226,11562.417165696226
,1190,,,1110,1190,,mine_H_publish,,,,,,,,IDLE,11562.417165696226,
,,,,1111,1191,,reorg_or_tip_change,,,1191,1190,,,,IDLE,11575.028109391951,
,1191,,,1111,1191,,publish,1111,H,,,1190,,,IDLE,11575.028109391951,11575.028109391951
,1191,,,1111,1191,,mine_H_publish,,,,,,,,IDLE,11575.028109391951,
1111,,,,1111,1191,11579.540099053576,mine_A_start_withhold,,,,,,1192,,WITHHOLD,11575.821039865006,
,,,,1112,1193,,reorg_or_tip_change,,,1193,1191,,,,WITHHOLD,11577.15725139684,
,1193,,,1112,1193,,publish,1112,H,,,1191,,,WITHHOLD,11577.15725139684,11577.15725139684
,1193,,,1112,1193,,mine_H_publish,,,,,,,,WITHHOLD,11577.15725139684,
,1192,,,1112,1193,,publish,1112,A,,,1191,,,WITHHOLD,11579.540099053576,11579.540099053576
,,,1192,1112,1193,,release_bn,,,,,,,,WITHHOLD,11579.540099053576,
,,,,1112,1193,,release_enter_race,,,,,,,1192,RACE,11579.540099053576,
,,,,1113,1194,,reorg_or_tip_change,,,1194,1193,,,,RACE,11584.447959309991,
,1194,,,1113,1194,,publish,1113,H,,,1193,,,RACE,11584.447959309991,11584.447959309991
,1194,,,1113,1194,,mine_H_publish,,,,,,,,RACE,11584.447959309991,
,,,,1113,1194,,race_lost,,,,,,,,RACE,11584.447959309991,
,,,,1114,1195,,reorg_or_tip_change,,,1195,1194,,,,IDLE,11598.423220887264,
,1195,,,1114,1195,,publish,1114,H,,,1194,,,IDLE,11598.423220887264,11598.423220887264
,1195,,,1114,1195,,mine_H_publish,,,,,,,,IDLE,11598.423220887264,
1114,,,,1114,1195,11613.949199957402,mine_A_start_withhold,,,,,,1196,,WITHHOLD,11610.230140768832,
,,,,1115,1196,,reorg_or_tip_change,,,1196,1195,,,,WITHHOLD,11613.949199957402,
,1196,,,1115,1196,,publish,1115,A,,,1195,,,WITHHOLD,11613.949199957402,11613.949199957402
,,,1196,1115,1196,,release_bn,,,,,,,,WITHHOLD,11613.949199957402,
,,,,1115,1196,,release_no_race,,,,,,,,WITHHOLD,11613.949199957402,
1115,,,,1115,1196,11632.627741627113,mine_A_start_withhold,,,,,,1197,,WITHHOLD,11628.908682438543,
,,,,1116,1198,,reorg_or_tip_change,,,1198,1196,,,,WITHHOLD,11630.125722847997,
,1198,,,1116,1198,,publish,1116,H,,,1196,,,WITHHOLD,11630.125722847997,11630.125722847997
,1198,,,1116,1198,,mine_H_publish,,,,,,,,WITHHOLD,11630.125722847997,
,1197,,,1116,1198,,publish,1116,A,,,1196,,,WITHHOLD,11632.627741627113,11632.627741627113
,,,1197,1116,1198,,release_bn,,,,,,,,WITHHOLD,11632.627741627113,
,,,,1116,1198,,release_enter_race,,,,,,,1197,RACE,11632.627741627113,
,,,,1117,1199,,reorg_or_tip_change,,,1199,1198,,,,RACE,11634.899700451886,
,1199,,,1117,1199,,publish,1117,H,,,1198,,,RACE,11634.899700451886,11634.899700451886
,1199,,,1117,1199,,mine_H_publish,,,,,,,,RACE,11634.899700451886,
,,,,1117,1199,,race_lost,,,,,,,,RACE,11634.899700451886,
,,,,1118,1200,,reorg_or_tip_change,,,1200,1199,,,,IDLE,11650.811485889364,
,1200,,,1118,1200,,publish,1118,H,,,1199,,,IDLE,11650.811485889364,11650.811485889364
,1200,,,1118,1200,,mine_H_publish,,,,,,,,IDLE,11650.811485889364,
1118,,,,1118,1200,11658.581061026125,mine_A_start_withhold,,,,,,1201,,WITHHOLD,11654.862001837555,
,,,,1119,1201,,reorg_or_tip_change,,,1201,1200,,,,WITHHOLD,11656.085671649502,
,1201,,,1119,1201,,publish,1119,A,,,1200,,,WITHHOLD,11656.085671649502,11656.085671649502
,,,,1120,1202,,reorg_or_tip_change,,,1202,1201,,,,WITHHOLD,11656.085671649502,
,1202,,,1120,1202,,publish,1120,A,,,1201,,,WITHHOLD,11656.085671649502,11656.085671649502
,,1202,1201,1120,1202,,mine_A_withhold_success,,,,,,,,WITHHOLD,11656.085671649502,
1120,,,,1120,1202,11662.465234198826,mine_A_start_withhold,,,,,,1203,,WITHHOLD,11658.746175010256,
,,,,1121,1203,,reorg_or_tip_change,,,1203,1202,,,,WITHHOLD,11659.284643288056,
,1203,,,1121,1203,,publish,1121,A,,,1202,,,WITHHOLD,11659.284643288056,11659.284643288056
,,,,1122,1204,,reorg_or_tip_change,,,1204,1203,,,,WITHHOLD,11659.284643288056,
,1204,,,1122,1204,,publish,1122,A,,,1203,,,WITHHOLD,11659.284643288056,11659.284643288056
,,1204,1203,1122,1204,,mine_A_withhold_success,,,,,,,,WITHHOLD,11659.284643288056,
1122,,,,1122,1204,11675.202275975227,mine_A_start_withhold,,,,,,1205,,WITHHOLD,11671.483216786657,
,,,,1123,1205,,reorg_or_tip_change,,,1205,1204,,,,WITHHOLD,11675.202275975227,
,1205,,,1123,1205,,publish,1123,A,,,1204,,,WITHHOLD,11675.202275975227,11675.202275975227
,,,1205,1123,1205,,release_bn,,,,,,,,WITHHOLD,11675.202275975227,
,,,,1123,1205,,release_no_race,,,,,,,,WITHHOLD,11675.202275975227,
,,,,1124,1206,,reorg_or_tip_change,,,1206,1205,,,,IDLE,11690.523411564725,
,1206,,,1124,1206,,publish,1124,H,,,1205,,,IDLE,11690.523411564725,11690.523411564725
,1206,,,1124,1206,,mine_H_publish,,,,,,,,IDLE,11690.523411564725,
,,,,1125,1207,,reorg_or_tip_change,,,1207,1206,,,,IDLE,11713.77215985139,
,1207,,,1125,1207,,publish,1125,H,,,1206,,,IDLE,11713.77215985139,11713.77215985139
,1207,,,1125,1207,,mine_H_publish,,,,,,,,IDLE,11713.77215985139,
1125,,,,1125,1207,11726.987944790997,mine_A_start_withhold,,,,,,1208,,WITHHOLD,11723.268885602427,
,,,,1126,1208,,reorg_or_tip_change,,,1208,1207,,,,WITHHOLD,11726.987944790997,
,1208,,,1126,1208,,publish,1126,A,,,1207,,,WITHHOLD,11726.987944790997,11726.987944790997
,,,1208,1126,1208,,release_bn,,,,,,,,WITHHOLD,11726.987944790997,
,,,,1126,1208,,release_no_race,,,,,,,,WITHHOLD,11726.987944790997,
1126,,,,1126,1208,11730.757209447314,mine_A_start_withhold,,,,,,1209,,WITHHOLD,11727.038150258744,
,,,,1127,1209,,reorg_or_tip_change,,,1209,1208,,,,WITHHOLD,11730.757209447314,
,1209,,,1127,1209,,publish,1127,A,,,1208,,,WITHHOLD,11730.757209447314,11730.757209447314
,,,1209,1127,1209,,release_bn,,,,,,,,WITHHOLD,11730.757209447314,
,,,,1127,1209,,release_no_race,,,,,,,,WITHHOLD,11730.757209447314,
1127,,,,1127,1209,11737.08537156273,mine_A_start_withhold,,,,,,1210,,WITHHOLD,11733.36631237416,
,,,,1128,1211,,reorg_or_tip_change,,,1211,1209,,,,WITHHOLD,11735.482303706005,
,1211,,,1128,1211,,publish,1128,H,,,1209,,,WITHHOLD,11735.482303706005,11735.482303706005
,1211,,,1128,1211,,mine_H_publish,,,,,,,,WITHHOLD,11735.482303706005,
,1210,,,1128,1211,,publish,1128,A,,,1209,,,WITHHOLD,11737.08537156273,11737.08537156273
,,,1210,1128,1211,,release_bn,,,,,,,,WITHHOLD,11737.08537156273,
,,,,1128,1211,,release_enter_race,,,,,,,1210,RACE,11737.08537156273,
,,,,1129,1212,,reorg_or_tip_change,,,1212,1211,,,,RACE,11739.688830736504,
,1212,,,1129,1212,,publish,1129,A,,,1210,,,RACE,11739.688830736504,11739.688830736504
,1212,,,1129,1212,,mine_A_race_success,,,,,,,,RACE,11739.688830736504,
,,,,1130,1213,,reorg_or_tip_change,,,1213,1212,,,,IDLE,11748.927104868742,
,1213,,,1130,1213,,publish,1130,H,,,1212,,,IDLE,11748.927104868742,11748.927104868742
,1213,,,1130,1213,,mine_H_publish,,,,,,,,IDLE,11748.927104868742,
1130,,,,1130,1213,11756.113727770793,mine_A_start_withhold,,,,,,1214,,WITHHOLD,11752.394668582223,
,,,,1131,1214,,reorg_or_tip_change,,,1214,1213,,,,WITHHOLD,11756.113727770793,
,1214,,,1131,1214,,publish,1131,A,,,1213,,,WITHHOLD,11756.113727770793,11756.113727770793
,,,1214,1131,1214,,release_bn,,,,,,,,WITHHOLD,11756.113727770793,
,,,,1131,1214,,release_no_race,,,,,,,,WITHHOLD,11756.113727770793,
1131,,,,1131,1214,11795.196583554165,mine_A_start_withhold,,,,,,1215,,WITHHOLD,11791.477524365595,
,,,,1132,1215,,reorg_or_tip_change,,,1215,1214,,,,WITHHOLD,11795.196583554165,
,1215,,,1132,1215,,publish,1132,A,,,1214,,,WITHHOLD,11795.196583554165,11795.196583554165
,,,1215,1132,1215,,release_bn,,,,,,,,WITHHOLD,11795.196583554165,
,,,,1132,1215,,release_no_race,,,,,,,,WITHHOLD,11795.196583554165,
,,,,1133,1216,,reorg_or_tip_change,,,1216,1215,,,,IDLE,11808.448355890789,
,1216,,,1133,1216,,publish,1133,H,,,1215,,,IDLE,11808.448355890789,11808.448355890789
,1216,,,1133,1216,,mine_H_publish,,,,,,,,IDLE,11808.448355890789,
,,,,1134,1217,,reorg_or_tip_change,,,1217,1216,,,,IDLE,11822.047491820567,
,1217,,,1134,1217,,publish,1134,H,,,1216,,,IDLE,11822.047491820567,11822.047491820567
,1217,,,1134,1217,,mine_H_publish,,,,,,,,IDLE,11822.047491820567,
,,,,1135,1218,,reorg_or_tip_change,,,1218,1217,,,,IDLE,11837.425642690952,
,1218,,,1135,1218,,publish,1135,H,,,1217,,,IDLE,11837.425642690952,11837.425642690952
,1218,,,1135,1218,,mine_H_publish,,,,,,,,IDLE,11837.425642690952,
1135,,,,1135,1218,11848.20769147397,mine_A_start_withhold,,,,,,1219,,WITHHOLD,11844.4886322854,
,,,,1136,1219,,reorg_or_tip_change,,,1219,1218,,,,WITHHOLD,11848.20769147397,
,1219,,,1136,1219,,publish,1136,A,,,1218,,,WITHHOLD,11848.20769147397,11848.20769147397
,,,1219,1136,1219,,release_bn,,,,,,,,WITHHOLD,11848.20769147397,
,,,,1136,1219,,release_no_race,,,,,,,,WITHHOLD,11848.20769147397,
1136,,,,1136,1219,11877.965940931957,mine_A_start_withhold,,,,,,1220,,WITHHOLD,11874.246881743387,
,,,,1137,1220,,reorg_or_tip_change,,,1220,1219,,,,WITHHOLD,11877.965940931957,
,1220,,,1137,1220,,publish,1137,A,,,1219,,,WITHHOLD,11877.965940931957,11877.965940931957
,,,1220,1137,1220,,release_bn,,,,,,,,WITHHOLD,11877.965940931957,
,,,,1137,1220,,release_no_race,,,,,,,,WITHHOLD,11877.965940931957,
1137,,,,1137,1220,11885.562059452735,mine_A_start_withhold,,,,,,1221,,WITHHOLD,11881.843000264165,
,,,,1138,1221,,reorg_or_tip_change,,,1221,1220,,,,WITHHOLD,11885.562059452735,
,1221,,,1138,1221,,publish,1138,A,,,1220,,,WITHHOLD,11885.562059452735,11885.562059452735
,,,1221,1138,1221,,release_bn,,,,,,,,WITHHOLD,11885.562059452735,
,,,,1138,1221,,release_no_race,,,,,,,,WITHHOLD,11885.562059452735,
,,,,1139,1222,,reorg_or_tip_change,,,1222,1221,,,,IDLE,11891.444588850507,
,1222,,,1139,1222,,publish,1139,H,,,1221,,,IDLE,11891.444588850507,11891.444588850507
,1222,,,1139,1222,,mine_H_publish,,,,,,,,IDLE,11891.444588850507,
1139,,,,1139,1222,11910.202495613907,mine_A_start_withhold,,,,,,1223,,WITHHOLD,11906.483436425337,
,,,,1140,1223,,reorg_or_tip_change,,,1223,1222,,,,WITHHOLD,11910.202495613907,
,1223,,,1140,1223,,publish,1140,A,,,1222,,,WITHHOLD,11910.202495613907,11910.202495613907
,,,1223,1140,1223,,release_bn,,,,,,,,WITHHOLD,11910.202495613907,
,,,,1140,1223,,release_no_race,,,,,,,,WITHHOLD,11910.202495613907,
,,,,1141,1224,,reorg_or_tip_change,,,1224,1223,,,,IDLE,11934.107423003525,
,1224,,,1141,1224,,publish,1141,H,,,1223,,,IDLE,11934.107423003525,11934.107423003525
,1224,,,1141,1224,,mine_H_publish,,,,,,,,IDLE,11934.107423003525,
1141,,,,1141,1224,11940.581931916386,mine_A_start_withhold,,,,,,1225,,WITHHOLD,11936.862872727816,
,,,,1142,1225,,reorg_or_tip_change,,,1225,1224,,,,WITHHOLD,11940.581931916386,
,1225,,,1142,1225,,publish,1142,A,,,1224,,,WITHHOLD,11940.581931916386,11940.581931916386
,,,1225,1142,1225,,release_bn,,,,,,,,WITHHOLD,11940.581931916386,
,,,,1142,1225,,release_no_race,,,,,,,,WITHHOLD,11940.581931916386,
,,,,1143,1226,,reorg_or_tip_change,,,1226,1225,,,,IDLE,11955.530105364258,
,1226,,,1143,1226,,publish,1143,H,,,1225,,,IDLE,11955.530105364258,11955.530105364258
,1226,,,1143,1226,,mine_H_publish,,,,,,,,IDLE,11955.530105364258,
,,,,1144,1227,,reorg_or_tip_change,,,1227,1226,,,,IDLE,11959.26228016617,
,1227,,,1144,1227,,publish,1144,H,,,1226,,,IDLE,11959.26228016617,11959.26228016617
,1227,,,1144,1227,,mine_H_publish,,,,,,,,IDLE,11959.26228016617,
,,,,1145,1228,,reorg_or_tip_change,,,1228,1227,,,,IDLE,11960.649840671284,
,1228,,,1145,1228,,publish,1145,H,,,1227,,,IDLE,11960.649840671284,11960.649840671284
,1228,,,1145,1228,,mine_H_publish,,,,,,,,IDLE,11960.649840671284,
1145,,,,1145,1228,11970.511068629496,mine_A_start_withhold,,,,,,1229,,WITHHOLD,11966.792009440926,
,,,,1146,1229,,reorg_or_tip_change,,,1229,1228,,,,WITHHOLD,11970.511068629496,
,1229,,,1146,1229,,publish,1146,A,,,1228,,,WITHHOLD,11970.511068629496,11970.511068629496
,,,1229,1146,1229,,release_bn,,,,,,,,WITHHOLD,11970.511068629496,
,,,,1146,1229,,release_no_race,,,,,,,,WITHHOLD,11970.511068629496,
1146,,,,1146,1229,11996.89854742927,mine_A_start_withhold,,,,,,1230,,WITHHOLD,11993.1794882407,
,,,,1147,1230,,reorg_or_tip_change,,,1230,1229,,,,WITHHOLD,11996.89854742927,
,1230,,,1147,1230,,publish,1147,A,,,1229,,,WITHHOLD,11996.89854742927,11996.89854742927
,,,1230,1147,1230,,release_bn,,,,,,,,WITHHOLD,11996.89854742927,
,,,,1147,1230,,release_no_race,,,,,,,,WITHHOLD,11996.89854742927,
,,,,1148,1231,,reorg_or_tip_change,,,1231,1230,,,,IDLE,12002.460889469963,
,1231,,,1148,1231,,publish,1148,H,,,1230,,,IDLE,12002.460889469963,12002.460889469963
,1231,,,1148,1231,,mine_H_publish,,,,,,,,IDLE,12002.460889469963,
,,,,1149,1232,,reorg_or_tip_change,,,1232,1231,,,,IDLE,12016.443137002645,
,1232,,,1149,1232,,publish,1149,H,,,1231,,,IDLE,12016.443137002645,12016.443137002645
,1232,,,1149,1232,,mine_H_publish,,,,,,,,IDLE,12016.443137002645,
1149,,,,1149,1232,12049.810164524386,mine_A_start_withhold,,,,,,1233,,WITHHOLD,12046.091105335816,
,,,,1150,1233,,reorg_or_tip_change,,,1233,1232,,,,WITHHOLD,12047.416155606103,
,1233,,,1150,1233,,publish,1150,A,,,1232,,,WITHHOLD,12047.416155606103,12047.416155606103
,,,,1151,1234,,reorg_or_tip_change,,,1234,1233,,,,WITHHOLD,12047.416155606103,
,1234,,,1151,1234,,publish,1151,A,,,1233,,,WITHHOLD,12047.416155606103,12047.416155606103
,,1234,1233,1151,1234,,mine_A_withhold_success,,,,,,,,WITHHOLD,12047.416155606103,
1151,,,,1151,1234,12052.610111086362,mine_A_start_withhold,,,,,,1235,,WITHHOLD,12048.891051897792,
,,,,1152,1235,,reorg_or_tip_change,,,1235,1234,,,,WITHHOLD,12050.170411613599,
,1235,,,1152,1235,,publish,1152,A,,,1234,,,WITHHOLD,12050.170411613599,12050.170411613599
,,,,1153,1236,,reorg_or_tip_change,,,1236,1235,,,,WITHHOLD,12050.170411613599,
,1236,,,1153,1236,,publish,1153,A,,,1235,,,WITHHOLD,12050.170411613599,12050.170411613599
,,1236,1235,1153,1236,,mine_A_withhold_success,,,,,,,,WITHHOLD,12050.170411613599,
1153,,,,1153,1236,12063.821602293972,mine_A_start_withhold,,,,,,1237,,WITHHOLD,12060.102543105402,
,,,,1154,1237,,reorg_or_tip_change,,,1237,1236,,,,WITHHOLD,12063.821602293972,
,1237,,,1154,1237,,publish,1154,A,,,1236,,,WITHHOLD,12063.821602293972,12063.821602293972
,,,1237,1154,1237,,release_bn,,,,,,,,WITHHOLD,12063.821602293972,
,,,,1154,1237,,release_no_race,,,,,,,,WITHHOLD,12063.821602293972,
,,,,1155,1238,,reorg_or_tip_change,,,1238,1237,,,,IDLE,12076.125483457374,
,1238,,,1155,1238,,publish,1155,H,,,1237,,,IDLE,12076.125483457374,12076.125483457374
,1238,,,1155,1238,,mine_H_publish,,,,,,,,IDLE,12076.125483457374,
1155,,,,1155,1238,12080.618600418857,mine_A_start_withhold,,,,,,1239,,WITHHOLD,12076.899541230287,
,,,,1156,1239,,reorg_or_tip_change,,,1239,1238,,,,WITHHOLD,12080.618600418857,
,1239,,,1156,1239,,publish,1156,A,,,1238,,,WITHHOLD,12080.618600418857,12080.618600418857
,,,1239,1156,1239,,release_bn,,,,,,,,WITHHOLD,12080.618600418857,
,,,,1156,1239,,release_no_race,,,,,,,,WITHHOLD,12080.618600418857,
1156,,,,1156,1239,12088.514971271676,mine_A_start_withhold,,,,,,1240,,WITHHOLD,12084.795912083106,
,,,,1157,1240,,reorg_or_tip_change,,,1240,1239,,,,WITHHOLD,12086.255962980944,
,1240,,,1157,1240,,publish,1157,A,,,1239,,,WITHHOLD,12086.255962980944,12086.255962980944
,,,,1158,1241,,reorg_or_tip_change,,,1241,1240,,,,WITHHOLD,12086.255962980944,
,1241,,,1158,1241,,publish,1158,A,,,1240,,,WITHHOLD,12086.255962980944,12086.255962980944
,,1241,1240,1158,1241,,mine_A_withhold_success,,,,,,,,WITHHOLD,12086.255962980944,
,,,,1159,1242,,reorg_or_tip_change,,,1242,1241,,,,IDLE,12090.07154046951,
,1242,,,1159,1242,,publish,1159,H,,,1241,,,IDLE,12090.07154046951,12090.07154046951
,1242,,,1159,1242,,mine_H_publish,,,,,,,,IDLE,12090.07154046951,
1159,,,,1159,1242,12096.986501898915,mine_A_start_withhold,,,,,,1243,,WITHHOLD,12093.267442710345,
,,,,1160,1243,,reorg_or_tip_change,,,1243,1242,,,,WITHHOLD,12096.986501898915,
,1243,,,1160,1243,,publish,1160,A,,,1242,,,WITHHOLD,12096.986501898915,12096.986501898915
,,,1243,1160,1243,,release_bn,,,,,,,,WITHHOLD,12096.986501898915,
,,,,1160,1243,,release_no_race,,,,,,,,WITHHOLD,12096.986501898915,
1160,,,,1160,1243,12101.339263940157,mine_A_start_withhold,,,,,,1244,,WITHHOLD,12097.620204751587,
,,,,1161,1245,,reorg_or_tip_change,,,1245,1243,,,,WITHHOLD,12100.242249013972,
,1245,,,1161,1245,,publish,1161,H,,,1243,,,WITHHOLD,12100.242249013972,12100.242249013972
,1245,,,1161,1245,,mine_H_publish,,,,,,,,WITHHOLD,12100.242249013972,
,1244,,,1161,1245,,publish,1161,A,,,1243,,,WITHHOLD,12101.339263940157,12101.339263940157
,,,1244,1161,1245,,release_bn,,,,,,,,WITHHOLD,12101.339263940157,
,,,,1161,1245,,release_enter_race,,,,,,,1244,RACE,12101.339263940157,
,,,,1162,1246,,reorg_or_tip_change,,,1246,1245,,,,RACE,12103.02874207435,
,1246,,,1162,1246,,publish,1162,H,,,1245,,,RACE,12103.02874207435,12103.02874207435
,1246,,,1162,1246,,mine_H_publish,,,,,,,,RACE,12103.02874207435,
,,,,1162,1246,,race_lost,,,,,,,,RACE,12103.02874207435,
1162,,,,1162,1246,12107.149954783721,mine_A_start_withhold,,,,,,1247,,WITHHOLD,12103.430895595151,
,,,,1163,1247,,reorg_or_tip_change,,,1247,1246,,,,WITHHOLD,12107.149954783721,
,1247,,,1163,1247,,publish,1163,A,,,1246,,,WITHHOLD,12107.149954783721,12107.149954783721
,,,1247,1163,1247,,release_bn,,,,,,,,WITHHOLD,12107.149954783721,
,,,,1163,1247,,release_no_race,,,,,,,,WITHHOLD,12107.149954783721,
,,,,1164,1248,,reorg_or_tip_change,,,1248,1247,,,,IDLE,12110.22077570581,
,1248,,,1164,1248,,publish,1164,H,,,1247,,,IDLE,12110.22077570581,12110.22077570581
,1248,,,1164,1248,,mine_H_publish,,,,,,,,IDLE,12110.22077570581,
,,,,1165,1249,,reorg_or_tip_change,,,1249,1248,,,,IDLE,12122.781466852077,
,1249,,,1165,1249,,publish,1165,H,,,1248,,,IDLE,12122.781466852077,12122.781466852077
,1249,,,1165,1249,,mine_H_publish,,,,,,,,IDLE,12122.781466852077,
,,,,1166,1250,,reorg_or_tip_change,,,1250,1249,,,,IDLE,12138.763947928532,
,1250,,,1166,1250,,publish,1166,H,,,1249,,,IDLE,12138.763947928532,12138.763947928532
,1250,,,1166,1250,,mine_H_publish,,,,,,,,IDLE,12138.763947928532,
,,,,1167,1251,,reorg_or_tip_change,,,1251,1250,,,,IDLE,12149.924369582504,
,1251,,,1167,1251,,publish,1167,H,,,1250,,,IDLE,12149.924369582504,12149.924369582504
,1251,,,1167,1251,,mine_H_publish,,,,,,,,IDLE,12149.924369582504,
1167,,,,1167,1251,12154.281272536284,mine_A_start_withhold,,,,,,1252,,WITHHOLD,12150.562213347714,
,,,,1168,1252,,reorg_or_tip_change,,,1252,1251,,,,WITHHOLD,12154.281272536284,
,1252,,,1168,1252,,publish,1168,A,,,1251,,,WITHHOLD,12154.281272536284,12154.281272536284
,,,1252,1168,1252,,release_bn,,,,,,,,WITHHOLD,12154.281272536284,
,,,,1168,1252,,release_no_race,,,,,,,,WITHHOLD,12154.281272536284,
1168,,,,1168,1252,12159.973074110494,mine_A_start_withhold,,,,,,1253,,WITHHOLD,12156.254014921924,
,,,,1169,1253,,reorg_or_tip_change,,,1253,1252,,,,WITHHOLD,12158.720491570455,
,1253,,,1169,1253,,publish,1169,A,,,1252,,,WITHHOLD,12158.720491570455,12158.720491570455
,,,,1170,1254,,reorg_or_tip_change,,,1254,1253,,,,WITHHOLD,12158.720491570455,
,1254,,,1170,1254,,publish,1170,A,,,1253,,,WITHHOLD,12158.720491570455,12158.720491570455
,,1254,1253,1170,1254,,mine_A_withhold_success,,,,,,,,WITHHOLD,12158.720491570455,
,,,,1171,1255,,reorg_or_tip_change,,,1255,1254,,,,IDLE,12160.071912408936,
,1255,,,1171,1255,,publish,1171,H,,,1254,,,IDLE,12160.071912408936,12160.071912408936
,1255,,,1171,1255,,mine_H_publish,,,,,,,,IDLE,12160.071912408936,
1171,,,,1171,1255,12174.85395459316,mine_A_start_withhold,,,,,,1256,,WITHHOLD,12171.13489540459,
,,,,1172,1256,,reorg_or_tip_change,,,1256,1255,,,,WITHHOLD,12174.85395459316,
,1256,,,1172,1256,,publish,1172,A,,,1255,,,WITHHOLD,12174.85395459316,12174.85395459316
,,,1256,1172,1256,,release_bn,,,,,,,,WITHHOLD,12174.85395459316,
,,,,1172,1256,,release_no_race,,,,,,,,WITHHOLD,12174.85395459316,
1172,,,,1172,1256,12186.165071520816,mine_A_start_withhold,,,,,,1257,,WITHHOLD,12182.446012332246,
,,,,1173,1258,,reorg_or_tip_change,,,1258,1256,,,,WITHHOLD,12184.818451949124,
,1258,,,1173,1258,,publish,1173,H,,,1256,,,WITHHOLD,12184.818451949124,12184.818451949124
,1258,,,1173,1258,,mine_H_publish,,,,,,,,WITHHOLD,12184.818451949124,
,1257,,,1173,1258,,publish,1173,A,,,1256,,,WITHHOLD,12186.165071520816,12186.165071520816
,,,1257,1173,1258,,release_bn,,,,,,,,WITHHOLD,12186.165071520816,
,,,,1173,1258,,release_enter_race,,,,,,,1257,RACE,12186.165071520816,
,,,,1174,1259,,reorg_or_tip_change,,,1259,1258,,,,RACE,12191.651120689088,
,1259,,,1174,1259,,publish,1174,A,,,1257,,,RACE,12191.651120689088,12191.651120689088
,1259,,,1174,1259,,mine_A_race_success,,,,,,,,RACE,12191.651120689088,
,,,,1175,1260,,reorg_or_tip_change,,,1260,1259,,,,IDLE,12199.48374067381,
,1260,,,1175,1260,,publish,1175,H,,,1259,,,IDLE,12199.48374067381,12199.48374067381
,1260,,,1175,1260,,mine_H_publish,,,,,,,,IDLE,12199.48374067381,
1175,,,,1175,1260,12217.020346706073,mine_A_start_withhold,,,,,,1261,,WITHHOLD,12213.301287517503,
,,,,1176,1261,,reorg_or_tip_change,,,1261,1260,,,,WITHHOLD,12217.020346706073,
,1261,,,1176,1261,,publish,1176,A,,,1260,,,WITHHOLD,12217.020346706073,12217.020346706073
,,,1261,1176,1261,,release_bn,,,,,,,,WITHHOLD,12217.020346706073,
,,,,1176,1261,,release_no_race,,,,,,,,WITHHOLD,12217.020346706073,
1176,,,,1176,1261,12222.965326176765,mine_A_start_withhold,,,,,,1262,,WITHHOLD,12219.246266988195,
,,,,1177,1262,,reorg_or_tip_change,,,1262,1261,,,,WITHHOLD,12222.965326176765,
,1262,,,1177,1262,,publish,1177,A,,,1261,,,WITHHOLD,12222.965326176765,12222.965326176765
,,,1262,1177,1262,,release_bn,,,,,,,,WITHHOLD,12222.965326176765,
,,,,1177,1262,,release_no_race,,,,,,,,WITHHOLD,12222.965326176765,
1177,,,,1177,1262,12230.34531197783,mine_A_start_withhold,,,,,,1263,,WITHHOLD,12226.62625278926,
,,,,1178,1263,,reorg_or_tip_change,,,1263,1262,,,,WITHHOLD,12230.34531197783,
,1263,,,1178,1263,,publish,1178,A,,,1262,,,WITHHOLD,12230.34531197783,12230.34531197783
,,,1263,1178,1263,,release_bn,,,,,,,,WITHHOLD,12230.34531197783,
,,,,1178,1263,,release_no_race,,,,,,,,WITHHOLD,12230.34531197783,
,,,,1179,1264,,reorg_or_tip_change,,,1264,1263,,,,IDLE,12265.064359539118,
,1264,,,1179,1264,,publish,1179,H,,,1263,,,IDLE,12265.064359539118,12265.064359539118
,1264,,,1179,1264,,mine_H_publish,,,,,,,,IDLE,12265.064359539118,
,,,,1180,1265,,reorg_or_tip_change,,,1265,1264,,,,IDLE,12270.925207423716,
,1265,,,1180,1265,,publish,1180,H,,,1264,,,IDLE,12270.925207423716,12270.925207423716
,1265,,,1180,1265,,mine_H_publish,,,,,,,,IDLE,12270.925207423716,
1180,,,,1180,1265,12275.630542175008,mine_A_start_withhold,,,,,,1266,,WITHHOLD,12271.911482986437,
,,,,1181,1266,,reorg_or_tip_change,,,1266,1265,,,,WITHHOLD,12275.630542175008,
,1266,,,1181,1266,,publish,1181,A,,,1265,,,WITHHOLD,12275.630542175008,12275.630542175008
,,,1266,1181,1266,,release_bn,,,,,,,,WITHHOLD,12275.630542175008,
,,,,1181,1266,,release_no_race,,,,,,,,WITHHOLD,12275.630542175008,
1181,,,,1181,1266,12284.9694152962,mine_A_start_withhold,,,,,,1267,,WITHHOLD,12281.25035610763,
,,,,1182,1267,,reorg_or_tip_change,,,1267,1266,,,,WITHHOLD,12281.436303807812,
,1267,,,1182,1267,,publish,1182,A,,,1266,,,WITHHOLD,12281.436303807812,12281.436303807812
,,,,1183,1268,,reorg_or_tip_change,,,1268,1267,,,,WITHHOLD,12281.436303807812,
,1268,,,1183,1268,,publish,1183,A,,,1267,,,WITHHOLD,12281.436303807812,12281.436303807812
,,1268,1267,1183,1268,,mine_A_withhold_success,,,,,,,,WITHHOLD,12281.436303807812,
1183,,,,1183,1268,12294.17424641645,mine_A_start_withhold,,,,,,1269,,WITHHOLD,12290.45518722788,
,,,,1184,1269,,reorg_or_tip_change,,,1269,1268,,,,WITHHOLD,12294.17424641645,
,1269,,,1184,1269,,publish,1184,A,,,1268,,,WITHHOLD,12294.17424641645,12294.17424641645
,,,1269,1184,1269,,release_bn,,,,,,,,WITHHOLD,12294.17424641645,
,,,,1184,1269,,release_no_race,,,,,,,,WITHHOLD,12294.17424641645,
1184,,,,1184,1269,12306.398615933522,mine_A_start_withhold,,,,,,1270,,WITHHOLD,12302.679556744952,
,,,,1185,1270,,reorg_or_tip_change,,,1270,1269,,,,WITHHOLD,12306.398615933522,
,1270,,,1185,1270,,publish,1185,A,,,1269,,,WITHHOLD,12306.398615933522,12306.398615933522
,,,1270,1185,1270,,release_bn,,,,,,,,WITHHOLD,12306.398615933522,
,,,,1185,1270,,release_no_race,,,,,,,,WITHHOLD,12306.398615933522,
,,,,1186,1271,,reorg_or_tip_change,,,1271,1270,,,,IDLE,12307.666624855496,
,1271,,,1186,1271,,publish,1186,H,,,1270,,,IDLE,12307.666624855496,12307.666624855496
,1271,,,1186,1271,,mine_H_publish,,,,,,,,IDLE,12307.666624855496,
,,,,1187,1272,,reorg_or_tip_change,,,1272,1271,,,,IDLE,12326.787204878594,
,1272,,,1187,1272,,publish,1187,H,,,1271,,,IDLE,12326.787204878594,12326.787204878594
,1272,,,1187,1272,,mine_H_publish,,,,,,,,IDLE,12326.787204878594,
1187,,,,1187,1272,12349.50643126614,mine_A_start_withhold,,,,,,1273,,WITHHOLD,12345.78737207757,
,,,,1188,1273,,reorg_or_tip_change,,,1273,1272,,,,WITHHOLD,12345.79261869981,
,1273,,,1188,1273,,publish,1188,A,,,1272,,,WITHHOLD,12345.79261869981,12345.79261869981
,,,,1189,1274,,reorg_or_tip_change,,,1274,1273,,,,WITHHOLD,12345.79261869981,
,1274,,,1189,1274,,publish,1189,A,,,1273,,,WITHHOLD,12345.79261869981,12345.79261869981
,,1274,1273,1189,1274,,mine_A_withhold_success,,,,,,,,WITHHOLD,12345.79261869981,
1189,,,,1189,1274,12349.57522425345,mine_A_start_withhold,,,,,,1275,,WITHHOLD,12345.85616506488,
,,,,1190,1275,,reorg_or_tip_change,,,1275,1274,,,,WITHHOLD,12349.57522425345,
,1275,,,1190,1275,,publish,1190,A,,,1274,,,WITHHOLD,12349.57522425345,12349.57522425345
,,,1275,1190,1275,,release_bn,,,,,,,,WITHHOLD,12349.57522425345,
,,,,1190,1275,,release_no_race,,,,,,,,WITHHOLD,12349.57522425345,
1190,,,,1190,1275,12356.884467825446,mine_A_start_withhold,,,,,,1276,,WITHHOLD,12353.165408636876,
,,,,1191,1276,,reorg_or_tip_change,,,1276,1275,,,,WITHHOLD,12356.884467825446,
,1276,,,1191,1276,,publish,1191,A,,,1275,,,WITHHOLD,12356.884467825446,12356.884467825446
,,,1276,1191,1276,,release_bn,,,,,,,,WITHHOLD,12356.884467825446,
,,,,1191,1276,,release_no_race,,,,,,,,WITHHOLD,12356.884467825446,
1191,,,,1191,1276,12369.922658653548,mine_A_start_withhold,,,,,,1277,,WITHHOLD,12366.203599464978,
,,,,1192,1277,,reorg_or_tip_change,,,1277,1276,,,,WITHHOLD,12369.922658653548,
,1277,,,1192,1277,,publish,1192,A,,,1276,,,WITHHOLD,12369.922658653548,12369.922658653548
,,,1277,1192,1277,,release_bn,,,,,,,,WITHHOLD,12369.922658653548,
,,,,1192,1277,,release_no_race,,,,,,,,WITHHOLD,12369.922658653548,
,,,,1193,1278,,reorg_or_tip_change,,,1278,1277,,,,IDLE,12384.950439971057,
,1278,,,1193,1278,,publish,1193,H,,,1277,,,IDLE,12384.950439971057,12384.950439971057
,1278,,,1193,1278,,mine_H_publish,,,,,,,,IDLE,12384.950439971057,
1193,,,,1193,1278,12406.926235824525,mine_A_start_withhold,,,,,,1279,,WITHHOLD,12403.207176635955,
,,,,1194,1279,,reorg_or_tip_change,,,1279,1278,,,,WITHHOLD,12406.926235824525,
,1279,,,1194,1279,,publish,1194,A,,,1278,,,WITHHOLD,12406.926235824525,12406.926235824525
,,,1279,1194,1279,,release_bn,,,,,,,,WITHHOLD,12406.926235824525,
,,,,1194,1279,,release_no_race,,,,,,,,WITHHOLD,12406.926235824525,
1194,,,,1194,1279,12413.874527839473,mine_A_start_withhold,,,,,,1280,,WITHHOLD,12410.155468650903,
,,,,1195,1280,,reorg_or_tip_change,,,1280,1279,,,,WITHHOLD,12413.874527839473,
,1280,,,1195,1280,,publish,1195,A,,,1279,,,WITHHOLD,12413.874527839473,12413.874527839473
,,,1280,1195,1280,,release_bn,,,,,,,,WITHHOLD,12413.874527839473,
,,,,1195,1280,,release_no_race,,,,,,,,WITHHOLD,12413.874527839473,
,,,,1196,1281,,reorg_or_tip_change,,,1281,1280,,,,IDLE,12415.9364822094,
,1281,,,1196,1281,,publish,1196,H,,,1280,,,IDLE,12415.9364822094,12415.9364822094
,1281,,,1196,1281,,mine_H_publish,,,,,,,,IDLE,12415.9364822094,
1196,,,,1196,1281,12425.339498931013,mine_A_start_withhold,,,,,,1282,,WITHHOLD,12421.620439742443,
,,,,1197,1282,,reorg_or_tip_change,,,1282,1281,,,,WITHHOLD,12421.804065311504,
,1282,,,1197,1282,,publish,1197,A,,,1281,,,WITHHOLD,12421.804065311504,12421.804065311504
,,,,1198,1283,,reorg_or_tip_change,,,1283,1282,,,,WITHHOLD,12421.804065311504,
,1283,,,1198,1283,,publish,1198,A,,,1282,,,WITHHOLD,12421.804065311504,12421.804065311504
,,1283,1282,1198,1283,,mine_A_withhold_success,,,,,,,,WITHHOLD,12421.804065311504,
1198,,,,1198,1283,12427.022235383041,mine_A_start_withhold,,,,,,1284,,WITHHOLD,12423.303176194471,
,,,,1199,1284,,reorg_or_tip_change,,,1284,1283,,,,WITHHOLD,12427.022235383041,
,1284,,,1199,1284,,publish,1199,A,,,1283,,,WITHHOLD,12427.022235383041,12427.022235383041
,,,1284,1199,1284,,release_bn,,,,,,,,WITHHOLD,12427.022235383041,
,,,,1199,1284,,release_no_race,,,,,,,,WITHHOLD,12427.022235383041,
,,,,1200,1285,,reorg_or_tip_change,,,1285,1284,,,,IDLE,12429.538017346373,
,1285,,,1200,1285,,publish,1200,H,,,1284,,,IDLE,12429.538017346373,12429.538017346373
,1285,,,1200,1285,,mine_H_publish,,,,,,,,IDLE,12429.538017346373,
,,,,1201,1286,,reorg_or_tip_change,,,1286,1285,,,,IDLE,12432.755758766143,
,1286,,,1201,1286,,publish,1201,H,,,1285,,,IDLE,12432.755758766143,12432.755758766143
,1286,,,1201,1286,,mine_H_publish,,,,,,,,IDLE,12432.755758766143,
,,,,1202,1287,,reorg_or_tip_change,,,1287,1286,,,,IDLE,12436.417391216788,
,1287,,,1202,1287,,publish,1202,H,,,1286,,,IDLE,12436.417391216788,12436.417391216788
,1287,,,1202,1287,,mine_H_publish,,,,,,,,IDLE,12436.417391216788,
1202,,,,1202,1287,12443.44393767135,mine_A_start_withhold,,,,,,1288,,WITHHOLD,12439.72487848278,
,,,,1203,1288,,reorg_or_tip_change,,,1288,1287,,,,WITHHOLD,12443.44393767135,
,1288,,,1203,1288,,publish,1203,A,,,1287,,,WITHHOLD,12443.44393767135,12443.44393767135
,,,1288,1203,1288,,release_bn,,,,,,,,WITHHOLD,12443.44393767135,
,,,,1203,1288,,release_no_race,,,,,,,,WITHHOLD,12443.44393767135,
1203,,,,1203,1288,12458.093700764859,mine_A_start_withhold,,,,,,1289,,WITHHOLD,12454.374641576289,
,,,,1204,1289,,reorg_or_tip_change,,,1289,1288,,,,WITHHOLD,12456.5886876126,
,1289,,,1204,1289,,publish,1204,A,,,1288,,,WITHHOLD,12456.5886876126,12456.5886876126
,,,,1205,1290,,reorg_or_tip_change,,,1290,1289,,,,WITHHOLD,12456.5886876126,
,1290,,,1205,1290,,publish,1205,A,,,1289,,,WITHHOLD,12456.5886876126,12456.5886876126
,,1290,1289,1205,1290,,mine_A_withhold_success,,,,,,,,WITHHOLD,12456.5886876126,
,,,,1206,1291,,reorg_or_tip_change,,,1291,1290,,,,IDLE,12462.715090451502,
,1291,,,1206,1291,,publish,1206,H,,,1290,,,IDLE,12462.715090451502,12462.715090451502
,1291,,,1206,1291,,mine_H_publish,,,,,,,,IDLE,12462.715090451502,
,,,,1207,1292,,reorg_or_tip_change,,,1292,1291,,,,IDLE,12464.863338459558,
,1292,,,1207,1292,,publish,1207,H,,,1291,,,IDLE,12464.863338459558,12464.863338459558
,1292,,,1207,1292,,mine_H_publish,,,,,,,,IDLE,12464.863338459558,
,,,,1208,1293,,reorg_or_tip_change,,,1293,1292,,,,IDLE,12509.319580711612,
,1293,,,1208,1293,,publish,1208,H,,,1292,,,IDLE,12509.319580711612,12509.319580711612
,1293,,,1208,1293,,mine_H_publish,,,,,,,,IDLE,12509.319580711612,
1208,,,,1208,1293,12524.838693771682,mine_A_start_withhold,,,,,,1294,,WITHHOLD,12521.119634583112,
,,,,1209,1294,,reorg_or_tip_change,,,1294,1293,,,,WITHHOLD,12524.838693771682,
,1294,,,1209,1294,,publish,1209,A,,,1293,,,WITHHOLD,12524.838693771682,12524.838693771682
,,,1294,1209,1294,,release_bn,,,,,,,,WITHHOLD,12524.838693771682,
,,,,1209,1294,,release_no_race,,,,,,,,WITHHOLD,12524.838693771682,
1209,,,,1209,1294,12542.287778434364,mine_A_start_withhold,,,,,,1295,,WITHHOLD,12538.568719245794,
,,,,1210,1295,,reorg_or_tip_change,,,1295,1294,,,,WITHHOLD,12542.287778434364,
,1295,,,1210,1295,,publish,1210,A,,,1294,,,WITHHOLD,12542.287778434364,12542.287778434364
,,,1295,1210,1295,,release_bn,,,,,,,,WITHHOLD,12542.287778434364,
,,,,1210,1295,,release_no_race,,,,,,,,WITHHOLD,12542.287778434364,
1210,,,,1210,1295,12550.705642716515,mine_A_start_withhold,,,,,,1296,,WITHHOLD,12546.986583527945,
,,,,1211,1296,,reorg_or_tip_change,,,1296,1295,,,,WITHHOLD,12550.705642716515,
,1296,,,1211,1296,,publish,1211,A,,,1295,,,WITHHOLD,12550.705642716515,12550.705642716515
,,,1296,1211,1296,,release_bn,,,,,,,,WITHHOLD,12550.705642716515,
,,,,1211,1296,,release_no_race,,,,,,,,WITHHOLD,12550.705642716515,
1211,,,,1211,1296,12560.557630542698,mine_A_start_withhold,,,,,,1297,,WITHHOLD,12556.838571354128,
,,,,1212,1298,,reorg_or_tip_change,,,1298,1296,,,,WITHHOLD,12559.94447391949,
,1298,,,1212,1298,,publish,1212,H,,,1296,,,WITHHOLD,12559.94447391949,12559.94447391949
,1298,,,1212,1298,,mine_H_publish,,,,,,,,WITHHOLD,12559.94447391949,
,1297,,,1212,1298,,publish,1212,A,,,1296,,,WITHHOLD,12560.557630542698,12560.557630542698
,,,1297,1212,1298,,release_bn,,,,,,,,WITHHOLD,12560.557630542698,
,,,,1212,1298,,release_enter_race,,,,,,,1297,RACE,12560.557630542698,
,,,,1213,1299,,reorg_or_tip_change,,,1299,1298,,,,RACE,12570.301812386057,
,1299,,,1213,1299,,publish,1213,A,,,1297,,,RACE,12570.301812386057,12570.301812386057
,1299,,,1213,1299,,mine_A_race_success,,,,,,,,RACE,12570.301812386057,
1213,,,,1213,1299,12583.059900816486,mine_A_start_withhold,,,,,,1300,,WITHHOLD,12579.340841627916,
,,,,1214,1300,,reorg_or_tip_change,,,1300,1299,,,,WITHHOLD,12583.059900816486,
,1300,,,1214,1300,,publish,1214,A,,,1299,,,WITHHOLD,12583.059900816486,12583.059900816486
,,,1300,1214,1300,,release_bn,,,,,,,,WITHHOLD,12583.059900816486,
,,,,1214,1300,,release_no_race,,,,,,,,WITHHOLD,12583.059900816486,
,,,,1215,1301,,reorg_or_tip_change,,,1301,1300,,,,IDLE,12586.503252187631,
,1301,,,1215,1301,,publish,1215,H,,,1300,,,IDLE,12586.503252187631,12586.503252187631
,1301,,,1215,1301,,mine_H_publish,,,,,,,,IDLE,12586.503252187631,
,,,,1216,1302,,reorg_or_tip_change,,,1302,1301,,,,IDLE,12608.260257708658,
,1302,,,1216,1302,,publish,1216,H,,,1301,,,IDLE,12608.260257708658,12608.260257708658
,1302,,,1216,1302,,mine_H_publish,,,,,,,,IDLE,12608.260257708658,
1216,,,,1216,1302,12614.261308808555,mine_A_start_withhold,,,,,,1303,,WITHHOLD,12610.542249619984,
,,,,1217,1303,,reorg_or_tip_change,,,1303,1302,,,,WITHHOLD,12614.261308808555,
,1303,,,1217,1303,,publish,1217,A,,,1302,,,WITHHOLD,12614.261308808555,12614.261308808555
,,,1303,1217,1303,,release_bn,,,,,,,,WITHHOLD,12614.261308808555,
,,,,1217,1303,,release_no_race,,,,,,,,WITHHOLD,12614.261308808555,
1217,,,,1217,1303,12650.87775895283,mine_A_start_withhold,,,,,,1304,,WITHHOLD,12647.15869976426,
,,,,1218,1304,,reorg_or_tip_change,,,1304,1303,,,,WITHHOLD,12650.87775895283,
,1304,,,1218,1304,,publish,1218,A,,,1303,,,WITHHOLD,12650.87775895283,12650.87775895283
,,,1304,1218,1304,,release_bn,,,,,,,,WITHHOLD,12650.87775895283,
,,,,1218,1304,,release_no_race,,,,,,,,WITHHOLD,12650.87775895283,
,,,,1219,1305,,reorg_or_tip_change,,,1305,1304,,,,IDLE,12654.006404331243,
,1305,,,1219,1305,,publish,1219,H,,,1304,,,IDLE,12654.006404331243,12654.006404331243
,1305,,,1219,1305,,mine_H_publish,,,,,,,,IDLE,12654.006404331243,
,,,,1220,1306,,reorg_or_tip_change,,,1306,1305,,,,IDLE,12658.138328996272,
,1306,,,1220,1306,,publish,1220,H,,,1305,,,IDLE,12658.138328996272,12658.138328996272
,1306,,,1220,1306,,mine_H_publish,,,,,,,,IDLE,12658.138328996272,
1220,,,,1220,1306,12669.005984704141,mine_A_start_withhold,,,,,,1307,,WITHHOLD,12665.286925515571,
,,,,1221,1307,,reorg_or_tip_change,,,1307,1306,,,,WITHHOLD,12669.005984704141,
,1307,,,1221,1307,,publish,1221,A,,,1306,,,WITHHOLD,12669.005984704141,12669.005984704141
,,,1307,1221,1307,,release_bn,,,,,,,,WITHHOLD,12669.005984704141,
,,,,1221,1307,,release_no_race,,,,,,,,WITHHOLD,12669.005984704141,
1221,,,,1221,1307,12674.653445716158,mine_A_start_withhold,,,,,,1308,,WITHHOLD,12670.934386527588,
,,,,1222,1308,,reorg_or_tip_change,,,1308,1307,,,,WITHHOLD,12674.259253028707,
,1308,,,1222,1308,,publish,1222,A,,,1307,,,WITHHOLD,12674.259253028707,12674.259253028707
,,,,1223,1309,,reorg_or_tip_change,,,1309,1308,,,,WITHHOLD,12674.259253028707,
,1309,,,1223,1309,,publish,1223,A,,,1308,,,WITHHOLD,12674.259253028707,12674.259253028707
,,1309,1308,1223,1309,,mine_A_withhold_success,,,,,,,,WITHHOLD,12674.259253028707,
1223,,,,1223,1309,12678.711683238147,mine_A_start_withhold,,,,,,1310,,WITHHOLD,12674.992624049577,
,,,,1224,1310,,reorg_or_tip_change,,,1310,1309,,,,WITHHOLD,12678.711683238147,
,1310,,,1224,1310,,publish,1224,A,,,1309,,,WITHHOLD,12678.711683238147,12678.711683238147
,,,1310,1224,1310,,release_bn,,,,,,,,WITHHOLD,12678.711683238147,
,,,,1224,1310,,release_no_race,,,,,,,,WITHHOLD,12678.711683238147,
1224,,,,1224,1310,12690.886260251798,mine_A_start_withhold,,,,,,1311,,WITHHOLD,12687.167201063228,
,,,,1225,1311,,reorg_or_tip_change,,,1311,1310,,,,WITHHOLD,12690.886260251798,
,1311,,,1225,1311,,publish,1225,A,,,1310,,,WITHHOLD,12690.886260251798,12690.886260251798
,,,1311,1225,1311,,release_bn,,,,,,,,WITHHOLD,12690.886260251798,
,,,,1225,1311,,release_no_race,,,,,,,,WITHHOLD,12690.886260251798,
1225,,,,1225,1311,12696.930343814694,mine_A_start_withhold,,,,,,1312,,WITHHOLD,12693.211284626124,
,,,,1226,1312,,reorg_or_tip_change,,,1312,1311,,,,WITHHOLD,12696.930343814694,
,1312,,,1226,1312,,publish,1226,A,,,1311,,,WITHHOLD,12696.930343814694,12696.930343814694
,,,1312,1226,1312,,release_bn,,,,,,,,WITHHOLD,12696.930343814694,
,,,,1226,1312,,release_no_race,,,,,,,,WITHHOLD,12696.930343814694,
1226,,,,1226,1312,12701.390237988431,mine_A_start_withhold,,,,,,1313,,WITHHOLD,12697.671178799861,
,,,,1227,1313,,reorg_or_tip_change,,,1313,1312,,,,WITHHOLD,12697.737953139876,
,1313,,,1227,1313,,publish,1227,A,,,1312,,,WITHHOLD,12697.737953139876,12697.737953139876
,,,,1228,1314,,reorg_or_tip_change,,,1314,1313,,,,WITHHOLD,12697.737953139876,
,1314,,,1228,1314,,publish,1228,A,,,1313,,,WITHHOLD,12697.737953139876,12697.737953139876
,,1314,1313,1228,1314,,mine_A_withhold_success,,,,,,,,WITHHOLD,12697.737953139876,
1228,,,,1228,1314,12719.203151660702,mine_A_start_withhold,,,,,,1315,,WITHHOLD,12715.484092472132,
,,,,1229,1315,,reorg_or_tip_change,,,1315,1314,,,,WITHHOLD,12719.203151660702,
,1315,,,1229,1315,,publish,1229,A,,,1314,,,WITHHOLD,12719.203151660702,12719.203151660702
,,,1315,1229,1315,,release_bn,,,,,,,,WITHHOLD,12719.203151660702,
,,,,1229,1315,,release_no_race,,,,,,,,WITHHOLD,12719.203151660702,
1229,,,,1229,1315,12726.498769943759,mine_A_start_withhold,,,,,,1316,,WITHHOLD,12722.779710755189,
,,,,1230,1316,,reorg_or_tip_change,,,1316,1315,,,,WITHHOLD,12723.92496581751,
,1316,,,1230,1316,,publish,1230,A,,,1315,,,WITHHOLD,12723.92496581751,12723.92496581751
,,,,1231,1317,,reorg_or_tip_change,,,1317,1316,,,,WITHHOLD,12723.92496581751,
,1317,,,1231,1317,,publish,1231,A,,,1316,,,WITHHOLD,12723.92496581751,12723.92496581751
,,1317,1316,1231,1317,,mine_A_withhold_success,,,,,,,,WITHHOLD,12723.92496581751,
1231,,,,1231,1317,12730.223229421486,mine_A_start_withhold,,,,,,1318,,WITHHOLD,12726.504170232916,
,,,,1232,1318,,reorg_or_tip_change,,,1318,1317,,,,WITHHOLD,12730.223229421486,
,1318,,,1232,1318,,publish,1232,A,,,1317,,,WITHHOLD,12730.223229421486,12730.223229421486
,,,1318,1232,1318,,release_bn,,,,,,,,WITHHOLD,12730.223229421486,
,,,,1232,1318,,release_no_race,,,,,,,,WITHHOLD,12730.223229421486,
1232,,,,1232,1318,12738.921005518834,mine_A_start_withhold,,,,,,1319,,WITHHOLD,12735.201946330264,
,,,,1233,1319,,reorg_or_tip_change,,,1319,1318,,,,WITHHOLD,12736.251749661182,
,1319,,,1233,1319,,publish,1233,A,,,1318,,,WITHHOLD,12736.251749661182,12736.251749661182
,,,,1234,1320,,reorg_or_tip_change,,,1320,1319,,,,WITHHOLD,12736.251749661182,
,1320,,,1234,1320,,publish,1234,A,,,1319,,,WITHHOLD,12736.251749661182,12736.251749661182
,,1320,1319,1234,1320,,mine_A_withhold_success,,,,,,,,WITHHOLD,12736.251749661182,
,,,,1235,1321,,reorg_or_tip_change,,,1321,1320,,,,IDLE,12742.00919119753,
,1321,,,1235,1321,,publish,1235,H,,,1320,,,IDLE,12742.00919119753,12742.00919119753
,1321,,,1235,1321,,mine_H_publish,,,,,,,,IDLE,12742.00919119753,
1235,,,,1235,1321,12752.169704688487,mine_A_start_withhold,,,,,,1322,,WITHHOLD,12748.450645499917,
,,,,1236,1322,,reorg_or_tip_change,,,1322,1321,,,,WITHHOLD,12752.169704688487,
,1322,,,1236,1322,,publish,1236,A,,,1321,,,WITHHOLD,12752.169704688487,12752.169704688487
,,,1322,1236,1322,,release_bn,,,,,,,,WITHHOLD,12752.169704688487,
,,,,1236,1322,,release_no_race,,,,,,,,WITHHOLD,12752.169704688487,
,,,,1237,1323,,reorg_or_tip_change,,,1323,1322,,,,IDLE,12766.620504008311,
,1323,,,1237,1323,,publish,1237,H,,,1322,,,IDLE,12766.620504008311,12766.620504008311
,1323,,,1237,1323,,mine_H_publish,,,,,,,,IDLE,12766.620504008311,
1237,,,,1237,1323,12774.651204285035,mine_A_start_withhold,,,,,,1324,,WITHHOLD,12770.932145096465,
,,,,1238,1324,,reorg_or_tip_change,,,1324,1323,,,,WITHHOLD,12774.651204285035,
,1324,,,1238,1324,,publish,1238,A,,,1323,,,WITHHOLD,12774.651204285035,12774.651204285035
,,,1324,1238,1324,,release_bn,,,,,,,,WITHHOLD,12774.651204285035,
,,,,1238,1324,,release_no_race,,,,,,,,WITHHOLD,12774.651204285035,
,,,,1239,1325,,reorg_or_tip_change,,,1325,1324,,,,IDLE,12788.599569971666,
,1325,,,1239,1325,,publish,1239,H,,,1324,,,IDLE,12788.599569971666,12788.599569971666
,1325,,,1239,1325,,mine_H_publish,,,,,,,,IDLE,12788.599569971666,
,,,,1240,1326,,reorg_or_tip_change,,,1326,1325,,,,IDLE,12802.902150436144,
,1326,,,1240,1326,,publish,1240,H,,,1325,,,IDLE,12802.902150436144,12802.902150436144
,1326,,,1240,1326,,mine_H_publish,,,,,,,,IDLE,12802.902150436144,
1240,,,,1240,1326,12819.388677152174,mine_A_start_withhold,,,,,,1327,,WITHHOLD,12815.669617963604,
,,,,1241,1327,,reorg_or_tip_change,,,1327,1326,,,,WITHHOLD,12819.388677152174,
,1327,,,1241,1327,,publish,1241,A,,,1326,,,WITHHOLD,12819.388677152174,12819.388677152174
,,,1327,1241,1327,,release_bn,,,,,,,,WITHHOLD,12819.388677152174,
,,,,1241,1327,,release_no_race,,,,,,,,WITHHOLD,12819.388677152174,
1241,,,,1241,1327,12829.970431346681,mine_A_start_withhold,,,,,,1328,,WITHHOLD,12826.25137215811,
,,,,1242,1328,,reorg_or_tip_change,,,1328,1327,,,,WITHHOLD,12829.970431346681,
,1328,,,1242,1328,,publish,1242,A,,,1327,,,WITHHOLD,12829.970431346681,12829.970431346681
,,,1328,1242,1328,,release_bn,,,,,,,,WITHHOLD,12829.970431346681,
,,,,1242,1328,,release_no_race,,,,,,,,WITHHOLD,12829.970431346681,
1242,,,,1242,1328,12865.345518616356,mine_A_start_withhold,,,,,,1329,,WITHHOLD,12861.626459427785,
,,,,1243,1329,,reorg_or_tip_change,,,1329,1328,,,,WITHHOLD,12865.345518616356,
,1329,,,1243,1329,,publish,1243,A,,,1328,,,WITHHOLD,12865.345518616356,12865.345518616356
,,,1329,1243,1329,,release_bn,,,,,,,,WITHHOLD,12865.345518616356,
,,,,1243,1329,,release_no_race,,,,,,,,WITHHOLD,12865.345518616356,
1243,,,,1243,1329,12869.748599973429,mine_A_start_withhold,,,,,,1330,,WITHHOLD,12866.029540784859,
,,,,1244,1330,,reorg_or_tip_change,,,1330,1329,,,,WITHHOLD,12869.748599973429,
,1330,,,1244,1330,,publish,1244,A,,,1329,,,WITHHOLD,12869.748599973429,12869.748599973429
,,,1330,1244,1330,,release_bn,,,,,,,,WITHHOLD,12869.748599973429,
,,,,1244,1330,,release_no_race,,,,,,,,WITHHOLD,12869.748599973429,
1244,,,,1244,1330,12903.911803495761,mine_A_start_withhold,,,,,,1331,,WITHHOLD,12900.19274430719,
,,,,1245,1331,,reorg_or_tip_change,,,1331,1330,,,,WITHHOLD,12903.911803495761,
,1331,,,1245,1331,,publish,1245,A,,,1330,,,WITHHOLD,12903.911803495761,12903.911803495761
,,,1331,1245,1331,,release_bn,,,,,,,,WITHHOLD,12903.911803495761,
,,,,1245,1331,,release_no_race,,,,,,,,WITHHOLD,12903.911803495761,
1245,,,,1245,1331,12908.586195184065,mine_A_start_withhold,,,,,,1332,,WITHHOLD,12904.867135995495,
,,,,1246,1332,,reorg_or_tip_change,,,1332,1331,,,,WITHHOLD,12908.586195184065,
,1332,,,1246,1332,,publish,1246,A,,,1331,,,WITHHOLD,12908.586195184065,12908.586195184065
,,,1332,1246,1332,,release_bn,,,,,,,,WITHHOLD,12908.586195184065,
,,,,1246,1332,,release_no_race,,,,,,,,WITHHOLD,12908.586195184065,
1246,,,,1246,1332,12913.260506176428,mine_A_start_withhold,,,,,,1333,,WITHHOLD,12909.541446987858,
,,,,1247,1333,,reorg_or_tip_change,,,1333,1332,,,,WITHHOLD,12913.260506176428,
,1333,,,1247,1333,,publish,1247,A,,,1332,,,WITHHOLD,12913.260506176428,12913.260506176428
,,,1333,1247,1333,,release_bn,,,,,,,,WITHHOLD,12913.260506176428,
,,,,1247,1333,,release_no_race,,,,,,,,WITHHOLD,12913.260506176428,
,,,,1248,1334,,reorg_or_tip_change,,,1334,1333,,,,IDLE,12920.709445722488,
,1334,,,1248,1334,,publish,1248,H,,,1333,,,IDLE,12920.709445722488,12920.709445722488
,1334,,,1248,1334,,mine_H_publish,,,,,,,,IDLE,12920.709445722488,
1248,,,,1248,1334,12931.104138767809,mine_A_start_withhold,,,,,,1335,,WITHHOLD,12927.385079579239,
,,,,1249,1335,,reorg_or_tip_change,,,1335,1334,,,,WITHHOLD,12930.361467441837,
,1335,,,1249,1335,,publish,1249,A,,,1334,,,WITHHOLD,12930.361467441837,12930.361467441837
,,,,1250,1336,,reorg_or_tip_change,,,1336,1335,,,,WITHHOLD,12930.361467441837,
,1336,,,1250,1336,,publish,1250,A,,,1335,,,WITHHOLD,12930.361467441837,12930.361467441837
,,1336,1335,1250,1336,,mine_A_withhold_success,,,,,,,,WITHHOLD,12930.361467441837,
,,,,1251,1337,,reorg_or_tip_change,,,1337,1336,,,,IDLE,12930.713273894859,
,1337,,,1251,1337,,publish,1251,H,,,1336,,,IDLE,12930.713273894859,12930.713273894859
,1337,,,1251,1337,,mine_H_publish,,,,,,,,IDLE,12930.713273894859,
1251,,,,1251,1337,12959.446768705184,mine_A_start_withhold,,,,,,1338,,WITHHOLD,12955.727709516614,
,,,,1252,1338,,reorg_or_tip_change,,,1338,1337,,,,WITHHOLD,12959.446768705184,
,1338,,,1252,1338,,publish,1252,A,,,1337,,,WITHHOLD,12959.446768705184,12959.446768705184
,,,1338,1252,1338,,release_bn,,,,,,,,WITHHOLD,12959.446768705184,
,,,,1252,1338,,release_no_race,,,,,,,,WITHHOLD,12959.446768705184,
1252,,,,1252,1338,12975.79286256557,mine_A_start_withhold,,,,,,1339,,WITHHOLD,12972.073803377,
,,,,1253,1339,,reorg_or_tip_change,,,1339,1338,,,,WITHHOLD,12975.051916974242,
,1339,,,1253,1339,,publish,1253,A,,,1338,,,WITHHOLD,12975.051916974242,12975.051916974242
,,,,1254,1340,,reorg_or_tip_change,,,1340,1339,,,,WITHHOLD,12975.051916974242,
,1340,,,1254,1340,,publish,1254,A,,,1339,,,WITHHOLD,12975.051916974242,12975.051916974242
,,1340,1339,1254,1340,,mine_A_withhold_success,,,,,,,,WITHHOLD,12975.051916974242,
1254,,,,1254,1340,13001.6181269274,mine_A_start_withhold,,,,,,1341,,WITHHOLD,12997.89906773883,
,,,,1255,1341,,reorg_or_tip_change,,,1341,1340,,,,WITHHOLD,13001.6181269274,
,1341,,,1255,1341,,publish,1255,A,,,1340,,,WITHHOLD,13001.6181269274,13001.6181269274
,,,1341,1255,1341,,release_bn,,,,,,,,WITHHOLD,13001.6181269274,
,,,,1255,1341,,release_no_race,,,,,,,,WITHHOLD,13001.6181269274,
,,,,1256,1342,,reorg_or_tip_change,,,1342,1341,,,,IDLE,13009.226206422294,
,1342,,,1256,1342,,publish,1256,H,,,1341,,,IDLE,13009.226206422294,13009.226206422294
,1342,,,1256,1342,,mine_H_publish,,,,,,,,IDLE,13009.226206422294,
1256,,,,1256,1342,13031.313724918766,mine_A_start_withhold,,,,,,1343,,WITHHOLD,13027.594665730196,
,,,,1257,1343,,reorg_or_tip_change,,,1343,1342,,,,WITHHOLD,13031.313724918766,
,1343,,,1257,1343,,publish,1257,A,,,1342,,,WITHHOLD,13031.313724918766,13031.313724918766
,,,1343,1257,1343,,release_bn,,,,,,,,WITHHOLD,13031.313724918766,
,,,,1257,1343,,release_no_race,,,,,,,,WITHHOLD,13031.313724918766,
1257,,,,1257,1343,13047.140008089413,mine_A_start_withhold,,,,,,1344,,WITHHOLD,13043.420948900843,
,,,,1258,1344,,reorg_or_tip_change,,,1344,1343,,,,WITHHOLD,13047.140008089413,
,1344,,,1258,1344,,publish,1258,A,,,1343,,,WITHHOLD,13047.140008089413,13047.140008089413
,,,1344,1258,1344,,release_bn,,,,,,,,WITHHOLD,13047.140008089413,
,,,,1258,1344,,release_no_race,,,,,,,,WITHHOLD,13047.140008089413,
,,,,1259,1345,,reorg_or_tip_change,,,1345,1344,,,,IDLE,13048.8528924688,
,1345,,,1259,1345,,publish,1259,H,,,1344,,,IDLE,13048.8528924688,13048.8528924688
,1345,,,1259,1345,,mine_H_publish,,,,,,,,IDLE,13048.8528924688,
,,,,1260,1346,,reorg_or_tip_change,,,1346,1345,,,,IDLE,13055.86147925435,
,1346,,,1260,1346,,publish,1260,H,,,1345,,,IDLE,13055.86147925435,13055.86147925435
,1346,,,1260,1346,,mine_H_publish,,,,,,,,IDLE,13055.86147925435,
1260,,,,1260,1346,13067.497965533354,mine_A_start_withhold,,,,,,1347,,WITHHOLD,13063.778906344784,
,,,,1261,1347,,reorg_or_tip_change,,,1347,1346,,,,WITHHOLD,13067.497965533354,
,1347,,,1261,1347,,publish,1261,A,,,1346,,,WITHHOLD,13067.497965533354,13067.497965533354
,,,1347,1261,1347,,release_bn,,,,,,,,WITHHOLD,13067.497965533354,
,,,,1261,1347,,release_no_race,,,,,,,,WITHHOLD,13067.497965533354,
1261,,,,1261,1347,13079.949493172271,mine_A_start_withhold,,,,,,1348,,WITHHOLD,13076.230433983701,
,,,,1262,1348,,reorg_or_tip_change,,,1348,1347,,,,WITHHOLD,13079.949493172271,
,1348,,,1262,1348,,publish,1262,A,,,1347,,,WITHHOLD,13079.949493172271,13079.949493172271
,,,1348,1262,1348,,release_bn,,,,,,,,WITHHOLD,13079.949493172271,
,,,,1262,1348,,release_no_race,,,,,,,,WITHHOLD,13079.949493172271,
,,,,1263,1349,,reorg_or_tip_change,,,1349,1348,,,,IDLE,13095.605467678577,
,1349,,,1263,1349,,publish,1263,H,,,1348,,,IDLE,13095.605467678577,13095.605467678577
,1349,,,1263,1349,,mine_H_publish,,,,,,,,IDLE,13095.605467678577,
1263,,,,1263,1349,13161.276869834885,mine_A_start_withhold,,,,,,1350,,WITHHOLD,13157.557810646314,
,,,,1264,1350,,reorg_or_tip_change,,,1350,1349,,,,WITHHOLD,13161.276869834885,
,1350,,,1264,1350,,publish,1264,A,,,1349,,,WITHHOLD,13161.276869834885,13161.276869834885
,,,1350,1264,1350,,release_bn,,,,,,,,WITHHOLD,13161.276869834885,
,,,,1264,1350,,release_no_race,,,,,,,,WITHHOLD,13161.276869834885,
1264,,,,1264,1350,13169.205368335553,mine_A_start_withhold,,,,,,1351,,WITHHOLD,13165.486309146983,
,,,,1265,1351,,reorg_or_tip_change,,,1351,1350,,,,WITHHOLD,13169.205368335553,
,1351,,,1265,1351,,publish,1265,A,,,1350,,,WITHHOLD,13169.205368335553,13169.205368335553
,,,1351,1265,1351,,release_bn,,,,,,,,WITHHOLD,13169.205368335553,
,,,,1265,1351,,release_no_race,,,,,,,,WITHHOLD,13169.205368335553,
,,,,1266,1352,,reorg_or_tip_change,,,1352,1351,,,,IDLE,13169.450592097228,
,1352,,,1266,1352,,publish,1266,H,,,1351,,,IDLE,13169.450592097228,13169.450592097228
,1352,,,1266,1352,,mine_H_publish,,,,,,,,IDLE,13169.450592097228,
1266,,,,1266,1352,13182.858027222224,mine_A_start_withhold,,,,,,1353,,WITHHOLD,13179.138968033654,
,,,,1267,1353,,reorg_or_tip_change,,,1353,1352,,,,WITHHOLD,13182.858027222224,
,1353,,,1267,1353,,publish,1267,A,,,1352,,,WITHHOLD,13182.858027222224,13182.858027222224
,,,1353,1267,1353,,release_bn,,,,,,,,WITHHOLD,13182.858027222224,
,,,,1267,1353,,release_no_race,,,,,,,,WITHHOLD,13182.858027222224,
1267,,,,1267,1353,13193.51805140775,mine_A_start_withhold,,,,,,1354,,WITHHOLD,13189.79899221918,
,,,,1268,1354,,reorg_or_tip_change,,,1354,1353,,,,WITHHOLD,13193.51805140775,
,1354,,,1268,1354,,publish,1268,A,,,1353,,,WITHHOLD,13193.51805140775,13193.51805140775
,,,1354,1268,1354,,release_bn,,,,,,,,WITHHOLD,13193.51805140775,
,,,,1268,1354,,release_no_race,,,,,,,,WITHHOLD,13193.51805140775,
1268,,,,1268,1354,13211.233792873012,mine_A_start_withhold,,,,,,1355,,WITHHOLD,13207.514733684442,
,,,,1269,1355,,reorg_or_tip_change,,,1355,1354,,,,WITHHOLD,13208.199607524824,
,1355,,,1269,1355,,publish,1269,A,,,1354,,,WITHHOLD,13208.199607524824,13208.199607524824
,,,,1270,1356,,reorg_or_tip_change,,,1356,1355,,,,WITHHOLD,13208.199607524824,
,1356,,,1270,1356,,publish,1270,A,,,1355,,,WITHHOLD,13208.199607524824,13208.199607524824
,,1356,1355,1270,1356,,mine_A_withhold_success,,,,,,,,WITHHOLD,13208.199607524824,
1270,,,,1270,1356,13227.57472631744,mine_A_start_withhold,,,,,,1357,,WITHHOLD,13223.85566712887,
,,,,1271,1357,,reorg_or_tip_change,,,1357,1356,,,,WITHHOLD,13226.349602806942,
,1357,,,1271,1357,,publish,1271,A,,,1356,,,WITHHOLD,13226.349602806942,13226.349602806942
,,,,1272,1358,,reorg_or_tip_change,,,1358,1357,,,,WITHHOLD,13226.349602806942,
,1358,,,1272,1358,,publish,1272,A,,,1357,,,WITHHOLD,13226.349602806942,13226.349602806942
,,1358,1357,1272,1358,,mine_A_withhold_success,,,,,,,,WITHHOLD,13226.349602806942,
,,,,1273,1359,,reorg_or_tip_change,,,1359,1358,,,,IDLE,13233.331665510836,
,1359,,,1273,1359,,publish,1273,H,,,1358,,,IDLE,13233.331665510836,13233.331665510836
,1359,,,1273,1359,,mine_H_publish,,,,,,,,IDLE,13233.331665510836,
1273,,,,1273,1359,13256.434602615376,mine_A_start_withhold,,,,,,1360,,WITHHOLD,13252.715543426806,
,,,,1274,1360,,reorg_or_tip_change,,,1360,1359,,,,WITHHOLD,13255.75772225219,
,1360,,,1274,1360,,publish,1274,A,,,1359,,,WITHHOLD,13255.75772225219,13255.75772225219
,,,,1275,1361,,reorg_or_tip_change,,,1361,1360,,,,WITHHOLD,13255.75772225219,
,1361,,,1275,1361,,publish,1275,A,,,1360,,,WITHHOLD,13255.75772225219,13255.75772225219
,,1361,1360,1275,1361,,mine_A_withhold_success,,,,,,,,WITHHOLD,13255.75772225219,
1275,,,,1275,1361,13260.388391779323,mine_A_start_withhold,,,,,,1362,,WITHHOLD,13256.669332590753,
,,,,1276,1362,,reorg_or_tip_change,,,1362,1361,,,,WITHHOLD,13260.388391779323,
,1362,,,1276,1362,,publish,1276,A,,,1361,,,WITHHOLD,13260.388391779323,13260.388391779323
,,,1362,1276,1362,,release_bn,,,,,,,,WITHHOLD,13260.388391779323,
,,,,1276,1362,,release_no_race,,,,,,,,WITHHOLD,13260.388391779323,
1276,,,,1276,1362,13295.179549135715,mine_A_start_withhold,,,,,,1363,,WITHHOLD,13291.460489947145,
,,,,1277,1363,,reorg_or_tip_change,,,1363,1362,,,,WITHHOLD,13295.179549135715,
,1363,,,1277,1363,,publish,1277,A,,,1362,,,WITHHOLD,13295.179549135715,13295.179549135715
,,,1363,1277,1363,,release_bn,,,,,,,,WITHHOLD,13295.179549135715,
,,,,1277,1363,,release_no_race,,,,,,,,WITHHOLD,13295.179549135715,
1277,,,,1277,1363,13324.078333322286,mine_A_start_withhold,,,,,,1364,,WITHHOLD,13320.359274133716,
,,,,1278,1364,,reorg_or_tip_change,,,1364,1363,,,,WITHHOLD,13324.078333322286,
,1364,,,1278,1364,,publish,1278,A,,,1363,,,WITHHOLD,13324.078333322286,13324.078333322286
,,,1364,1278,1364,,release_bn,,,,,,,,WITHHOLD,13324.078333322286,
,,,,1278,1364,,release_no_race,,,,,,,,WITHHOLD,13324.078333322286,
,,,,1279,1365,,reorg_or_tip_change,,,1365,1364,,,,IDLE,13326.141404969261,
,1365,,,1279,1365,,publish,1279,H,,,1364,,,IDLE,13326.141404969261,13326.141404969261
,1365,,,1279,1365,,mine_H_publish,,,,,,,,IDLE,13326.141404969261,
,,,,1280,1366,,reorg_or_tip_change,,,1366,1365,,,,IDLE,13327.519034933159,
,1366,,,1280,1366,,publish,1280,H,,,1365,,,IDLE,13327.519034933159,13327.519034933159
,1366,,,1280,1366,,mine_H_publish,,,,,,,,IDLE,13327.519034933159,
1280,,,,1280,1366,13336.919075866615,mine_A_start_withhold,,,,,,1367,,WITHHOLD,13333.200016678045,
,,,,1281,1367,,reorg_or_tip_change,,,1367,1366,,,,WITHHOLD,13336.644781567578,
,1367,,,1281,1367,,publish,1281,A,,,1366,,,WITHHOLD,13336.644781567578,13336.644781567578
,,,,1282,1368,,reorg_or_tip_change,,,1368,1367,,,,WITHHOLD,13336.644781567578,
,1368,,,1282,1368,,publish,1282,A,,,1367,,,WITHHOLD,13336.644781567578,13336.644781567578
,,1368,1367,1282,1368,,mine_A_withhold_success,,,,,,,,WITHHOLD,13336.644781567578,
1282,,,,1282,1368,13356.98022567335,mine_A_start_withhold,,,,,,1369,,WITHHOLD,13353.26116648478,
,,,,1283,1370,,reorg_or_tip_change,,,1370,1368,,,,WITHHOLD,13354.751823193044,
,1370,,,1283,1370,,publish,1283,H,,,1368,,,WITHHOLD,13354.751823193044,13354.751823193044
,1370,,,1283,1370,,mine_H_publish,,,,,,,,WITHHOLD,13354.751823193044,
,1369,,,1283,1370,,publish,1283,A,,,1368,,,WITHHOLD,13356.648032494439,13356.648032494439
,,,,1284,1371,,reorg_or_tip_change,,,1371,1370,,,,WITHHOLD,13356.648032494439,
,1371,,,1284,1371,,publish,1284,A,,,1369,,,WITHHOLD,13356.648032494439,13356.648032494439
,,1371,1369,1284,1371,,mine_A_withhold_success,,,,,,,,WITHHOLD,13356.648032494439,
,,,,1285,1372,,reorg_or_tip_change,,,1372,1371,,,,IDLE,13368.960645038856,
,1372,,,1285,1372,,publish,1285,H,,,1371,,,IDLE,13368.960645038856,13368.960645038856
,1372,,,1285,1372,,mine_H_publish,,,,,,,,IDLE,13368.960645038856,
,,,,1286,1373,,reorg_or_tip_change,,,1373,1372,,,,IDLE,13372.727862460733,
,1373,,,1286,1373,,publish,1286,H,,,1372,,,IDLE,13372.727862460733,13372.727862460733
,1373,,,1286,1373,,mine_H_publish,,,,,,,,IDLE,13372.727862460733,
1286,,,,1286,1373,13382.70826699325,mine_A_start_withhold,,,,,,1374,,WITHHOLD,13378.98920780468,
,,,,1287,1374,,reorg_or_tip_change,,,1374,1373,,,,WITHHOLD,13382.70826699325,
,1374,,,1287,1374,,publish,1287,A,,,1373,,,WITHHOLD,13382.70826699325,13382.70826699325
,,,1374,1287,1374,,release_bn,,,,,,,,WITHHOLD,13382.70826699325,
,,,,1287,1374,,release_no_race,,,,,,,,WITHHOLD,13382.70826699325,
1287,,,,1287,1374,13401.008899854627,mine_A_start_withhold,,,,,,1375,,WITHHOLD,13397.289840666057,
,,,,1288,1375,,reorg_or_tip_change,,,1375,1374,,,,WITHHOLD,13400.526492513733,
,1375,,,1288,1375,,publish,1288,A,,,1374,,,WITHHOLD,13400.526492513733,13400.526492513733
,,,,1289,1376,,reorg_or_tip_change,,,1376,1375,,,,WITHHOLD,13400.526492513733,
,1376,,,1289,1376,,publish,1289,A,,,1375,,,WITHHOLD,13400.526492513733,13400.526492513733
,,1376,1375,1289,1376,,mine_A_withhold_success,,,,,,,,WITHHOLD,13400.526492513733,
1289,,,,1289,1376,13405.474952162898,mine_A_start_withhold,,,,,,1377,,WITHHOLD,13401.755892974328,
,,,,1290,1377,,reorg_or_tip_change,,,1377,1376,,,,WITHHOLD,13405.474952162898,
,1377,,,1290,1377,,publish,1290,A,,,1376,,,WITHHOLD,13405.474952162898,13405.474952162898
,,,1377,1290,1377,,release_bn,,,,,,,,WITHHOLD,13405.474952162898,
,,,,1290,1377,,release_no_race,,,,,,,,WITHHOLD,13405.474952162898,
1290,,,,1290,1377,13409.61083265688,mine_A_start_withhold,,,,,,1378,,WITHHOLD,13405.89177346831,
,,,,1291,1378,,reorg_or_tip_change,,,1378,1377,,,,WITHHOLD,13409.61083265688,
,1378,,,1291,1378,,publish,1291,A,,,1377,,,WITHHOLD,13409.61083265688,13409.61083265688
,,,1378,1291,1378,,release_bn,,,,,,,,WITHHOLD,13409.61083265688,
,,,,1291,1378,,release_no_race,,,,,,,,WITHHOLD,13409.61083265688,
,,,,1292,1379,,reorg_or_tip_change,,,1379,1378,,,,IDLE,13416.785156639831,
,1379,,,1292,1379,,publish,1292,H,,,1378,,,IDLE,13416.785156639831,13416.785156639831
,1379,,,1292,1379,,mine_H_publish,,,,,,,,IDLE,13416.785156639831,
1292,,,,1292,1379,13422.571175808718,mine_A_start_withhold,,,,,,1380,,WITHHOLD,13418.852116620148,
,,,,1293,1380,,reorg_or_tip_change,,,1380,1379,,,,WITHHOLD,13422.571175808718,
,1380,,,1293,1380,,publish,1293,A,,,1379,,,WITHHOLD,13422.571175808718,13422.571175808718
,,,1380,1293,1380,,release_bn,,,,,,,,WITHHOLD,13422.571175808718,
,,,,1293,1380,,release_no_race,,,,,,,,WITHHOLD,13422.571175808718,
1293,,,,1293,1380,13430.731101550335,mine_A_start_withhold,,,,,,1381,,WITHHOLD,13427.012042361765,
,,,,1294,1381,,reorg_or_tip_change,,,1381,1380,,,,WITHHOLD,13430.731101550335,
,1381,,,1294,1381,,publish,1294,A,,,1380,,,WITHHOLD,13430.731101550335,13430.731101550335
,,,1381,1294,1381,,release_bn,,,,,,,,WITHHOLD,13430.731101550335,
,,,,1294,1381,,release_no_race,,,,,,,,WITHHOLD,13430.731101550335,
1294,,,,1294,1381,13445.39225820877,mine_A_start_withhold,,,,,,1382,,WITHHOLD,13441.6731990202,
,,,,1295,1382,,reorg_or_tip_change,,,1382,1381,,,,WITHHOLD,13445.39225820877,
,1382,,,1295,1382,,publish,1295,A,,,1381,,,WITHHOLD,13445.39225820877,13445.39225820877
,,,1382,1295,1382,,release_bn,,,,,,,,WITHHOLD,13445.39225820877,
,,,,1295,1382,,release_no_race,,,,,,,,WITHHOLD,13445.39225820877,
1295,,,,1295,1382,13459.903124104627,mine_A_start_withhold,,,,,,1383,,WITHHOLD,13456.184064916057,
,,,,1296,1384,,reorg_or_tip_change,,,1384,1382,,,,WITHHOLD,13459.863354831936,
,1384,,,1296,1384,,publish,1296,H,,,1382,,,WITHHOLD,13459.863354831936,13459.863354831936
,1384,,,1296,1384,,mine_H_publish,,,,,,,,WITHHOLD,13459.863354831936,
,1383,,,1296,1384,,publish,1296,A,,,1382,,,WITHHOLD,13459.903124104627,13459.903124104627
,,,1383,1296,1384,,release_bn,,,,,,,,WITHHOLD,13459.903124104627,
,,,,1296,1384,,release_enter_race,,,,,,,1383,RACE,13459.903124104627,
,,,,1297,1385,,reorg_or_tip_change,,,1385,1384,,,,RACE,13460.16496625881,
,1385,,,1297,1385,,publish,1297,H,,,1384,,,RACE,13460.16496625881,13460.16496625881
,1385,,,1297,1385,,mine_H_publish,,,,,,,,RACE,13460.16496625881,
,,,,1297,1385,,race_lost,,,,,,,,RACE,13460.16496625881,
,,,,1298,1386,,reorg_or_tip_change,,,1386,1385,,,,IDLE,13466.370649279674,
,1386,,,1298,1386,,publish,1298,H,,,1385,,,IDLE,13466.370649279674,13466.370649279674
,1386,,,1298,1386,,mine_H_publish,,,,,,,,IDLE,13466.370649279674,
1298,,,,1298,1386,13479.348686039595,mine_A_start_withhold,,,,,,1387,,WITHHOLD,13475.629626851025,
,,,,1299,1387,,reorg_or_tip_change,,,1387,1386,,,,WITHHOLD,13479.348686039595,
,1387,,,1299,1387,,publish,1299,A,,,1386,,,WITHHOLD,13479.348686039595,13479.348686039595
,,,1387,1299,1387,,release_bn,,,,,,,,WITHHOLD,13479.348686039595,
,,,,1299,1387,,release_no_race,,,,,,,,WITHHOLD,13479.348686039595,
1299,,,,1299,1387,13502.403340357892,mine_A_start_withhold,,,,,,1388,,WITHHOLD,13498.684281169322,
,,,,1300,1388,,reorg_or_tip_change,,,1388,1387,,,,WITHHOLD,13499.225563024174,
,1388,,,1300,1388,,publish,1300,A,,,1387,,,WITHHOLD,13499.225563024174,13499.225563024174
,,,,1301,1389,,reorg_or_tip_change,,,1389,1388,,,,WITHHOLD,13499.225563024174,
,1389,,,1301,1389,,publish,1301,A,,,1388,,,WITHHOLD,13499.225563024174,13499.225563024174
,,1389,1388,1301,1389,,mine_A_withhold_success,,,,,,,,WITHHOLD,13499.225563024174,
1301,,,,1301,1389,13510.943807708165,mine_A_start_withhold,,,,,,1390,,WITHHOLD,13507.224748519595,
,,,,1302,1390,,reorg_or_tip_change,,,1390,1389,,,,WITHHOLD,13510.943807708165,
,1390,,,1302,1390,,publish,1302,A,,,1389,,,WITHHOLD,13510.943807708165,13510.943807708165
,,,1390,1302,1390,,release_bn,,,,,,,,WITHHOLD,13510.943807708165,
,,,,1302,1390,,release_no_race,,,,,,,,WITHHOLD,13510.943807708165,
1302,,,,1302,1390,13534.691301235365,mine_A_start_withhold,,,,,,1391,,WITHHOLD,13530.972242046795,
,,,,1303,1391,,reorg_or_tip_change,,,1391,1390,,,,WITHHOLD,13534.691301235365,
,1391,,,1303,1391,,publish,1303,A,,,1390,,,WITHHOLD,13534.691301235365,13534.691301235365
,,,1391,1303,1391,,release_bn,,,,,,,,WITHHOLD,13534.691301235365,
,,,,1303,1391,,release_no_race,,,,,,,,WITHHOLD,13534.691301235365,
,,,,1304,1392,,reorg_or_tip_change,,,1392,1391,,,,IDLE,13560.059362135346,
,1392,,,1304,1392,,publish,1304,H,,,1391,,,IDLE,13560.059362135346,13560.059362135346
,1392,,,1304,1392,,mine_H_publish,,,,,,,,IDLE,13560.059362135346,
,,,,1305,1393,,reorg_or_tip_change,,,1393,1392,,,,IDLE,13560.965930114604,
,1393,,,1305,1393,,publish,1305,H,,,1392,,,IDLE,13560.965930114604,13560.965930114604
,1393,,,1305,1393,,mine_H_publish,,,,,,,,IDLE,13560.965930114604,
,,,,1306,1394,,reorg_or_tip_change,,,1394,1393,,,,IDLE,13562.575085949393,
,1394,,,1306,1394,,publish,1306,H,,,1393,,,IDLE,13562.575085949393,13562.575085949393
,1394,,,1306,1394,,mine_H_publish,,,,,,,,IDLE,13562.575085949393,
,,,,1307,1395,,reorg_or_tip_change,,,1395,1394,,,,IDLE,13565.723466351848,
,1395,,,1307,1395,,publish,1307,H,,,1394,,,IDLE,13565.723466351848,13565.723466351848
,1395,,,1307,1395,,mine_H_publish,,,,,,,,IDLE,13565.723466351848,
,,,,1308,1396,,reorg_or_tip_change,,,1396,1395,,,,IDLE,13574.355001669679,
,1396,,,1308,1396,,publish,1308,H,,,1395,,,IDLE,13574.355001669679,13574.355001669679
,1396,,,1308,1396,,mine_H_publish,,,,,,,,IDLE,13574.355001669679,
,,,,1309,1397,,reorg_or_tip_change,,,1397,1396,,,,IDLE,13583.025043955091,
,1397,,,1309,1397,,publish,1309,H,,,1396,,,IDLE,13583.025043955091,13583.025043955091
,1397,,,1309,1397,,mine_H_publish,,,,,,,,IDLE,13583.025043955091,
,,,,1310,1398,,reorg_or_tip_change,,,1398,1397,,,,IDLE,13589.779367166595,
,1398,,,1310,1398,,publish,1310,H,,,1397,,,IDLE,13589.779367166595,13589.779367166595
,1398,,,1310,1398,,mine_H_publish,,,,,,,,IDLE,13589.779367166595,
,,,,1311,1399,,reorg_or_tip_change,,,1399,1398,,,,IDLE,13604.623696866342,
,1399,,,1311,1399,,publish,1311,H,,,1398,,,IDLE,13604.623696866342,13604.623696866342
,1399,,,1311,1399,,mine_H_publish,,,,,,,,IDLE,13604.623696866342,
1311,,,,1311,1399,13625.438120939729,mine_A_start_withhold,,,,,,1400,,WITHHOLD,13621.719061751159,
,,,,1312,1400,,reorg_or_tip_change,,,1400,1399,,,,WITHHOLD,13625.438120939729,
,1400,,,1312,1400,,publish,1312,A,,,1399,,,WITHHOLD,13625.438120939729,13625.438120939729
,,,1400,1312,1400,,release_bn,,,,,,,,WITHHOLD,13625.438120939729,
,,,,1312,1400,,release_no_race,,,,,,,,WITHHOLD,13625.438120939729,
1312,,,,1312,1400,13635.136554939803,mine_A_start_withhold,,,,,,1401,,WITHHOLD,13631.417495751233,
,,,,1313,1401,,reorg_or_tip_change,,,1401,1400,,,,WITHHOLD,13635.136554939803,
,1401,,,1313,1401,,publish,1313,A,,,1400,,,WITHHOLD,13635.136554939803,13635.136554939803
,,,1401,1313,1401,,release_bn,,,,,,,,WITHHOLD,13635.136554939803,
,,,,1313,1401,,release_no_race,,,,,,,,WITHHOLD,13635.136554939803,
1313,,,,1313,1401,13639.168062281786,mine_A_start_withhold,,,,,,1402,,WITHHOLD,13635.449003093216,
,,,,1314,1402,,reorg_or_tip_change,,,1402,1401,,,,WITHHOLD,13639.168062281786,
,1402,,,1314,1402,,publish,1314,A,,,1401,,,WITHHOLD,13639.168062281786,13639.168062281786
,,,1402,1314,1402,,release_bn,,,,,,,,WITHHOLD,13639.168062281786,
,,,,1314,1402,,release_no_race,,,,,,,,WITHHOLD,13639.168062281786,
1314,,,,1314,1402,13645.051094412063,mine_A_start_withhold,,,,,,1403,,WITHHOLD,13641.332035223493,
,,,,1315,1403,,reorg_or_tip_change,,,1403,1402,,,,WITHHOLD,13645.051094412063,
,1403,,,1315,1403,,publish,1315,A,,,1402,,,WITHHOLD,13645.051094412063,13645.051094412063
,,,1403,1315,1403,,release_bn,,,,,,,,WITHHOLD,13645.051094412063,
,,,,1315,1403,,release_no_race,,,,,,,,WITHHOLD,13645.051094412063,
1315,,,,1315,1403,13656.835834010632,mine_A_start_withhold,,,,,,1404,,WITHHOLD,13653.116774822061,
,,,,1316,1405,,reorg_or_tip_change,,,1405,1403,,,,WITHHOLD,13655.265236562305,
,1405,,,1316,1405,,publish,1316,H,,,1403,,,WITHHOLD,13655.265236562305,13655.265236562305
,1405,,,1316,1405,,mine_H_publish,,,,,,,,WITHHOLD,13655.265236562305,
,1404,,,1316,1405,,publish,1316,A,,,1403,,,WITHHOLD,13656.835834010632,13656.835834010632
,,,1404,1316,1405,,release_bn,,,,,,,,WITHHOLD,13656.835834010632,
,,,,1316,1405,,release_enter_race,,,,,,,1404,RACE,13656.835834010632,
,,,,1317,1406,,reorg_or_tip_change,,,1406,1405,,,,RACE,13667.901286934912,
,1406,,,1317,1406,,publish,1317,H,,,1405,,,RACE,13667.901286934912,13667.901286934912
,1406,,,1317,1406,,mine_H_publish,,,,,,,,RACE,13667.901286934912,
,,,,1317,1406,,race_lost,,,,,,,,RACE,13667.901286934912,
,,,,1318,1407,,reorg_or_tip_change,,,1407,1406,,,,IDLE,13674.972819395814,
,1407,,,1318,1407,,publish,1318,H,,,1406,,,IDLE,13674.972819395814,13674.972819395814
,1407,,,1318,1407,,mine_H_publish,,,,,,,,IDLE,13674.972819395814,
,,,,1319,1408,,reorg_or_tip_change,,,1408,1407,,,,IDLE,13682.906708164699,
,1408,,,1319,1408,,publish,1319,H,,,1407,,,IDLE,13682.906708164699,13682.906708164699
,1408,,,1319,1408,,mine_H_publish,,,,,,,,IDLE,13682.906708164699,
1319,,,,1319,1408,13700.172035879255,mine_A_start_withhold,,,,,,1409,,WITHHOLD,13696.452976690685,
,,,,1320,1409,,reorg_or_tip_change,,,1409,1408,,,,WITHHOLD,13700.172035879255,
,1409,,,1320,1409,,publish,1320,A,,,1408,,,WITHHOLD,13700.172035879255,13700.172035879255
,,,1409,1320,1409,,release_bn,,,,,,,,WITHHOLD,13700.172035879255,
,,,,1320,1409,,release_no_race,,,,,,,,WITHHOLD,13700.172035879255,
,,,,1321,1410,,reorg_or_tip_change,,,1410,1409,,,,IDLE,13704.748609335034,
,1410,,,1321,1410,,publish,1321,H,,,1409,,,IDLE,13704.748609335034,13704.748609335034
,1410,,,1321,1410,,mine_H_publish,,,,,,,,IDLE,13704.748609335034,
,,,,1322,1411,,reorg_or_tip_change,,,1411,1410,,,,IDLE,13709.054353290057,
,1411,,,1322,1411,,publish,1322,H,,,1410,,,IDLE,13709.054353290057,13709.054353290057
,1411,,,1322,1411,,mine_H_publish,,,,,,,,IDLE,13709.054353290057,
,,,,1323,1412,,reorg_or_tip_change,,,1412,1411,,,,IDLE,13711.847260176464,
,1412,,,1323,1412,,publish,1323,H,,,1411,,,IDLE,13711.847260176464,13711.847260176464
,1412,,,1323,1412,,mine_H_publish,,,,,,,,IDLE,13711.847260176464,
,,,,1324,1413,,reorg_or_tip_change,,,1413,1412,,,,IDLE,13724.385601033042,
,1413,,,1324,1413,,publish,1324,H,,,1412,,,IDLE,13724.385601033042,13724.385601033042
,1413,,,1324,1413,,mine_H_publish,,,,,,,,IDLE,13724.385601033042,
1324,,,,1324,1413,13732.146017867393,mine_A_start_withhold,,,,,,1414,,WITHHOLD,13728.426958678823,
,,,,1325,1414,,reorg_or_tip_change,,,1414,1413,,,,WITHHOLD,13732.146017867393,
,1414,,,1325,1414,,publish,1325,A,,,1413,,,WITHHOLD,13732.146017867393,13732.146017867393
,,,1414,1325,1414,,release_bn,,,,,,,,WITHHOLD,13732.146017867393,
,,,,1325,1414,,release_no_race,,,,,,,,WITHHOLD,13732.146017867393,
,,,,1326,1415,,reorg_or_tip_change,,,1415,1414,,,,IDLE,13733.861035046511,
,1415,,,1326,1415,,publish,1326,H,,,1414,,,IDLE,13733.861035046511,13733.861035046511
,1415,,,1326,1415,,mine_H_publish,,,,,,,,IDLE,13733.861035046511,
1326,,,,1326,1415,13751.386895026713,mine_A_start_withhold,,,,,,1416,,WITHHOLD,13747.667835838143,
,,,,1327,1416,,reorg_or_tip_change,,,1416,1415,,,,WITHHOLD,13751.386895026713,
,1416,,,1327,1416,,publish,1327,A,,,1415,,,WITHHOLD,13751.386895026713,13751.386895026713
,,,1416,1327,1416,,release_bn,,,,,,,,WITHHOLD,13751.386895026713,
,,,,1327,1416,,release_no_race,,,,,,,,WITHHOLD,13751.386895026713,
1327,,,,1327,1416,13755.99523507045,mine_A_start_withhold,,,,,,1417,,WITHHOLD,13752.27617588188,
,,,,1328,1417,,reorg_or_tip_change,,,1417,1416,,,,WITHHOLD,13755.99523507045,
,1417,,,1328,1417,,publish,1328,A,,,1416,,,WITHHOLD,13755.99523507045,13755.99523507045
,,,1417,1328,1417,,release_bn,,,,,,,,WITHHOLD,13755.99523507045,
,,,,1328,1417,,release_no_race,,,,,,,,WITHHOLD,13755.99523507045,
1328,,,,1328,1417,13762.729426578988,mine_A_start_withhold,,,,,,1418,,WITHHOLD,13759.010367390418,
,,,,1329,1418,,reorg_or_tip_change,,,1418,1417,,,,WITHHOLD,13762.729426578988,
,1418,,,1329,1418,,publish,1329,A,,,1417,,,WITHHOLD,13762.729426578988,13762.729426578988
,,,1418,1329,1418,,release_bn,,,,,,,,WITHHOLD,13762.729426578988,
,,,,1329,1418,,release_no_race,,,,,,,,WITHHOLD,13762.729426578988,
1329,,,,1329,1418,13782.020811234635,mine_A_start_withhold,,,,,,1419,,WITHHOLD,13778.301752046065,
,,,,1330,1419,,reorg_or_tip_change,,,1419,1418,,,,WITHHOLD,13782.020811234635,
,1419,,,1330,1419,,publish,1330,A,,,1418,,,WITHHOLD,13782.020811234635,13782.020811234635
,,,1419,1330,1419,,release_bn,,,,,,,,WITHHOLD,13782.020811234635,
,,,,1330,1419,,release_no_race,,,,,,,,WITHHOLD,13782.020811234635,
,,,,1331,1420,,reorg_or_tip_change,,,1420,1419,,,,IDLE,13792.693893977761,
,1420,,,1331,1420,,publish,1331,H,,,1419,,,IDLE,13792.693893977761,13792.693893977761
,1420,,,1331,1420,,mine_H_publish,,,,,,,,IDLE,13792.693893977761,
1331,,,,1331,1420,13796.960479303998,mine_A_start_withhold,,,,,,1421,,WITHHOLD,13793.241420115428,
,,,,1332,1421,,reorg_or_tip_change,,,1421,1420,,,,WITHHOLD,13796.960479303998,
,1421,,,1332,1421,,publish,1332,A,,,1420,,,WITHHOLD,13796.960479303998,13796.960479303998
,,,1421,1332,1421,,release_bn,,,,,,,,WITHHOLD,13796.960479303998,
,,,,1332,1421,,release_no_race,,,,,,,,WITHHOLD,13796.960479303998,
,,,,1333,1422,,reorg_or_tip_change,,,1422,1421,,,,IDLE,13803.3941501348,
,1422,,,1333,1422,,publish,1333,H,,,1421,,,IDLE,13803.3941501348,13803.3941501348
,1422,,,1333,1422,,mine_H_publish,,,,,,,,IDLE,13803.3941501348,
1333,,,,1333,1422,13810.1787110007,mine_A_start_withhold,,,,,,1423,,WITHHOLD,13806.45965181213,
,,,,1334,1423,,reorg_or_tip_change,,,1423,1422,,,,WITHHOLD,13810.1787110007,
,1423,,,1334,1423,,publish,1334,A,,,1422,,,WITHHOLD,13810.1787110007,13810.1787110007
,,,1423,1334,1423,,release_bn,,,,,,,,WITHHOLD,13810.1787110007,
,,,,1334,1423,,release_no_race,,,,,,,,WITHHOLD,13810.1787110007,
1334,,,,1334,1423,13816.418652139328,mine_A_start_withhold,,,,,,1424,,WITHHOLD,13812.699592950758,
,,,,1335,1424,,reorg_or_tip_change,,,1424,1423,,,,WITHHOLD,13814.430635009625,
,1424,,,1335,1424,,publish,1335,A,,,1423,,,WITHHOLD,13814.430635009625,13814.430635009625
,,,,1336,1425,,reorg_or_tip_change,,,1425,1424,,,,WITHHOLD,13814.430635009625,
,1425,,,1336,1425,,publish,1336,A,,,1424,,,WITHHOLD,13814.430635009625,13814.430635009625
,,1425,1424,1336,1425,,mine_A_withhold_success,,,,,,,,WITHHOLD,13814.430635009625,
1336,,,,1336,1425,13841.84787862235,mine_A_start_withhold,,,,,,1426,,WITHHOLD,13838.12881943378,
,,,,1337,1426,,reorg_or_tip_change,,,1426,1425,,,,WITHHOLD,13841.84787862235,
,1426,,,1337,1426,,publish,1337,A,,,1425,,,WITHHOLD,13841.84787862235,13841.84787862235
,,,1426,1337,1426,,release_bn,,,,,,,,WITHHOLD,13841.84787862235,
,,,,1337,1426,,release_no_race,,,,,,,,WITHHOLD,13841.84787862235,
,,,,1338,1427,,reorg_or_tip_change,,,1427,1426,,,,IDLE,13844.47852040416,
,1427,,,1338,1427,,publish,1338,H,,,1426,,,IDLE,13844.47852040416,13844.47852040416
,1427,,,1338,1427,,mine_H_publish,,,,,,,,IDLE,13844.47852040416,
1338,,,,1338,1427,13848.733548379307,mine_A_start_withhold,,,,,,1428,,WITHHOLD,13845.014489190737,
,,,,1339,1428,,reorg_or_tip_change,,,1428,1427,,,,WITHHOLD,13848.733548379307,
,1428,,,1339,1428,,publish,1339,A,,,1427,,,WITHHOLD,13848.733548379307,13848.733548379307
,,,1428,1339,1428,,release_bn,,,,,,,,WITHHOLD,13848.733548379307,
,,,,1339,1428,,release_no_race,,,,,,,,WITHHOLD,13848.733548379307,
1339,,,,1339,1428,13901.069768047884,mine_A_start_withhold,,,,,,1429,,WITHHOLD,13897.350708859314,
,,,,1340,1429,,reorg_or_tip_change,,,1429,1428,,,,WITHHOLD,13901.069768047884,
,1429,,,1340,1429,,publish,1340,A,,,1428,,,WITHHOLD,13901.069768047884,13901.069768047884
,,,1429,1340,1429,,release_bn,,,,,,,,WITHHOLD,13901.069768047884,
,,,,1340,1429,,release_no_race,,,,,,,,WITHHOLD,13901.069768047884,
,,,,1341,1430,,reorg_or_tip_change,,,1430,1429,,,,IDLE,13901.803047172578,
,1430,,,1341,1430,,publish,1341,H,,,1429,,,IDLE,13901.803047172578,13901.803047172578
,1430,,,1341,1430,,mine_H_publish,,,,,,,,IDLE,13901.803047172578,
1341,,,,1341,1430,13906.270261307425,mine_A_start_withhold,,,,,,1431,,WITHHOLD,13902.551202118855,
,,,,1342,1431,,reorg_or_tip_change,,,1431,1430,,,,WITHHOLD,13903.457071767996,
,1431,,,1342,1431,,publish,1342,A,,,1430,,,WITHHOLD,13903.457071767996,13903.457071767996
,,,,1343,1432,,reorg_or_tip_change,,,1432,1431,,,,WITHHOLD,13903.457071767996,
,1432,,,1343,1432,,publish,1343,A,,,1431,,,WITHHOLD,13903.457071767996,13903.457071767996
,,1432,1431,1343,1432,,mine_A_withhold_success,,,,,,,,WITHHOLD,13903.457071767996,
1343,,,,1343,1432,13917.584683273324,mine_A_start_withhold,,,,,,1433,,WITHHOLD,13913.865624084754,
,,,,1344,1433,,reorg_or_tip_change,,,1433,1432,,,,WITHHOLD,13917.584683273324,
,1433,,,1344,1433,,publish,1344,A,,,1432,,,WITHHOLD,13917.584683273324,13917.584683273324
,,,1433,1344,1433,,release_bn,,,,,,,,WITHHOLD,13917.584683273324,
,,,,1344,1433,,release_no_race,,,,,,,,WITHHOLD,13917.584683273324,
1344,,,,1344,1433,13929.267149928575,mine_A_start_withhold,,,,,,1434,,WITHHOLD,13925.548090740005,
,,,,1345,1434,,reorg_or_tip_change,,,1434,1433,,,,WITHHOLD,13929.267149928575,
,1434,,,1345,1434,,publish,1345,A,,,1433,,,WITHHOLD,13929.267149928575,13929.267149928575
,,,1434,1345,1434,,release_bn,,,,,,,,WITHHOLD,13929.267149928575,
,,,,1345,1434,,release_no_race,,,,,,,,WITHHOLD,13929.267149928575,
1345,,,,1345,1434,13934.497717025504,mine_A_start_withhold,,,,,,1435,,WITHHOLD,13930.778657836934,
,,,,1346,1435,,reorg_or_tip_change,,,1435,1434,,,,WITHHOLD,13934.497717025504,
,1435,,,1346,1435,,publish,1346,A,,,1434,,,WITHHOLD,13934.497717025504,13934.497717025504
,,,1435,1346,1435,,release_bn,,,,,,,,WITHHOLD,13934.497717025504,
,,,,1346,1435,,release_no_race,,,,,,,,WITHHOLD,13934.497717025504,
,,,,1347,1436,,reorg_or_tip_change,,,1436,1435,,,,IDLE,13965.783393786829,
,1436,,,1347,1436,,publish,1347,H,,,1435,,,IDLE,13965.783393786829,13965.783393786829
,1436,,,1347,1436,,mine_H_publish,,,,,,,,IDLE,13965.783393786829,
,,,,1348,1437,,reorg_or_tip_change,,,1437,1436,,,,IDLE,13975.15236271671,
,1437,,,1348,1437,,publish,1348,H,,,1436,,,IDLE,13975.15236271671,13975.15236271671
,1437,,,1348,1437,,mine_H_publish,,,,,,,,IDLE,13975.15236271671,
1348,,,,1348,1437,13982.74064592102,mine_A_start_withhold,,,,,,1438,,WITHHOLD,13979.02158673245,
,,,,1349,1438,,reorg_or_tip_change,,,1438,1437,,,,WITHHOLD,13982.74064592102,
,1438,,,1349,1438,,publish,1349,A,,,1437,,,WITHHOLD,13982.74064592102,13982.74064592102
,,,1438,1349,1438,,release_bn,,,,,,,,WITHHOLD,13982.74064592102,
,,,,1349,1438,,release_no_race,,,,,,,,WITHHOLD,13982.74064592102,
1349,,,,1349,1438,13988.681490366813,mine_A_start_withhold,,,,,,1439,,WITHHOLD,13984.962431178243,
,,,,1350,1439,,reorg_or_tip_change,,,1439,1438,,,,WITHHOLD,13985.87928186715,
,1439,,,1350,1439,,publish,1350,A,,,1438,,,WITHHOLD,13985.87928186715,13985.87928186715
,,,,1351,1440,,reorg_or_tip_change,,,1440,1439,,,,WITHHOLD,13985.87928186715,
,1440,,,1351,1440,,publish,1351,A,,,1439,,,WITHHOLD,13985.87928186715,13985.87928186715
,,1440,1439,1351,1440,,mine_A_withhold_success,,,,,,,,WITHHOLD,13985.87928186715,
,,,,1352,1441,,reorg_or_tip_change,,,1441,1440,,,,IDLE,14008.22196208525,
,1441,,,1352,1441,,publish,1352,H,,,1440,,,IDLE,14008.22196208525,14008.22196208525
,1441,,,1352,1441,,mine_H_publish,,,,,,,,IDLE,14008.22196208525,
1352,,,,1352,1441,14012.106513505816,mine_A_start_withhold,,,,,,1442,,WITHHOLD,14008.387454317246,
,,,,1353,1442,,reorg_or_tip_change,,,1442,1441,,,,WITHHOLD,14010.73811807752,
,1442,,,1353,1442,,publish,1353,A,,,1441,,,WITHHOLD,14010.73811807752,14010.73811807752
,,,,1354,1443,,reorg_or_tip_change,,,1443,1442,,,,WITHHOLD,14010.73811807752,
,1443,,,1354,1443,,publish,1354,A,,,1442,,,WITHHOLD,14010.73811807752,14010.73811807752
,,1443,1442,1354,1443,,mine_A_withhold_success,,,,,,,,WITHHOLD,14010.73811807752,
1354,,,,1354,1443,14046.191361079918,mine_A_start_withhold,,,,,,1444,,WITHHOLD,14042.472301891348,
,,,,1355,1444,,reorg_or_tip_change,,,1444,1443,,,,WITHHOLD,14043.103858574059,
,1444,,,1355,1444,,publish,1355,A,,,1443,,,WITHHOLD,14043.103858574059,14043.103858574059
,,,,1356,1445,,reorg_or_tip_change,,,1445,1444,,,,WITHHOLD,14043.103858574059,
,1445,,,1356,1445,,publish,1356,A,,,1444,,,WITHHOLD,14043.103858574059,14043.103858574059
,,1445,1444,1356,1445,,mine_A_withhold_success,,,,,,,,WITHHOLD,14043.103858574059,
1356,,,,1356,1445,14047.454672247395,mine_A_start_withhold,,,,,,1446,,WITHHOLD,14043.735613058825,
,,,,1357,1446,,reorg_or_tip_change,,,1446,1445,,,,WITHHOLD,14047.454672247395,
,1446,,,1357,1446,,publish,1357,A,,,1445,,,WITHHOLD,14047.454672247395,14047.454672247395
,,,1446,1357,1446,,release_bn,,,,,,,,WITHHOLD,14047.454672247395,
,,,,1357,1446,,release_no_race,,,,,,,,WITHHOLD,14047.454672247395,
1357,,,,1357,1446,14057.979169716202,mine_A_start_withhold,,,,,,1447,,WITHHOLD,14054.260110527632,
,,,,1358,1448,,reorg_or_tip_change,,,1448,1446,,,,WITHHOLD,14054.26461646265,
,1448,,,1358,1448,,publish,1358,H,,,1446,,,WITHHOLD,14054.26461646265,14054.26461646265
,1448,,,1358,1448,,mine_H_publish,,,,,,,,WITHHOLD,14054.26461646265,
,1447,,,1358,1448,,publish,1358,A,,,1446,,,WITHHOLD,14057.979169716202,14057.979169716202
,,,1447,1358,1448,,release_bn,,,,,,,,WITHHOLD,14057.979169716202,
,,,,1358,1448,,release_enter_race,,,,,,,1447,RACE,14057.979169716202,
,,,,1359,1449,,reorg_or_tip_change,,,1449,1448,,,,RACE,14086.08387669035,
,1449,,,1359,1449,,publish,1359,A,,,1447,,,RACE,14086.08387669035,14086.08387669035
,1449,,,1359,1449,,mine_A_race_success,,,,,,,,RACE,14086.08387669035,
,,,,1360,1450,,reorg_or_tip_change,,,1450,1449,,,,IDLE,14094.347464910785,
,1450,,,1360,1450,,publish,1360,H,,,1449,,,IDLE,14094.347464910785,14094.347464910785
,1450,,,1360,1450,,mine_H_publish,,,,,,,,IDLE,14094.347464910785,
,,,,1361,1451,,reorg_or_tip_change,,,1451,1450,,,,IDLE,14114.598586857937,
,1451,,,1361,1451,,publish,1361,H,,,1450,,,IDLE,14114.598586857937,14114.598586857937
,1451,,,1361,1451,,mine_H_publish,,,,,,,,IDLE,14114.598586857937,
,,,,1362,1452,,reorg_or_tip_change,,,1452,1451,,,,IDLE,14121.18300987034,
,1452,,,1362,1452,,publish,1362,H,,,1451,,,IDLE,14121.18300987034,14121.18300987034
,1452,,,1362,1452,,mine_H_publish,,,,,,,,IDLE,14121.18300987034,
1362,,,,1362,1452,14154.913497649439,mine_A_start_withhold,,,,,,1453,,WITHHOLD,14151.194438460869,
,,,,1363,1453,,reorg_or_tip_change,,,1453,1452,,,,WITHHOLD,14154.913497649439,
,1453,,,1363,1453,,publish,1363,A,,,1452,,,WITHHOLD,14154.913497649439,14154.913497649439
,,,1453,1363,1453,,release_bn,,,,,,,,WITHHOLD,14154.913497649439,
,,,,1363,1453,,release_no_race,,,,,,,,WITHHOLD,14154.913497649439,
1363,,,,1363,1453,14163.364311999014,mine_A_start_withhold,,,,,,1454,,WITHHOLD,14159.645252810444,
,,,,1364,1454,,reorg_or_tip_change,,,1454,1453,,,,WITHHOLD,14163.364311999014,
,1454,,,1364,1454,,publish,1364,A,,,1453,,,WITHHOLD,14163.364311999014,14163.364311999014
,,,1454,1364,1454,,release_bn,,,,,,,,WITHHOLD,14163.364311999014,
,,,,1364,1454,,release_no_race,,,,,,,,WITHHOLD,14163.364311999014,
,,,,1365,1455,,reorg_or_tip_change,,,1455,1454,,,,IDLE,14163.805534301604,
,1455,,,1365,1455,,publish,1365,H,,,1454,,,IDLE,14163.805534301604,14163.805534301604
,1455,,,1365,1455,,mine_H_publish,,,,,,,,IDLE,14163.805534301604,
1365,,,,1365,1455,14179.362237685975,mine_A_start_withhold,,,,,,1456,,WITHHOLD,14175.643178497405,
,,,,1366,1456,,reorg_or_tip_change,,,1456,1455,,,,WITHHOLD,14179.362237685975,
,1456,,,1366,1456,,publish,1366,A,,,1455,,,WITHHOLD,14179.362237685975,14179.362237685975
,,,1456,1366,1456,,release_bn,,,,,,,,WITHHOLD,14179.362237685975,
,,,,1366,1456,,release_no_race,,,,,,,,WITHHOLD,14179.362237685975,
,,,,1367,1457,,reorg_or_tip_change,,,1457,1456,,,,IDLE,14209.199207581227,
,1457,,,1367,1457,,publish,1367,H,,,1456,,,IDLE,14209.199207581227,14209.199207581227
,1457,,,1367,1457,,mine_H_publish,,,,,,,,IDLE,14209.199207581227,
,,,,1368,1458,,reorg_or_tip_change,,,1458,1457,,,,IDLE,14212.200591458834,
,1458,,,1368,1458,,publish,1368,H,,,1457,,,IDLE,14212.200591458834,14212.200591458834
,1458,,,1368,1458,,mine_H_publish,,,,,,,,IDLE,14212.200591458834,
,,,,1369,1459,,reorg_or_tip_change,,,1459,1458,,,,IDLE,14222.101097354978,
,1459,,,1369,1459,,publish,1369,H,,,1458,,,IDLE,14222.101097354978,14222.101097354978
,1459,,,1369,1459,,mine_H_publish,,,,,,,,IDLE,14222.101097354978,
1369,,,,1369,1459,14226.317006784408,mine_A_start_withhold,,,,,,1460,,WITHHOLD,14222.597947595837,
,,,,1370,1460,,reorg_or_tip_change,,,1460,1459,,,,WITHHOLD,14226.317006784408,
,1460,,,1370,1460,,publish,1370,A,,,1459,,,WITHHOLD,14226.317006784408,14226.317006784408
,,,1460,1370,1460,,release_bn,,,,,,,,WITHHOLD,14226.317006784408,
,,,,1370,1460,,release_no_race,,,,,,,,WITHHOLD,14226.317006784408,
1370,,,,1370,1460,14241.801692011084,mine_A_start_withhold,,,,,,1461,,WITHHOLD,14238.082632822514,
,,,,1371,1461,,reorg_or_tip_change,,,1461,1460,,,,WITHHOLD,14241.801692011084,
,1461,,,1371,1461,,publish,1371,A,,,1460,,,WITHHOLD,14241.801692011084,14241.801692011084
,,,1461,1371,1461,,release_bn,,,,,,,,WITHHOLD,14241.801692011084,
,,,,1371,1461,,release_no_race,,,,,,,,WITHHOLD,14241.801692011084,
,,,,1372,1462,,reorg_or_tip_change,,,1462,1461,,,,IDLE,14245.711441905214,
,1462,,,1372,1462,,publish,1372,H,,,1461,,,IDLE,14245.711441905214,14245.711441905214
,1462,,,1372,1462,,mine_H_publish,,,,,,,,IDLE,14245.711441905214,
,,,,1373,1463,,reorg_or_tip_change,,,1463,1462,,,,IDLE,14261.8837998214,
,1463,,,1373,1463,,publish,1373,H,,,1462,,,IDLE,14261.8837998214,14261.8837998214
,1463,,,1373,1463,,mine_H_publish,,,,,,,,IDLE,14261.8837998214,
1373,,,,1373,1463,14276.310676014697,mine_A_start_withhold,,,,,,1464,,WITHHOLD,14272.591616826126,
,,,,1374,1464,,reorg_or_tip_change,,,1464,1463,,,,WITHHOLD,14276.310676014697,
,1464,,,1374,1464,,publish,1374,A,,,1463,,,WITHHOLD,14276.310676014697,14276.310676014697
,,,1464,1374,1464,,release_bn,,,,,,,,WITHHOLD,14276.310676014697,
,,,,1374,1464,,release_no_race,,,,,,,,WITHHOLD,14276.310676014697,
1374,,,,1374,1464,14291.336412724428,mine_A_start_withhold,,,,,,1465,,WITHHOLD,14287.617353535858,
,,,,1375,1465,,reorg_or_tip_change,,,1465,1464,,,,WITHHOLD,14288.70846532633,
,1465,,,1375,1465,,publish,1375,A,,,1464,,,WITHHOLD,14288.70846532633,14288.70846532633
,,,,1376,1466,,reorg_or_tip_change,,,1466,1465,,,,WITHHOLD,14288.70846532633,
,1466,,,1376,1466,,publish,1376,A,,,1465,,,WITHHOLD,14288.70846532633,14288.70846532633
,,1466,1465,1376,1466,,mine_A_withhold_success,,,,,,,,WITHHOLD,14288.70846532633,
1376,,,,1376,1466,14304.028914833143,mine_A_start_withhold,,,,,,1467,,WITHHOLD,14300.309855644573,
,,,,1377,1467,,reorg_or_tip_change,,,1467,1466,,,,WITHHOLD,14304.028914833143,
,1467,,,1377,1467,,publish,1377,A,,,1466,,,WITHHOLD,14304.028914833143,14304.028914833143
,,,1467,1377,1467,,release_bn,,,,,,,,WITHHOLD,14304.028914833143,
,,,,1377,1467,,release_no_race,,,,,,,,WITHHOLD,14304.028914833143,
1377,,,,1377,1467,14317.817622824046,mine_A_start_withhold,,,,,,1468,,WITHHOLD,14314.098563635476,
,,,,1378,1468,,reorg_or_tip_change,,,1468,1467,,,,WITHHOLD,14317.817622824046,
,1468,,,1378,1468,,publish,1378,A,,,1467,,,WITHHOLD,14317.817622824046,14317.817622824046
,,,1468,1378,1468,,release_bn,,,,,,,,WITHHOLD,14317.817622824046,
,,,,1378,1468,,release_no_race,,,,,,,,WITHHOLD,14317.817622824046,
1378,,,,1378,1468,14346.708731665076,mine_A_start_withhold,,,,,,1469,,WITHHOLD,14342.989672476506,
,,,,1379,1469,,reorg_or_tip_change,,,1469,1468,,,,WITHHOLD,14344.312093522614,
,1469,,,1379,1469,,publish,1379,A,,,1468,,,WITHHOLD,14344.312093522614,14344.312093522614
,,,,1380,1470,,reorg_or_tip_change,,,1470,1469,,,,WITHHOLD,14344.312093522614,
,1470,,,1380,1470,,publish,1380,A,,,1469,,,WITHHOLD,14344.312093522614,14344.312093522614
,,1470,1469,1380,1470,,mine_A_withhold_success,,,,,,,,WITHHOLD,14344.312093522614,
1380,,,,1380,1470,14352.912022257417,mine_A_start_withhold,,,,,,1471,,WITHHOLD,14349.192963068846,
,,,,1381,1471,,reorg_or_tip_change,,,1471,1470,,,,WITHHOLD,14352.912022257417,
,1471,,,1381,1471,,publish,1381,A,,,1470,,,WITHHOLD,14352.912022257417,14352.912022257417
,,,1471,1381,1471,,release_bn,,,,,,,,WITHHOLD,14352.912022257417,
,,,,1381,1471,,release_no_race,,,,,,,,WITHHOLD,14352.912022257417,
1381,,,,1381,1471,14383.963611979376,mine_A_start_withhold,,,,,,1472,,WITHHOLD,14380.244552790806,
,,,,1382,1472,,reorg_or_tip_change,,,1472,1471,,,,WITHHOLD,14383.963611979376,
,1472,,,1382,1472,,publish,1382,A,,,1471,,,WITHHOLD,14383.963611979376,14383.963611979376
,,,1472,1382,1472,,release_bn,,,,,,,,WITHHOLD,14383.963611979376,
,,,,1382,1472,,release_no_race,,,,,,,,WITHHOLD,14383.963611979376,
1382,,,,1382,1472,14399.878317999686,mine_A_start_withhold,,,,,,1473,,WITHHOLD,14396.159258811116,
,,,,1383,1473,,reorg_or_tip_change,,,1473,1472,,,,WITHHOLD,14399.607943181678,
,1473,,,1383,1473,,publish,1383,A,,,1472,,,WITHHOLD,14399.607943181678,14399.607943181678
,,,,1384,1474,,reorg_or_tip_change,,,1474,1473,,,,WITHHOLD,14399.607943181678,
,1474,,,1384,1474,,publish,1384,A,,,1473,,,WITHHOLD,14399.607943181678,14399.607943181678
,,1474,1473,1384,1474,,mine_A_withhold_success,,,,,,,,WITHHOLD,14399.607943181678,
1384,,,,1384,1474,14405.242696247567,mine_A_start_withhold,,,,,,1475,,WITHHOLD,14401.523637058997,
,,,,1385,1475,,reorg_or_tip_change,,,1475,1474,,,,WITHHOLD,14405.242696247567,
,1475,,,1385,1475,,publish,1385,A,,,1474,,,WITHHOLD,14405.242696247567,14405.242696247567
,,,1475,1385,1475,,release_bn,,,,,,,,WITHHOLD,14405.242696247567,
,,,,1385,1475,,release_no_race,,,,,,,,WITHHOLD,14405.242696247567,
,,,,1386,1476,,reorg_or_tip_change,,,1476,1475,,,,IDLE,14413.967193243481,
,1476,,,1386,1476,,publish,1386,H,,,1475,,,IDLE,14413.967193243481,14413.967193243481
,1476,,,1386,1476,,mine_H_publish,,,,,,,,IDLE,14413.967193243481,
,,,,1387,1477,,reorg_or_tip_change,,,1477,1476,,,,IDLE,14419.607310578815,
,1477,,,1387,1477,,publish,1387,H,,,1476,,,IDLE,14419.607310578815,14419.607310578815
,1477,,,1387,1477,,mine_H_publish,,,,,,,,IDLE,14419.607310578815,
1387,,,,1387,1477,14426.422681910733,mine_A_start_withhold,,,,,,1478,,WITHHOLD,14422.703622722163,
,,,,1388,1478,,reorg_or_tip_change,,,1478,1477,,,,WITHHOLD,14424.861960686825,
,1478,,,1388,1478,,publish,1388,A,,,1477,,,WITHHOLD,14424.861960686825,14424.861960686825
,,,,1389,1479,,reorg_or_tip_change,,,1479,1478,,,,WITHHOLD,14424.861960686825,
,1479,,,1389,1479,,publish,1389,A,,,1478,,,WITHHOLD,14424.861960686825,14424.861960686825
,,1479,1478,1389,1479,,mine_A_withhold_success,,,,,,,,WITHHOLD,14424.861960686825,
1389,,,,1389,1479,14430.418676243211,mine_A_start_withhold,,,,,,1480,,WITHHOLD,14426.69961705464,
,,,,1390,1480,,reorg_or_tip_change,,,1480,1479,,,,WITHHOLD,14430.242774708568,
,1480,,,1390,1480,,publish,1390,A,,,1479,,,WITHHOLD,14430.242774708568,14430.242774708568
,,,,1391,1481,,reorg_or_tip_change,,,1481,1480,,,,WITHHOLD,14430.242774708568,
,1481,,,1391,1481,,publish,1391,A,,,1480,,,WITHHOLD,14430.242774708568,14430.242774708568
,,1481,1480,1391,1481,,mine_A_withhold_success,,,,,,,,WITHHOLD,14430.242774708568,
1391,,,,1391,1481,14442.085077549042,mine_A_start_withhold,,,,,,1482,,WITHHOLD,14438.366018360472,
,,,,1392,1482,,reorg_or_tip_change,,,1482,1481,,,,WITHHOLD,14442.085077549042,
,1482,,,1392,1482,,publish,1392,A,,,1481,,,WITHHOLD,14442.085077549042,14442.085077549042
,,,1482,1392,1482,,release_bn,,,,,,,,WITHHOLD,14442.085077549042,
,,,,1392,1482,,release_no_race,,,,,,,,WITHHOLD,14442.085077549042,
,,,,1393,1483,,reorg_or_tip_change,,,1483,1482,,,,IDLE,14443.305459239753,
,1483,,,1393,1483,,publish,1393,H,,,1482,,,IDLE,14443.305459239753,14443.305459239753
,1483,,,1393,1483,,mine_H_publish,,,,,,,,IDLE,14443.305459239753,
,,,,1394,1484,,reorg_or_tip_change,,,1484,1483,,,,IDLE,14449.644315773623,
,1484,,,1394,1484,,publish,1394,H,,,1483,,,IDLE,14449.644315773623,14449.644315773623
,1484,,,1394,1484,,mine_H_publish,,,,,,,,IDLE,14449.644315773623,
,,,,1395,1485,,reorg_or_tip_change,,,1485,1484,,,,IDLE,14456.65904126748,
,1485,,,1395,1485,,publish,1395,H,,,1484,,,IDLE,14456.65904126748,14456.65904126748
,1485,,,1395,1485,,mine_H_publish,,,,,,,,IDLE,14456.65904126748,
1395,,,,1395,1485,14463.567886414476,mine_A_start_withhold,,,,,,1486,,WITHHOLD,14459.848827225906,
,,,,1396,1487,,reorg_or_tip_change,,,1487,1485,,,,WITHHOLD,14460.421512933051,
,1487,,,1396,1487,,publish,1396,H,,,1485,,,WITHHOLD,14460.421512933051,14460.421512933051
,1487,,,1396,1487,,mine_H_publish,,,,,,,,WITHHOLD,14460.421512933051,
,1486,,,1396,1487,,publish,1396,A,,,1485,,,WITHHOLD,14463.567886414476,14463.567886414476
,,,1486,1396,1487,,release_bn,,,,,,,,WITHHOLD,14463.567886414476,
,,,,1396,1487,,release_enter_race,,,,,,,1486,RACE,14463.567886414476,
,,,,1397,1488,,reorg_or_tip_change,,,1488,1487,,,,RACE,14464.755372036516,
,1488,,,1397,1488,,publish,1397,H,,,1487,,,RACE,14464.755372036516,14464.755372036516
,1488,,,1397,1488,,mine_H_publish,,,,,,,,RACE,14464.755372036516,
,,,,1397,1488,,race_lost,,,,,,,,RACE,14464.755372036516,
,,,,1398,1489,,reorg_or_tip_change,,,1489,1488,,,,IDLE,14468.084073902299,
,1489,,,1398,1489,,publish,1398,H,,,1488,,,IDLE,14468.084073902299,14468.084073902299
,1489,,,1398,1489,,mine_H_publish,,,,,,,,IDLE,14468.084073902299,
1398,,,,1398,1489,14477.7399799978,mine_A_start_withhold,,,,,,1490,,WITHHOLD,14474.02092080923,
,,,,1399,1490,,reorg_or_tip_change,,,1490,1489,,,,WITHHOLD,14475.060282274097,
,1490,,,1399,1490,,publish,1399,A,,,1489,,,WITHHOLD,14475.060282274097,14475.060282274097
,,,,1400,1491,,reorg_or_tip_change,,,1491,1490,,,,WITHHOLD,14475.060282274097,
,1491,,,1400,1491,,publish,1400,A,,,1490,,,WITHHOLD,14475.060282274097,14475.060282274097
,,1491,1490,1400,1491,,mine_A_withhold_success,,,,,,,,WITHHOLD,14475.060282274097,
,,,,1401,1492,,reorg_or_tip_change,,,1492,1491,,,,IDLE,14499.139902797568,
,1492,,,1401,1492,,publish,1401,H,,,1491,,,IDLE,14499.139902797568,14499.139902797568
,1492,,,1401,1492,,mine_H_publish,,,,,,,,IDLE,14499.139902797568,
,,,,1402,1493,,reorg_or_tip_change,,,1493,1492,,,,IDLE,14508.364823446323,
,1493,,,1402,1493,,publish,1402,H,,,1492,,,IDLE,14508.364823446323,14508.364823446323
,1493,,,1402,1493,,mine_H_publish,,,,,,,,IDLE,14508.364823446323,
,,,,1403,1494,,reorg_or_tip_change,,,1494,1493,,,,IDLE,14510.25694915891,
,1494,,,1403,1494,,publish,1403,H,,,1493,,,IDLE,14510.25694915891,14510.25694915891
,1494,,,1403,1494,,mine_H_publish,,,,,,,,IDLE,14510.25694915891,
,,,,1404,1495,,reorg_or_tip_change,,,1495,1494,,,,IDLE,14512.13115559429,
,1495,,,1404,1495,,publish,1404,H,,,1494,,,IDLE,14512.13115559429,14512.13115559429
,1495,,,1404,1495,,mine_H_publish,,,,,,,,IDLE,14512.13115559429,
1404,,,,1404,1495,14518.00900435501,mine_A_start_withhold,,,,,,1496,,WITHHOLD,14514.28994516644,
,,,,1405,1496,,reorg_or_tip_change,,,1496,1495,,,,WITHHOLD,14515.537053894037,
,1496,,,1405,1496,,publish,1405,A,,,1495,,,WITHHOLD,14515.537053894037,14515.537053894037
,,,,1406,1497,,reorg_or_tip_change,,,1497,1496,,,,WITHHOLD,14515.537053894037,
,1497,,,1406,1497,,publish,1406,A,,,1496,,,WITHHOLD,14515.537053894037,14515.537053894037
,,1497,1496,1406,1497,,mine_A_withhold_success,,,,,,,,WITHHOLD,14515.537053894037,
1406,,,,1406,1497,14525.321676503807,mine_A_start_withhold,,,,,,1498,,WITHHOLD,14521.602617315237,
,,,,1407,1498,,reorg_or_tip_change,,,1498,1497,,,,WITHHOLD,14525.321676503807,
,1498,,,1407,1498,,publish,1407,A,,,1497,,,WITHHOLD,14525.321676503807,14525.321676503807
,,,1498,1407,1498,,release_bn,,,,,,,,WITHHOLD,14525.321676503807,
,,,,1407,1498,,release_no_race,,,,,,,,WITHHOLD,14525.321676503807,
1407,,,,1407,1498,14529.94088628989,mine_A_start_withhold,,,,,,1499,,WITHHOLD,14526.22182710132,
,,,,1408,1499,,reorg_or_tip_change,,,1499,1498,,,,WITHHOLD,14529.94088628989,
,1499,,,1408,1499,,publish,1408,A,,,1498,,,WITHHOLD,14529.94088628989,14529.94088628989
,,,1499,1408,1499,,release_bn,,,,,,,,WITHHOLD,14529.94088628989,
,,,,1408,1499,,release_no_race,,,,,,,,WITHHOLD,14529.94088628989,
,,,,1409,1500,,reorg_or_tip_change,,,1500,1499,,,,IDLE,14538.624865960533,
,1500,,,1409,1500,,publish,1409,H,,,1499,,,IDLE,14538.624865960533,14538.624865960533
,1500,,,1409,1500,,mine_H_publish,,,,,,,,IDLE,14538.624865960533,
1409,,,,1409,1500,14585.1689646194,mine_A_start_withhold,,,,,,1501,,WITHHOLD,14581.44990543083,
,,,,1410,1501,,reorg_or_tip_change,,,1501,1500,,,,WITHHOLD,14585.1689646194,
,1501,,,1410,1501,,publish,1410,A,,,1500,,,WITHHOLD,14585.1689646194,14585.1689646194
,,,1501,1410,1501,,release_bn,,,,,,,,WITHHOLD,14585.1689646194,
,,,,1410,1501,,release_no_race,,,,,,,,WITHHOLD,14585.1689646194,
,,,,1411,1502,,reorg_or_tip_change,,,1502,1501,,,,IDLE,14585.25553170296,
,1502,,,1411,1502,,publish,1411,H,,,1501,,,IDLE,14585.25553170296,14585.25553170296
,1502,,,1411,1502,,mine_H_publish,,,,,,,,IDLE,14585.25553170296,
1411,,,,1411,1502,14590.337486395603,mine_A_start_withhold,,,,,,1503,,WITHHOLD,14586.618427207033,
,,,,1412,1503,,reorg_or_tip_change,,,1503,1502,,,,WITHHOLD,14590.006232553967,
,1503,,,1412,1503,,publish,1412,A,,,1502,,,WITHHOLD,14590.006232553967,14590.006232553967
,,,,1413,1504,,reorg_or_tip_change,,,1504,1503,,,,WITHHOLD,14590.006232553967,
,1504,,,1413,1504,,publish,1413,A,,,1503,,,WITHHOLD,14590.006232553967,14590.006232553967
,,1504,1503,1413,1504,,mine_A_withhold_success,,,,,,,,WITHHOLD,14590.006232553967,
1413,,,,1413,1504,14599.246313231697,mine_A_start_withhold,,,,,,1505,,WITHHOLD,14595.527254043127,
,,,,1414,1505,,reorg_or_tip_change,,,1505,1504,,,,WITHHOLD,14597.517940016636,
,1505,,,1414,1505,,publish,1414,A,,,1504,,,WITHHOLD,14597.517940016636,14597.517940016636
,,,,1415,1506,,reorg_or_tip_change,,,1506,1505,,,,WITHHOLD,14597.517940016636,
,1506,,,1415,1506,,publish,1415,A,,,1505,,,WITHHOLD,14597.517940016636,14597.517940016636
,,1506,1505,1415,1506,,mine_A_withhold_success,,,,,,,,WITHHOLD,14597.517940016636,
,,,,1416,1507,,reorg_or_tip_change,,,1507,1506,,,,IDLE,14609.620377165656,
,1507,,,1416,1507,,publish,1416,H,,,1506,,,IDLE,14609.620377165656,14609.620377165656
,1507,,,1416,1507,,mine_H_publish,,,,,,,,IDLE,14609.620377165656,
1416,,,,1416,1507,14616.304842777621,mine_A_start_withhold,,,,,,1508,,WITHHOLD,14612.585783589051,
,,,,1417,1508,,reorg_or_tip_change,,,1508,1507,,,,WITHHOLD,14616.304842777621,
,1508,,,1417,1508,,publish,1417,A,,,1507,,,WITHHOLD,14616.304842777621,14616.304842777621
,,,1508,1417,1508,,release_bn,,,,,,,,WITHHOLD,14616.304842777621,
,,,,1417,1508,,release_no_race,,,,,,,,WITHHOLD,14616.304842777621,
1417,,,,1417,1508,14622.180107795164,mine_A_start_withhold,,,,,,1509,,WITHHOLD,14618.461048606594,
,,,,1418,1509,,reorg_or_tip_change,,,1509,1508,,,,WITHHOLD,14622.180107795164,
,1509,,,1418,1509,,publish,1418,A,,,1508,,,WITHHOLD,14622.180107795164,14622.180107795164
,,,1509,1418,1509,,release_bn,,,,,,,,WITHHOLD,14622.180107795164,
,,,,1418,1509,,release_no_race,,,,,,,,WITHHOLD,14622.180107795164,
,,,,1419,1510,,reorg_or_tip_change,,,1510,1509,,,,IDLE,14628.761976731137,
,1510,,,1419,1510,,publish,1419,H,,,1509,,,IDLE,14628.761976731137,14628.761976731137
,1510,,,1419,1510,,mine_H_publish,,,,,,,,IDLE,14628.761976731137,
1419,,,,1419,1510,14632.534074650706,mine_A_start_withhold,,,,,,1511,,WITHHOLD,14628.815015462136,
,,,,1420,1511,,reorg_or_tip_change,,,1511,1510,,,,WITHHOLD,14632.534074650706,
,1511,,,1420,1511,,publish,1420,A,,,1510,,,WITHHOLD,14632.534074650706,14632.534074650706
,,,1511,1420,1511,,release_bn,,,,,,,,WITHHOLD,14632.534074650706,
,,,,1420,1511,,release_no_race,,,,,,,,WITHHOLD,14632.534074650706,
1420,,,,1420,1511,14666.59791783832,mine_A_start_withhold,,,,,,1512,,WITHHOLD,14662.87885864975,
,,,,1421,1512,,reorg_or_tip_change,,,1512,1511,,,,WITHHOLD,14666.59791783832,
,1512,,,1421,1512,,publish,1421,A,,,1511,,,WITHHOLD,14666.59791783832,14666.59791783832
,,,1512,1421,1512,,release_bn,,,,,,,,WITHHOLD,14666.59791783832,
,,,,1421,1512,,release_no_race,,,,,,,,WITHHOLD,14666.59791783832,
1421,,,,1421,1512,14686.176772118057,mine_A_start_withhold,,,,,,1513,,WITHHOLD,14682.457712929487,
,,,,1422,1513,,reorg_or_tip_change,,,1513,1512,,,,WITHHOLD,14686.176772118057,
,1513,,,1422,1513,,publish,1422,A,,,1512,,,WITHHOLD,14686.176772118057,14686.176772118057
,,,1513,1422,1513,,release_bn,,,,,,,,WITHHOLD,14686.176772118057,
,,,,1422,1513,,release_no_race,,,,,,,,WITHHOLD,14686.176772118057,
1422,,,,1422,1513,14693.917154974859,mine_A_start_withhold,,,,,,1514,,WITHHOLD,14690.198095786289,
,,,,1423,1514,,reorg_or_tip_change,,,1514,1513,,,,WITHHOLD,14692.658077051236,
,1514,,,1423,1514,,publish,1423,A,,,1513,,,WITHHOLD,14692.658077051236,14692.658077051236
,,,,1424,1515,,reorg_or_tip_change,,,1515,1514,,,,WITHHOLD,14692.658077051236,
,1515,,,1424,1515,,publish,1424,A,,,1514,,,WITHHOLD,14692.658077051236,14692.658077051236
,,1515,1514,1424,1515,,mine_A_withhold_success,,,,,,,,WITHHOLD,14692.658077051236,
,,,,1425,1516,,reorg_or_tip_change,,,1516,1515,,,,IDLE,14703.403817950495,
,1516,,,1425,1516,,publish,1425,H,,,1515,,,IDLE,14703.403817950495,14703.403817950495
,1516,,,1425,1516,,mine_H_publish,,,,,,,,IDLE,14703.403817950495,
,,,,1426,1517,,reorg_or_tip_change,,,1517,1516,,,,IDLE,14706.331358656906,
,1517,,,1426,1517,,publish,1426,H,,,1516,,,IDLE,14706.331358656906,14706.331358656906
,1517,,,1426,1517,,mine_H_publish,,,,,,,,IDLE,14706.331358656906,
,,,,1427,1518,,reorg_or_tip_change,,,1518,1517,,,,IDLE,14714.930129575287,
,1518,,,1427,1518,,publish,1427,H,,,1517,,,IDLE,14714.930129575287,14714.930129575287
,1518,,,1427,1518,,mine_H_publish,,,,,,,,IDLE,14714.930129575287,
,,,,1428,1519,,reorg_or_tip_change,,,1519,1518,,,,IDLE,14730.126965968951,
,1519,,,1428,1519,,publish,1428,H,,,1518,,,IDLE,14730.126965968951,14730.126965968951
,1519,,,1428,1519,,mine_H_publish,,,,,,,,IDLE,14730.126965968951,
,,,,1429,1520,,reorg_or_tip_change,,,1520,1519,,,,IDLE,14735.108397465348,
,1520,,,1429,1520,,publish,1429,H,,,1519,,,IDLE,14735.108397465348,14735.108397465348
,1520,,,1429,1520,,mine_H_publish,,,,,,,,IDLE,14735.108397465348,
,,,,1430,1521,,reorg_or_tip_change,,,1521,1520,,,,IDLE,14738.399680785356,
,1521,,,1430,1521,,publish,1430,H,,,1520,,,IDLE,14738.399680785356,14738.399680785356
,1521,,,1430,1521,,mine_H_publish,,,,,,,,IDLE,14738.399680785356,
,,,,1431,1522,,reorg_or_tip_change,,,1522,1521,,,,IDLE,14747.511798916692,
,1522,,,1431,1522,,publish,1431,H,,,1521,,,IDLE,14747.511798916692,14747.511798916692
,1522,,,1431,1522,,mine_H_publish,,,,,,,,IDLE,14747.511798916692,
,,,,1432,1523,,reorg_or_tip_change,,,1523,1522,,,,IDLE,14755.468312248817,
,1523,,,1432,1523,,publish,1432,H,,,1522,,,IDLE,14755.468312248817,14755.468312248817
,1523,,,1432,1523,,mine_H_publish,,,,,,,,IDLE,14755.468312248817,
1432,,,,1432,1523,14764.334887691697,mine_A_start_withhold,,,,,,1524,,WITHHOLD,14760.615828503127,
,,,,1433,1524,,reorg_or_tip_change,,,1524,1523,,,,WITHHOLD,14763.797524760606,
,1524,,,1433,1524,,publish,1433,A,,,1523,,,WITHHOLD,14763.797524760606,14763.797524760606
,,,,1434,1525,,reorg_or_tip_change,,,1525,1524,,,,WITHHOLD,14763.797524760606,
,1525,,,1434,1525,,publish,1434,A,,,1524,,,WITHHOLD,14763.797524760606,14763.797524760606
,,1525,1524,1434,1525,,mine_A_withhold_success,,,,,,,,WITHHOLD,14763.797524760606,
1434,,,,1434,1525,14783.268102446145,mine_A_start_withhold,,,,,,1526,,WITHHOLD,14779.549043257575,
,,,,1435,1526,,reorg_or_tip_change,,,1526,1525,,,,WITHHOLD,14783.268102446145,
,1526,,,1435,1526,,publish,1435,A,,,1525,,,WITHHOLD,14783.268102446145,14783.268102446145
,,,1526,1435,1526,,release_bn,,,,,,,,WITHHOLD,14783.268102446145,
,,,,1435,1526,,release_no_race,,,,,,,,WITHHOLD,14783.268102446145,
1435,,,,1435,1526,14788.886174671365,mine_A_start_withhold,,,,,,1527,,WITHHOLD,14785.167115482795,
,,,,1436,1528,,reorg_or_tip_change,,,1528,1526,,,,WITHHOLD,14785.518408754839,
,1528,,,1436,1528,,publish,1436,H,,,1526,,,WITHHOLD,14785.518408754839,14785.518408754839
,1528,,,1436,1528,,mine_H_publish,,,,,,,,WITHHOLD,14785.518408754839,
,1527,,,1436,1528,,publish,1436,A,,,1526,,,WITHHOLD,14788.886174671365,14788.886174671365
,,,1527,1436,1528,,release_bn,,,,,,,,WITHHOLD,14788.886174671365,
,,,,1436,1528,,release_enter_race,,,,,,,1527,RACE,14788.886174671365,
,,,,1437,1529,,reorg_or_tip_change,,,1529,1528,,,,RACE,14789.975634972428,
,1529,,,1437,1529,,publish,1437,H,,,1528,,,RACE,14789.975634972428,14789.975634972428
,1529,,,1437,1529,,mine_H_publish,,,,,,,,RACE,14789.975634972428,
,,,,1437,1529,,race_lost,,,,,,,,RACE,14789.975634972428,
1437,,,,1437,1529,14800.04435495886,mine_A_start_withhold,,,,,,1530,,WITHHOLD,14796.32529577029,
,,,,1438,1530,,reorg_or_tip_change,,,1530,1529,,,,WITHHOLD,14799.59101757925,
,1530,,,1438,1530,,publish,1438,A,,,1529,,,WITHHOLD,14799.59101757925,14799.59101757925
,,,,1439,1531,,reorg_or_tip_change,,,1531,1530,,,,WITHHOLD,14799.59101757925,
,1531,,,1439,1531,,publish,1439,A,,,1530,,,WITHHOLD,14799.59101757925,14799.59101757925
,,1531,1530,1439,1531,,mine_A_withhold_success,,,,,,,,WITHHOLD,14799.59101757925,
1439,,,,1439,1531,14814.709088345606,mine_A_start_withhold,,,,,,1532,,WITHHOLD,14810.990029157036,
,,,,1440,1532,,reorg_or_tip_change,,,1532,1531,,,,WITHHOLD,14813.61726381446,
,1532,,,1440,1532,,publish,1440,A,,,1531,,,WITHHOLD,14813.61726381446,14813.61726381446
,,,,1441,1533,,reorg_or_tip_change,,,1533,1532,,,,WITHHOLD,14813.61726381446,
,1533,,,1441,1533,,publish,1441,A,,,1532,,,WITHHOLD,14813.61726381446,14813.61726381446
,,1533,1532,1441,1533,,mine_A_withhold_success,,,,,,,,WITHHOLD,14813.61726381446,
1441,,,,1441,1533,14821.204574925445,mine_A_start_withhold,,,,,,1534,,WITHHOLD,14817.485515736875,
,,,,1442,1534,,reorg_or_tip_change,,,1534,1533,,,,WITHHOLD,14818.005885195165,
,1534,,,1442,1534,,publish,1442,A,,,1533,,,WITHHOLD,14818.005885195165,14818.005885195165
,,,,1443,1535,,reorg_or_tip_change,,,1535,1534,,,,WITHHOLD,14818.005885195165,
,1535,,,1443,1535,,publish,1443,A,,,1534,,,WITHHOLD,14818.005885195165,14818.005885195165
,,1535,1534,1443,1535,,mine_A_withhold_success,,,,,,,,WITHHOLD,14818.005885195165,
,,,,1444,1536,,reorg_or_tip_change,,,1536,1535,,,,IDLE,14821.829085861733,
,1536,,,1444,1536,,publish,1444,H,,,1535,,,IDLE,14821.829085861733,14821.829085861733
,1536,,,1444,1536,,mine_H_publish,,,,,,,,IDLE,14821.829085861733,
,,,,1445,1537,,reorg_or_tip_change,,,1537,1536,,,,IDLE,14828.459639839475,
,1537,,,1445,1537,,publish,1445,H,,,1536,,,IDLE,14828.459639839475,14828.459639839475
,1537,,,1445,1537,,mine_H_publish,,,,,,,,IDLE,14828.459639839475,
1445,,,,1445,1537,14839.402301020576,mine_A_start_withhold,,,,,,1538,,WITHHOLD,14835.683241832006,
,,,,1446,1538,,reorg_or_tip_change,,,1538,1537,,,,WITHHOLD,14839.402301020576,
,1538,,,1446,1538,,publish,1446,A,,,1537,,,WITHHOLD,14839.402301020576,14839.402301020576
,,,1538,1446,1538,,release_bn,,,,,,,,WITHHOLD,14839.402301020576,
,,,,1446,1538,,release_no_race,,,,,,,,WITHHOLD,14839.402301020576,
1446,,,,1446,1538,14846.765498771374,mine_A_start_withhold,,,,,,1539,,WITHHOLD,14843.046439582804,
,,,,1447,1539,,reorg_or_tip_change,,,1539,1538,,,,WITHHOLD,14846.765498771374,
,1539,,,1447,1539,,publish,1447,A,,,1538,,,WITHHOLD,14846.765498771374,14846.765498771374
,,,1539,1447,1539,,release_bn,,,,,,,,WITHHOLD,14846.765498771374,
,,,,1447,1539,,release_no_race,,,,,,,,WITHHOLD,14846.765498771374,
1447,,,,1447,1539,14858.021095540877,mine_A_start_withhold,,,,,,1540,,WITHHOLD,14854.302036352306,
,,,,1448,1540,,reorg_or_tip_change,,,1540,1539,,,,WITHHOLD,14855.884154817517,
,1540,,,1448,1540,,publish,1448,A,,,1539,,,WITHHOLD,14855.884154817517,14855.884154817517
,,,,1449,1541,,reorg_or_tip_change,,,1541,1540,,,,WITHHOLD,14855.884154817517,
,1541,,,1449,1541,,publish,1449,A,,,1540,,,WITHHOLD,14855.884154817517,14855.884154817517
,,1541,1540,1449,1541,,mine_A_withhold_success,,,,,,,,WITHHOLD,14855.884154817517,
1449,,,,1449,1541,14862.550832141025,mine_A_start_withhold,,,,,,1542,,WITHHOLD,14858.831772952455,
,,,,1450,1542,,reorg_or_tip_change,,,1542,1541,,,,WITHHOLD,14862.550832141025,
,1542,,,1450,1542,,publish,1450,A,,,1541,,,WITHHOLD,14862.550832141025,14862.550832141025
,,,1542,1450,1542,,release_bn,,,,,,,,WITHHOLD,14862.550832141025,
,,,,1450,1542,,release_no_race,,,,,,,,WITHHOLD,14862.550832141025,
,,,,1451,1543,,reorg_or_tip_change,,,1543,1542,,,,IDLE,14892.05189052198,
,1543,,,1451,1543,,publish,1451,H,,,1542,,,IDLE,14892.05189052198,14892.05189052198
,1543,,,1451,1543,,mine_H_publish,,,,,,,,IDLE,14892.05189052198,
,,,,1452,1544,,reorg_or_tip_change,,,1544,1543,,,,IDLE,14898.856887732873,
,1544,,,1452,1544,,publish,1452,H,,,1543,,,IDLE,14898.856887732873,14898.856887732873
,1544,,,1452,1544,,mine_H_publish,,,,,,,,IDLE,14898.856887732873,
1452,,,,1452,1544,14923.578535611594,mine_A_start_withhold,,,,,,1545,,WITHHOLD,14919.859476423024,
,,,,1453,1545,,reorg_or_tip_change,,,1545,1544,,,,WITHHOLD,14923.578535611594,
,1545,,,1453,1545,,publish,1453,A,,,1544,,,WITHHOLD,14923.578535611594,14923.578535611594
,,,1545,1453,1545,,release_bn,,,,,,,,WITHHOLD,14923.578535611594,
,,,,1453,1545,,release_no_race,,,,,,,,WITHHOLD,14923.578535611594,
,,,,1454,1546,,reorg_or_tip_change,,,1546,1545,,,,IDLE,14926.130309918717,
,1546,,,1454,1546,,publish,1454,H,,,1545,,,IDLE,14926.130309918717,14926.130309918717
,1546,,,1454,1546,,mine_H_publish,,,,,,,,IDLE,14926.130309918717,
,,,,1455,1547,,reorg_or_tip_change,,,1547,1546,,,,IDLE,14931.656046613545,
,1547,,,1455,1547,,publish,1455,H,,,1546,,,IDLE,14931.656046613545,14931.656046613545
,1547,,,1455,1547,,mine_H_publish,,,,,,,,IDLE,14931.656046613545,
1455,,,,1455,1547,14939.164484580551,mine_A_start_withhold,,,,,,1548,,WITHHOLD,14935.445425391981,
,,,,1456,1548,,reorg_or_tip_change,,,1548,1547,,,,WITHHOLD,14939.164484580551,
,1548,,,1456,1548,,publish,1456,A,,,1547,,,WITHHOLD,14939.164484580551,14939.164484580551
,,,1548,1456,1548,,release_bn,,,,,,,,WITHHOLD,14939.164484580551,
,,,,1456,1548,,release_no_race,,,,,,,,WITHHOLD,14939.164484580551,
,,,,1457,1549,,reorg_or_tip_change,,,1549,1548,,,,IDLE,14954.061961833184,
,1549,,,1457,1549,,publish,1457,H,,,1548,,,IDLE,14954.061961833184,14954.061961833184
,1549,,,1457,1549,,mine_H_publish,,,,,,,,IDLE,14954.061961833184,
1457,,,,1457,1549,14975.878597168956,mine_A_start_withhold,,,,,,1550,,WITHHOLD,14972.159537980386,
,,,,1458,1550,,reorg_or_tip_change,,,1550,1549,,,,WITHHOLD,14973.298970181317,
,1550,,,1458,1550,,publish,1458,A,,,1549,,,WITHHOLD,14973.298970181317,14973.298970181317
,,,,1459,1551,,reorg_or_tip_change,,,1551,1550,,,,WITHHOLD,14973.298970181317,
,1551,,,1459,1551,,publish,1459,A,,,1550,,,WITHHOLD,14973.298970181317,14973.298970181317
,,1551,1550,1459,1551,,mine_A_withhold_success,,,,,,,,WITHHOLD,14973.298970181317,
1459,,,,1459,1551,14981.913798183754,mine_A_start_withhold,,,,,,1552,,WITHHOLD,14978.194738995184,
,,,,1460,1552,,reorg_or_tip_change,,,1552,1551,,,,WITHHOLD,14981.913798183754,
,1552,,,1460,1552,,publish,1460,A,,,1551,,,WITHHOLD,14981.913798183754,14981.913798183754
,,,1552,1460,1552,,release_bn,,,,,,,,WITHHOLD,14981.913798183754,
,,,,1460,1552,,release_no_race,,,,,,,,WITHHOLD,14981.913798183754,
1460,,,,1460,1552,14995.914105837666,mine_A_start_withhold,,,,,,1553,,WITHHOLD,14992.195046649096,
,,,,1461,1553,,reorg_or_tip_change,,,1553,1552,,,,WITHHOLD,14992.388652034904,
,1553,,,1461,1553,,publish,1461,A,,,1552,,,WITHHOLD,14992.388652034904,14992.388652034904
,,,,1462,1554,,reorg_or_tip_change,,,1554,1553,,,,WITHHOLD,14992.388652034904,
,1554,,,1462,1554,,publish,1462,A,,,1553,,,WITHHOLD,14992.388652034904,14992.388652034904
,,1554,1553,1462,1554,,mine_A_withhold_success,,,,,,,,WITHHOLD,14992.388652034904,
1462,,,,1462,1554,15002.862887939535,mine_A_start_withhold,,,,,,1555,,WITHHOLD,14999.143828750965,
,,,,1463,1555,,reorg_or_tip_change,,,1555,1554,,,,WITHHOLD,15002.862887939535,
,1555,,,1463,1555,,publish,1463,A,,,1554,,,WITHHOLD,15002.862887939535,15002.862887939535
,,,1555,1463,1555,,release_bn,,,,,,,,WITHHOLD,15002.862887939535,
,,,,1463,1555,,release_no_race,,,,,,,,WITHHOLD,15002.862887939535,
1463,,,,1463,1555,15012.391404382623,mine_A_start_withhold,,,,,,1556,,WITHHOLD,15008.672345194052,
,,,,1464,1556,,reorg_or_tip_change,,,1556,1555,,,,WITHHOLD,15012.391404382623,
,1556,,,1464,1556,,publish,1464,A,,,1555,,,WITHHOLD,15012.391404382623,15012.391404382623
,,,1556,1464,1556,,release_bn,,,,,,,,WITHHOLD,15012.391404382623,
,,,,1464,1556,,release_no_race,,,,,,,,WITHHOLD,15012.391404382623,
,,,,1465,1557,,reorg_or_tip_change,,,1557,1556,,,,IDLE,15027.561299696918,
,1557,,,1465,1557,,publish,1465,H,,,1556,,,IDLE,15027.561299696918,15027.561299696918
,1557,,,1465,1557,,mine_H_publish,,,,,,,,IDLE,15027.561299696918,
1465,,,,1465,1557,15031.765371822601,mine_A_start_withhold,,,,,,1558,,WITHHOLD,15028.046312634031,
,,,,1466,1558,,reorg_or_tip_change,,,1558,1557,,,,WITHHOLD,15029.089921379416,
,1558,,,1466,1558,,publish,1466,A,,,1557,,,WITHHOLD,15029.089921379416,15029.089921379416
,,,,1467,1559,,reorg_or_tip_change,,,1559,1558,,,,WITHHOLD,15029.089921379416,
,1559,,,1467,1559,,publish,1467,A,,,1558,,,WITHHOLD,15029.089921379416,15029.089921379416
,,1559,1558,1467,1559,,mine_A_withhold_success,,,,,,,,WITHHOLD,15029.089921379416,
,,,,1468,1560,,reorg_or_tip_change,,,1560,1559,,,,IDLE,15042.286668491775,
,1560,,,1468,1560,,publish,1468,H,,,1559,,,IDLE,15042.286668491775,15042.286668491775
,1560,,,1468,1560,,mine_H_publish,,,,,,,,IDLE,15042.286668491775,
,,,,1469,1561,,reorg_or_tip_change,,,1561,1560,,,,IDLE,15043.986268824516,
,1561,,,1469,1561,,publish,1469,H,,,1560,,,IDLE,15043.986268824516,15043.986268824516
,1561,,,1469,1561,,mine_H_publish,,,,,,,,IDLE,15043.986268824516,
,,,,1470,1562,,reorg_or_tip_change,,,1562,1561,,,,IDLE,15052.499027370872,
,1562,,,1470,1562,,publish,1470,H,,,1561,,,IDLE,15052.499027370872,15052.499027370872
,1562,,,1470,1562,,mine_H_publish,,,,,,,,IDLE,15052.499027370872,
1470,,,,1470,1562,15089.327553790134,mine_A_start_withhold,,,,,,1563,,WITHHOLD,15085.608494601564,
,,,,1471,1563,,reorg_or_tip_change,,,1563,1562,,,,WITHHOLD,15089.327553790134,
,1563,,,1471,1563,,publish,1471,A,,,1562,,,WITHHOLD,15089.327553790134,15089.327553790134
,,,1563,1471,1563,,release_bn,,,,,,,,WITHHOLD,15089.327553790134,
,,,,1471,1563,,release_no_race,,,,,,,,WITHHOLD,15089.327553790134,
1471,,,,1471,1563,15121.373617338772,mine_A_start_withhold,,,,,,1564,,WITHHOLD,15117.654558150201,
,,,,1472,1564,,reorg_or_tip_change,,,1564,1563,,,,WITHHOLD,15121.373617338772,
,1564,,,1472,1564,,publish,1472,A,,,1563,,,WITHHOLD,15121.373617338772,15121.373617338772
,,,1564,1472,1564,,release_bn,,,,,,,,WITHHOLD,15121.373617338772,
,,,,1472,1564,,release_no_race,,,,,,,,WITHHOLD,15121.373617338772,
1472,,,,1472,1564,15128.507532290942,mine_A_start_withhold,,,,,,1565,,WITHHOLD,15124.788473102371,
,,,,1473,1566,,reorg_or_tip_change,,,1566,1564,,,,WITHHOLD,15127.532056302061,
,1566,,,1473,1566,,publish,1473,H,,,1564,,,WITHHOLD,15127.532056302061,15127.532056302061
,1566,,,1473,1566,,mine_H_publish,,,,,,,,WITHHOLD,15127.532056302061,
,1565,,,1473,1566,,publish,1473,A,,,1564,,,WITHHOLD,15127.60067198817,15127.60067198817
,,,,1474,1567,,reorg_or_tip_change,,,1567,1566,,,,WITHHOLD,15127.60067198817,
,1567,,,1474,1567,,publish,1474,A,,,1565,,,WITHHOLD,15127.60067198817,15127.60067198817
,,1567,1565,1474,1567,,mine_A_withhold_success,,,,,,,,WITHHOLD,15127.60067198817,
1474,,,,1474,1567,15133.574972761431,mine_A_start_withhold,,,,,,1568,,WITHHOLD,15129.855913572861,
,,,,1475,1568,,reorg_or_tip_change,,,1568,1567,,,,WITHHOLD,15133.574972761431,
,1568,,,1475,1568,,publish,1475,A,,,1567,,,WITHHOLD,15133.574972761431,15133.574972761431
,,,1568,1475,1568,,release_bn,,,,,,,,WITHHOLD,15133.574972761431,
,,,,1475,1568,,release_no_race,,,,,,,,WITHHOLD,15133.574972761431,
1475,,,,1475,1568,15143.145801272414,mine_A_start_withhold,,,,,,1569,,WITHHOLD,15139.426742083844,
,,,,1476,1569,,reorg_or_tip_change,,,1569,1568,,,,WITHHOLD,15143.145801272414,
,1569,,,1476,1569,,publish,1476,A,,,1568,,,WITHHOLD,15143.145801272414,15143.145801272414
,,,1569,1476,1569,,release_bn,,,,,,,,WITHHOLD,15143.145801272414,
,,,,1476,1569,,release_no_race,,,,,,,,WITHHOLD,15143.145801272414,
,,,,1477,1570,,reorg_or_tip_change,,,1570,1569,,,,IDLE,15148.840878338164,
,1570,,,1477,1570,,publish,1477,H,,,1569,,,IDLE,15148.840878338164,15148.840878338164
,1570,,,1477,1570,,mine_H_publish,,,,,,,,IDLE,15148.840878338164,
1477,,,,1477,1570,15155.866937424424,mine_A_start_withhold,,,,,,1571,,WITHHOLD,15152.147878235854,
,,,,1478,1571,,reorg_or_tip_change,,,1571,1570,,,,WITHHOLD,15155.866937424424,
,1571,,,1478,1571,,publish,1478,A,,,1570,,,WITHHOLD,15155.866937424424,15155.866937424424
,,,1571,1478,1571,,release_bn,,,,,,,,WITHHOLD,15155.866937424424,
,,,,1478,1571,,release_no_race,,,,,,,,WITHHOLD,15155.866937424424,
1478,,,,1478,1571,15164.996660073684,mine_A_start_withhold,,,,,,1572,,WITHHOLD,15161.277600885114,
,,,,1479,1573,,reorg_or_tip_change,,,1573,1571,,,,WITHHOLD,15162.20000329282,
,1573,,,1479,1573,,publish,1479,H,,,1571,,,WITHHOLD,15162.20000329282,15162.20000329282
,1573,,,1479,1573,,mine_H_publish,,,,,,,,WITHHOLD,15162.20000329282,
,1572,,,1479,1573,,publish,1479,A,,,1571,,,WITHHOLD,15162.505425861407,15162.505425861407
,,,,1480,1574,,reorg_or_tip_change,,,1574,1573,,,,WITHHOLD,15162.505425861407,
,1574,,,1480,1574,,publish,1480,A,,,1572,,,WITHHOLD,15162.505425861407,15162.505425861407
,,1574,1572,1480,1574,,mine_A_withhold_success,,,,,,,,WITHHOLD,15162.505425861407,
1480,,,,1480,1574,15176.227013991032,mine_A_start_withhold,,,,,,1575,,WITHHOLD,15172.507954802462,
,,,,1481,1575,,reorg_or_tip_change,,,1575,1574,,,,WITHHOLD,15176.227013991032,
,1575,,,1481,1575,,publish,1481,A,,,1574,,,WITHHOLD,15176.227013991032,15176.227013991032
,,,1575,1481,1575,,release_bn,,,,,,,,WITHHOLD,15176.227013991032,
,,,,1481,1575,,release_no_race,,,,,,,,WITHHOLD,15176.227013991032,
1481,,,,1481,1575,15191.636617245256,mine_A_start_withhold,,,,,,1576,,WITHHOLD,15187.917558056686,
,,,,1482,1576,,reorg_or_tip_change,,,1576,1575,,,,WITHHOLD,15189.797953219524,
,1576,,,1482,1576,,publish,1482,A,,,1575,,,WITHHOLD,15189.797953219524,15189.797953219524
,,,,1483,1577,,reorg_or_tip_change,,,1577,1576,,,,WITHHOLD,15189.797953219524,
,1577,,,1483,1577,,publish,1483,A,,,1576,,,WITHHOLD,15189.797953219524,15189.797953219524
,,1577,1576,1483,1577,,mine_A_withhold_success,,,,,,,,WITHHOLD,15189.797953219524,
,,,,1484,1578,,reorg_or_tip_change,,,1578,1577,,,,IDLE,15217.009277378382,
,1578,,,1484,1578,,publish,1484,H,,,1577,,,IDLE,15217.009277378382,15217.009277378382
,1578,,,1484,1578,,mine_H_publish,,,,,,,,IDLE,15217.009277378382,
1484,,,,1484,1578,15224.894440175418,mine_A_start_withhold,,,,,,1579,,WITHHOLD,15221.175380986848,
,,,,1485,1579,,reorg_or_tip_change,,,1579,1578,,,,WITHHOLD,15224.894440175418,
,1579,,,1485,1579,,publish,1485,A,,,1578,,,WITHHOLD,15224.894440175418,15224.894440175418
,,,1579,1485,1579,,release_bn,,,,,,,,WITHHOLD,15224.894440175418,
,,,,1485,1579,,release_no_race,,,,,,,,WITHHOLD,15224.894440175418,
,,,,1486,1580,,reorg_or_tip_change,,,1580,1579,,,,IDLE,15233.232665159609,
,1580,,,1486,1580,,publish,1486,H,,,1579,,,IDLE,15233.232665159609,15233.232665159609
,1580,,,1486,1580,,mine_H_publish,,,,,,,,IDLE,15233.232665159609,
1486,,,,1486,1580,15254.9949000705,mine_A_start_withhold,,,,,,1581,,WITHHOLD,15251.27584088193,
,,,,1487,1581,,reorg_or_tip_change,,,1581,1580,,,,WITHHOLD,15254.9949000705,
,1581,,,1487,1581,,publish,1487,A,,,1580,,,WITHHOLD,15254.9949000705,15254.9949000705
,,,1581,1487,1581,,release_bn,,,,,,,,WITHHOLD,15254.9949000705,
,,,,1487,1581,,release_no_race,,,,,,,,WITHHOLD,15254.9949000705,
1487,,,,1487,1581,15262.146084171647,mine_A_start_withhold,,,,,,1582,,WITHHOLD,15258.427024983077,
,,,,1488,1582,,reorg_or_tip_change,,,1582,1581,,,,WITHHOLD,15259.55233572237,
,1582,,,1488,1582,,publish,1488,A,,,1581,,,WITHHOLD,15259.55233572237,15259.55233572237
,,,,1489,1583,,reorg_or_tip_change,,,1583,1582,,,,WITHHOLD,15259.55233572237,
,1583,,,1489,1583,,publish,1489,A,,,1582,,,WITHHOLD,15259.55233572237,15259.55233572237
,,1583,1582,1489,1583,,mine_A_withhold_success,,,,,,,,WITHHOLD,15259.55233572237,
,,,,1490,1584,,reorg_or_tip_change,,,1584,1583,,,,IDLE,15272.26480576231,
,1584,,,1490,1584,,publish,1490,H,,,1583,,,IDLE,15272.26480576231,15272.26480576231
,1584,,,1490,1584,,mine_H_publish,,,,,,,,IDLE,15272.26480576231,
1490,,,,1490,1584,15281.220880487028,mine_A_start_withhold,,,,,,1585,,WITHHOLD,15277.501821298458,
,,,,1491,1586,,reorg_or_tip_change,,,1586,1584,,,,WITHHOLD,15278.198181583937,
,1586,,,1491,1586,,publish,1491,H,,,1584,,,WITHHOLD,15278.198181583937,15278.198181583937
,1586,,,1491,1586,,mine_H_publish,,,,,,,,WITHHOLD,15278.198181583937,
,1585,,,1491,1586,,publish,1491,A,,,1584,,,WITHHOLD,15280.237383669371,15280.237383669371
,,,,1492,1587,,reorg_or_tip_change,,,1587,1586,,,,WITHHOLD,15280.237383669371,
,1587,,,1492,1587,,publish,1492,A,,,1585,,,WITHHOLD,15280.237383669371,15280.237383669371
,,1587,1585,1492,1587,,mine_A_withhold_success,,,,,,,,WITHHOLD,15280.237383669371,
,,,,1493,1588,,reorg_or_tip_change,,,1588,1587,,,,IDLE,15290.629941539373,
,1588,,,1493,1588,,publish,1493,H,,,1587,,,IDLE,15290.629941539373,15290.629941539373
,1588,,,1493,1588,,mine_H_publish,,,,,,,,IDLE,15290.629941539373,
1493,,,,1493,1588,15295.491133167174,mine_A_start_withhold,,,,,,1589,,WITHHOLD,15291.772073978604,
,,,,1494,1589,,reorg_or_tip_change,,,1589,1588,,,,WITHHOLD,15295.491133167174,
,1589,,,1494,1589,,publish,1494,A,,,1588,,,WITHHOLD,15295.491133167174,15295.491133167174
,,,1589,1494,1589,,release_bn,,,,,,,,WITHHOLD,15295.491133167174,
,,,,1494,1589,,release_no_race,,,,,,,,WITHHOLD,15295.491133167174,
1494,,,,1494,1589,15316.904071531142,mine_A_start_withhold,,,,,,1590,,WITHHOLD,15313.185012342572,
,,,,1495,1590,,reorg_or_tip_change,,,1590,1589,,,,WITHHOLD,15316.904071531142,
,1590,,,1495,1590,,publish,1495,A,,,1589,,,WITHHOLD,15316.904071531142,15316.904071531142
,,,1590,1495,1590,,release_bn,,,,,,,,WITHHOLD,15316.904071531142,
,,,,1495,1590,,release_no_race,,,,,,,,WITHHOLD,15316.904071531142,
,,,,1496,1591,,reorg_or_tip_change,,,1591,1590,,,,IDLE,15328.530653545424,
,1591,,,1496,1591,,publish,1496,H,,,1590,,,IDLE,15328.530653545424,15328.530653545424
,1591,,,1496,1591,,mine_H_publish,,,,,,,,IDLE,15328.530653545424,
,,,,1497,1592,,reorg_or_tip_change,,,1592,1591,,,,IDLE,15331.317560242878,
,1592,,,1497,1592,,publish,1497,H,,,1591,,,IDLE,15331.317560242878,15331.317560242878
,1592,,,1497,1592,,mine_H_publish,,,,,,,,IDLE,15331.317560242878,
1497,,,,1497,1592,15340.094148306116,mine_A_start_withhold,,,,,,1593,,WITHHOLD,15336.375089117546,
,,,,1498,1593,,reorg_or_tip_change,,,1593,1592,,,,WITHHOLD,15340.094148306116,
,1593,,,1498,1593,,publish,1498,A,,,1592,,,WITHHOLD,15340.094148306116,15340.094148306116
,,,1593,1498,1593,,release_bn,,,,,,,,WITHHOLD,15340.094148306116,
,,,,1498,1593,,release_no_race,,,,,,,,WITHHOLD,15340.094148306116,
,,,,1499,1594,,reorg_or_tip_change,,,1594,1593,,,,IDLE,15340.40669541554,
,1594,,,1499,1594,,publish,1499,H,,,1593,,,IDLE,15340.40669541554,15340.40669541554
,1594,,,1499,1594,,mine_H_publish,,,,,,,,IDLE,15340.40669541554,
,,,,1500,1595,,reorg_or_tip_change,,,1595,1594,,,,IDLE,15346.586618132325,
,1595,,,1500,1595,,publish,1500,H,,,1594,,,IDLE,15346.586618132325,15346.586618132325
,1595,,,1500,1595,,mine_H_publish,,,,,,,,IDLE,15346.586618132325,
1500,,,,1500,1595,15356.560273399757,mine_A_start_withhold,,,,,,1596,,WITHHOLD,15352.841214211187,
,,,,1501,1596,,reorg_or_tip_change,,,1596,1595,,,,WITHHOLD,15354.632239208848,
,1596,,,1501,1596,,publish,1501,A,,,1595,,,WITHHOLD,15354.632239208848,15354.632239208848
,,,,1502,1597,,reorg_or_tip_change,,,1597,1596,,,,WITHHOLD,15354.632239208848,
,1597,,,1502,1597,,publish,1502,A,,,1596,,,WITHHOLD,15354.632239208848,15354.632239208848
,,1597,1596,1502,1597,,mine_A_withhold_success,,,,,,,,WITHHOLD,15354.632239208848,
,,,,1503,1598,,reorg_or_tip_change,,,1598,1597,,,,IDLE,15367.692131573265,
,1598,,,1503,1598,,publish,1503,H,,,1597,,,IDLE,15367.692131573265,15367.692131573265
,1598,,,1503,1598,,mine_H_publish,,,,,,,,IDLE,15367.692131573265,
1503,,,,1503,1598,15378.958839400093,mine_A_start_withhold,,,,,,1599,,WITHHOLD,15375.239780211523,
,,,,1504,1599,,reorg_or_tip_change,,,1599,1598,,,,WITHHOLD,15378.958839400093,
,1599,,,1504,1599,,publish,1504,A,,,1598,,,WITHHOLD,15378.958839400093,15378.958839400093
,,,1599,1504,1599,,release_bn,,,,,,,,WITHHOLD,15378.958839400093,
,,,,1504,1599,,release_no_race,,,,,,,,WITHHOLD,15378.958839400093,
1504,,,,1504,1599,15388.078029304614,mine_A_start_withhold,,,,,,1600,,WITHHOLD,15384.358970116044,
,,,,1505,1600,,reorg_or_tip_change,,,1600,1599,,,,WITHHOLD,15384.607335012346,
,1600,,,1505,1600,,publish,1505,A,,,1599,,,WITHHOLD,15384.607335012346,15384.607335012346
,,,,1506,1601,,reorg_or_tip_change,,,1601,1600,,,,WITHHOLD,15384.607335012346,
,1601,,,1506,1601,,publish,1506,A,,,1600,,,WITHHOLD,15384.607335012346,15384.607335012346
,,1601,1600,1506,1601,,mine_A_withhold_success,,,,,,,,WITHHOLD,15384.607335012346,
,,,,1507,1602,,reorg_or_tip_change,,,1602,1601,,,,IDLE,15405.368529943822,
,1602,,,1507,1602,,publish,1507,H,,,1601,,,IDLE,15405.368529943822,15405.368529943822
,1602,,,1507,1602,,mine_H_publish,,,,,,,,IDLE,15405.368529943822,
1507,,,,1507,1602,15418.998302524682,mine_A_start_withhold,,,,,,1603,,WITHHOLD,15415.279243336112,
,,,,1508,1603,,reorg_or_tip_change,,,1603,1602,,,,WITHHOLD,15418.998302524682,
,1603,,,1508,1603,,publish,1508,A,,,1602,,,WITHHOLD,15418.998302524682,15418.998302524682
,,,1603,1508,1603,,release_bn,,,,,,,,WITHHOLD,15418.998302524682,
,,,,1508,1603,,release_no_race,,,,,,,,WITHHOLD,15418.998302524682,
1508,,,,1508,1603,15422.900270403286,mine_A_start_withhold,,,,,,1604,,WITHHOLD,15419.181211214716,
,,,,1509,1604,,reorg_or_tip_change,,,1604,1603,,,,WITHHOLD,15422.900270403286,
,1604,,,1509,1604,,publish,1509,A,,,1603,,,WITHHOLD,15422.900270403286,15422.900270403286
,,,1604,1509,1604,,release_bn,,,,,,,,WITHHOLD,15422.900270403286,
,,,,1509,1604,,release_no_race,,,,,,,,WITHHOLD,15422.900270403286,
,,,,1510,1605,,reorg_or_tip_change,,,1605,1604,,,,IDLE,15423.080032386248,
,1605,,,1510,1605,,publish,1510,H,,,1604,,,IDLE,15423.080032386248,15423.080032386248
,1605,,,1510,1605,,mine_H_publish,,,,,,,,IDLE,15423.080032386248,
1510,,,,1510,1605,15463.335551728209,mine_A_start_withhold,,,,,,1606,,WITHHOLD,15459.616492539639,
,,,,1511,1606,,reorg_or_tip_change,,,1606,1605,,,,WITHHOLD,15463.335551728209,
,1606,,,1511,1606,,publish,1511,A,,,1605,,,WITHHOLD,15463.335551728209,15463.335551728209
,,,1606,1511,1606,,release_bn,,,,,,,,WITHHOLD,15463.335551728209,
,,,,1511,1606,,release_no_race,,,,,,,,WITHHOLD,15463.335551728209,
,,,,1512,1607,,reorg_or_tip_change,,,1607,1606,,,,IDLE,15470.434442323342,
,1607,,,1512,1607,,publish,1512,H,,,1606,,,IDLE,15470.434442323342,15470.434442323342
,1607,,,1512,1607,,mine_H_publish,,,,,,,,IDLE,15470.434442323342,
,,,,1513,1608,,reorg_or_tip_change,,,1608,1607,,,,IDLE,15474.046630511244,
,1608,,,1513,1608,,publish,1513,H,,,1607,,,IDLE,15474.046630511244,15474.046630511244
,1608,,,1513,1608,,mine_H_publish,,,,,,,,IDLE,15474.046630511244,
1513,,,,1513,1608,15477.832685066805,mine_A_start_withhold,,,,,,1609,,WITHHOLD,15474.113625878235,
,,,,1514,1609,,reorg_or_tip_change,,,1609,1608,,,,WITHHOLD,15477.13496234502,
,1609,,,1514,1609,,publish,1514,A,,,1608,,,WITHHOLD,15477.13496234502,15477.13496234502
,,,,1515,1610,,reorg_or_tip_change,,,1610,1609,,,,WITHHOLD,15477.13496234502,
,1610,,,1515,1610,,publish,1515,A,,,1609,,,WITHHOLD,15477.13496234502,15477.13496234502
,,1610,1609,1515,1610,,mine_A_withhold_success,,,,,,,,WITHHOLD,15477.13496234502,
,,,,1516,1611,,reorg_or_tip_change,,,1611,1610,,,,IDLE,15487.444011940943,
,1611,,,1516,1611,,publish,1516,H,,,1610,,,IDLE,15487.444011940943,15487.444011940943
,1611,,,1516,1611,,mine_H_publish,,,,,,,,IDLE,15487.444011940943,
1516,,,,1516,1611,15511.304070177921,mine_A_start_withhold,,,,,,1612,,WITHHOLD,15507.58501098935,
,,,,1517,1612,,reorg_or_tip_change,,,1612,1611,,,,WITHHOLD,15511.304070177921,
,1612,,,1517,1612,,publish,1517,A,,,1611,,,WITHHOLD,15511.304070177921,15511.304070177921
,,,1612,1517,1612,,release_bn,,,,,,,,WITHHOLD,15511.304070177921,
,,,,1517,1612,,release_no_race,,,,,,,,WITHHOLD,15511.304070177921,
1517,,,,1517,1612,15530.056613908486,mine_A_start_withhold,,,,,,1613,,WITHHOLD,15526.337554719916,
,,,,1518,1613,,reorg_or_tip_change,,,1613,1612,,,,WITHHOLD,15530.056613908486,
,1613,,,1518,1613,,publish,1518,A,,,1612,,,WITHHOLD,15530.056613908486,15530.056613908486
,,,1613,1518,1613,,release_bn,,,,,,,,WITHHOLD,15530.056613908486,
,,,,1518,1613,,release_no_race,,,,,,,,WITHHOLD,15530.056613908486,
1518,,,,1518,1613,15537.100481845424,mine_A_start_withhold,,,,,,1614,,WITHHOLD,15533.381422656854,
,,,,1519,1614,,reorg_or_tip_change,,,1614,1613,,,,WITHHOLD,15537.100481845424,
,1614,,,1519,1614,,publish,1519,A,,,1613,,,WITHHOLD,15537.100481845424,15537.100481845424
,,,1614,1519,1614,,release_bn,,,,,,,,WITHHOLD,15537.100481845424,
,,,,1519,1614,,release_no_race,,,,,,,,WITHHOLD,15537.100481845424,
1519,,,,1519,1614,15546.828480303082,mine_A_start_withhold,,,,,,1615,,WITHHOLD,15543.109421114512,
,,,,1520,1615,,reorg_or_tip_change,,,1615,1614,,,,WITHHOLD,15546.828480303082,
,1615,,,1520,1615,,publish,1520,A,,,1614,,,WITHHOLD,15546.828480303082,15546.828480303082
,,,1615,1520,1615,,release_bn,,,,,,,,WITHHOLD,15546.828480303082,
,,,,1520,1615,,release_no_race,,,,,,,,WITHHOLD,15546.828480303082,
1520,,,,1520,1615,15557.598524758445,mine_A_start_withhold,,,,,,1616,,WITHHOLD,15553.879465569875,
,,,,1521,1617,,reorg_or_tip_change,,,1617,1615,,,,WITHHOLD,15554.5127912226,
,1617,,,1521,1617,,publish,1521,H,,,1615,,,WITHHOLD,15554.5127912226,15554.5127912226
,1617,,,1521,1617,,mine_H_publish,,,,,,,,WITHHOLD,15554.5127912226,
,1616,,,1521,1617,,publish,1521,A,,,1615,,,WITHHOLD,15557.598524758445,15557.598524758445
,,,1616,1521,1617,,release_bn,,,,,,,,WITHHOLD,15557.598524758445,
,,,,1521,1617,,release_enter_race,,,,,,,1616,RACE,15557.598524758445,
,,,,1522,1618,,reorg_or_tip_change,,,1618,1617,,,,RACE,15573.377541424212,
,1618,,,1522,1618,,publish,1522,A,,,1616,,,RACE,15573.377541424212,15573.377541424212
,1618,,,1522,1618,,mine_A_race_success,,,,,,,,RACE,15573.377541424212,
1522,,,,1522,1618,15580.04972978881,mine_A_start_withhold,,,,,,1619,,WITHHOLD,15576.33067060024,
,,,,1523,1619,,reorg_or_tip_change,,,1619,1618,,,,WITHHOLD,15580.04972978881,
,1619,,,1523,1619,,publish,1523,A,,,1618,,,WITHHOLD,15580.04972978881,15580.04972978881
,,,1619,1523,1619,,release_bn,,,,,,,,WITHHOLD,15580.04972978881,
,,,,1523,1619,,release_no_race,,,,,,,,WITHHOLD,15580.04972978881,
1523,,,,1523,1619,15589.15024385397,mine_A_start_withhold,,,,,,1620,,WITHHOLD,15585.4311846654,
,,,,1524,1620,,reorg_or_tip_change,,,1620,1619,,,,WITHHOLD,15589.15024385397,
,1620,,,1524,1620,,publish,1524,A,,,1619,,,WITHHOLD,15589.15024385397,15589.15024385397
,,,1620,1524,1620,,release_bn,,,,,,,,WITHHOLD,15589.15024385397,
,,,,1524,1620,,release_no_race,,,,,,,,WITHHOLD,15589.15024385397,
1524,,,,1524,1620,15596.594827010278,mine_A_start_withhold,,,,,,1621,,WITHHOLD,15592.875767821708,
,,,,1525,1621,,reorg_or_tip_change,,,1621,1620,,,,WITHHOLD,15596.594827010278,
,1621,,,1525,1621,,publish,1525,A,,,1620,,,WITHHOLD,15596.594827010278,15596.594827010278
,,,1621,1525,1621,,release_bn,,,,,,,,WITHHOLD,15596.594827010278,
,,,,1525,1621,,release_no_race,,,,,,,,WITHHOLD,15596.594827010278,
,,,,1526,1622,,reorg_or_tip_change,,,1622,1621,,,,IDLE,15600.039519850534,
,1622,,,1526,1622,,publish,1526,H,,,1621,,,IDLE,15600.039519850534,15600.039519850534
,1622,,,1526,1622,,mine_H_publish,,,,,,,,IDLE,15600.039519850534,
1526,,,,1526,1622,15609.044606401068,mine_A_start_withhold,,,,,,1623,,WITHHOLD,15605.325547212498,
,,,,1527,1623,,reorg_or_tip_change,,,1623,1622,,,,WITHHOLD,15609.044606401068,
,1623,,,1527,1623,,publish,1527,A,,,1622,,,WITHHOLD,15609.044606401068,15609.044606401068
,,,1623,1527,1623,,release_bn,,,,,,,,WITHHOLD,15609.044606401068,
,,,,1527,1623,,release_no_race,,,,,,,,WITHHOLD,15609.044606401068,
1527,,,,1527,1623,15636.204619015762,mine_A_start_withhold,,,,,,1624,,WITHHOLD,15632.485559827192,
,,,,1528,1625,,reorg_or_tip_change,,,1625,1623,,,,WITHHOLD,15636.010613613747,
,1625,,,1528,1625,,publish,1528,H,,,1623,,,WITHHOLD,15636.010613613747,15636.010613613747
,1625,,,1528,1625,,mine_H_publish,,,,,,,,WITHHOLD,15636.010613613747,
,1624,,,1528,1625,,publish,1528,A,,,1623,,,WITHHOLD,15636.204619015762,15636.204619015762
,,,1624,1528,1625,,release_bn,,,,,,,,WITHHOLD,15636.204619015762,
,,,,1528,1625,,release_enter_race,,,,,,,1624,RACE,15636.204619015762,
,,,,1529,1626,,reorg_or_tip_change,,,1626,1625,,,,RACE,15646.067986895185,
,1626,,,1529,1626,,publish,1529,A,,,1624,,,RACE,15646.067986895185,15646.067986895185
,1626,,,1529,1626,,mine_A_race_success,,,,,,,,RACE,15646.067986895185,
,,,,1530,1627,,reorg_or_tip_change,,,1627,1626,,,,IDLE,15646.32158097524,
,1627,,,1530,1627,,publish,1530,H,,,1626,,,IDLE,15646.32158097524,15646.32158097524
,1627,,,1530,1627,,mine_H_publish,,,,,,,,IDLE,15646.32158097524,
1530,,,,1530,1627,15650.123325075392,mine_A_start_withhold,,,,,,1628,,WITHHOLD,15646.404265886822,
,,,,1531,1628,,reorg_or_tip_change,,,1628,1627,,,,WITHHOLD,15650.123325075392,
,1628,,,1531,1628,,publish,1531,A,,,1627,,,WITHHOLD,15650.123325075392,15650.123325075392
,,,1628,1531,1628,,release_bn,,,,,,,,WITHHOLD,15650.123325075392,
,,,,1531,1628,,release_no_race,,,,,,,,WITHHOLD,15650.123325075392,
1531,,,,1531,1628,15658.542873924696,mine_A_start_withhold,,,,,,1629,,WITHHOLD,15654.823814736126,
,,,,1532,1629,,reorg_or_tip_change,,,1629,1628,,,,WITHHOLD,15658.542873924696,
,1629,,,1532,1629,,publish,1532,A,,,1628,,,WITHHOLD,15658.542873924696,15658.542873924696
,,,1629,1532,1629,,release_bn,,,,,,,,WITHHOLD,15658.542873924696,
,,,,1532,1629,,release_no_race,,,,,,,,WITHHOLD,15658.542873924696,
1532,,,,1532,1629,15669.573528361956,mine_A_start_withhold,,,,,,1630,,WITHHOLD,15665.854469173386,
,,,,1533,1631,,reorg_or_tip_change,,,1631,1629,,,,WITHHOLD,15667.974182882044,
,1631,,,1533,1631,,publish,1533,H,,,1629,,,WITHHOLD,15667.974182882044,15667.974182882044
,1631,,,1533,1631,,mine_H_publish,,,,,,,,WITHHOLD,15667.974182882044,
,1630,,,1533,1631,,publish,1533,A,,,1629,,,WITHHOLD,15669.573528361956,15669.573528361956
,,,1630,1533,1631,,release_bn,,,,,,,,WITHHOLD,15669.573528361956,
,,,,1533,1631,,release_enter_race,,,,,,,1630,RACE,15669.573528361956,
,,,,1534,1632,,reorg_or_tip_change,,,1632,1631,,,,RACE,15672.304493602356,
,1632,,,1534,1632,,publish,1534,A,,,1630,,,RACE,15672.304493602356,15672.304493602356
,1632,,,1534,1632,,mine_A_race_success,,,,,,,,RACE,15672.304493602356,
,,,,1535,1633,,reorg_or_tip_change,,,1633,1632,,,,IDLE,15672.76021911937,
,1633,,,1535,1633,,publish,1535,H,,,1632,,,IDLE,15672.76021911937,15672.76021911937
,1633,,,1535,1633,,mine_H_publish,,,,,,,,IDLE,15672.76021911937,
,,,,1536,1634,,reorg_or_tip_change,,,1634,1633,,,,IDLE,15677.003812279198,
,1634,,,1536,1634,,publish,1536,H,,,1633,,,IDLE,15677.003812279198,15677.003812279198
,1634,,,1536,1634,,mine_H_publish,,,,,,,,IDLE,15677.003812279198,
,,,,1537,1635,,reorg_or_tip_change,,,1635,1634,,,,IDLE,15683.971721979397,
,1635,,,1537,1635,,publish,1537,H,,,1634,,,IDLE,15683.971721979397,15683.971721979397
,1635,,,1537,1635,,mine_H_publish,,,,,,,,IDLE,15683.971721979397,
,,,,1538,1636,,reorg_or_tip_change,,,1636,1635,,,,IDLE,15684.325769504036,
,1636,,,1538,1636,,publish,1538,H,,,1635,,,IDLE,15684.325769504036,15684.325769504036
,1636,,,1538,1636,,mine_H_publish,,,,,,,,IDLE,15684.325769504036,
1538,,,,1538,1636,15716.883878684645,mine_A_start_withhold,,,,,,1637,,WITHHOLD,15713.164819496074,
,,,,1539,1637,,reorg_or_tip_change,,,1637,1636,,,,WITHHOLD,15716.883878684645,
,1637,,,1539,1637,,publish,1539,A,,,1636,,,WITHHOLD,15716.883878684645,15716.883878684645
,,,1637,1539,1637,,release_bn,,,,,,,,WITHHOLD,15716.883878684645,
,,,,1539,1637,,release_no_race,,,,,,,,WITHHOLD,15716.883878684645,
1539,,,,1539,1637,15732.739818734985,mine_A_start_withhold,,,,,,1638,,WITHHOLD,15729.020759546414,
,,,,1540,1638,,reorg_or_tip_change,,,1638,1637,,,,WITHHOLD,15732.739818734985,
,1638,,,1540,1638,,publish,1540,A,,,1637,,,WITHHOLD,15732.739818734985,15732.739818734985
,,,1638,1540,1638,,release_bn,,,,,,,,WITHHOLD,15732.739818734985,
,,,,1540,1638,,release_no_race,,,,,,,,WITHHOLD,15732.739818734985,
1540,,,,1540,1638,15737.566726196028,mine_A_start_withhold,,,,,,1639,,WITHHOLD,15733.847667007458,
,,,,1541,1639,,reorg_or_tip_change,,,1639,1638,,,,WITHHOLD,15737.566726196028,
,1639,,,1541,1639,,publish,1541,A,,,1638,,,WITHHOLD,15737.566726196028,15737.566726196028
,,,1639,1541,1639,,release_bn,,,,,,,,WITHHOLD,15737.566726196028,
,,,,1541,1639,,release_no_race,,,,,,,,WITHHOLD,15737.566726196028,
1541,,,,1541,1639,15762.052602962502,mine_A_start_withhold,,,,,,1640,,WITHHOLD,15758.333543773932,
,,,,1542,1640,,reorg_or_tip_change,,,1640,1639,,,,WITHHOLD,15762.052602962502,
,1640,,,1542,1640,,publish,1542,A,,,1639,,,WITHHOLD,15762.052602962502,15762.052602962502
,,,1640,1542,1640,,release_bn,,,,,,,,WITHHOLD,15762.052602962502,
,,,,1542,1640,,release_no_race,,,,,,,,WITHHOLD,15762.052602962502,
,,,,1543,1641,,reorg_or_tip_change,,,1641,1640,,,,IDLE,15765.032830193513,
,1641,,,1543,1641,,publish,1543,H,,,1640,,,IDLE,15765.032830193513,15765.032830193513
,1641,,,1543,1641,,mine_H_publish,,,,,,,,IDLE,15765.032830193513,
,,,,1544,1642,,reorg_or_tip_change,,,1642,1641,,,,IDLE,15786.750186576674,
,1642,,,1544,1642,,publish,1544,H,,,1641,,,IDLE,15786.750186576674,15786.750186576674
,1642,,,1544,1642,,mine_H_publish,,,,,,,,IDLE,15786.750186576674,
,,,,1545,1643,,reorg_or_tip_change,,,1643,1642,,,,IDLE,15788.469065874791,
,1643,,,1545,1643,,publish,1545,H,,,1642,,,IDLE,15788.469065874791,15788.469065874791
,1643,,,1545,1643,,mine_H_publish,,,,,,,,IDLE,15788.469065874791,
,,,,1546,1644,,reorg_or_tip_change,,,1644,1643,,,,IDLE,15788.86414447212,
,1644,,,1546,1644,,publish,1546,H,,,1643,,,IDLE,15788.86414447212,15788.86414447212
,1644,,,1546,1644,,mine_H_publish,,,,,,,,IDLE,15788.86414447212,
,,,,1547,1645,,reorg_or_tip_change,,,1645,1644,,,,IDLE,15798.534270337843,
,1645,,,1547,1645,,publish,1547,H,,,1644,,,IDLE,15798.534270337843,15798.534270337843
,1645,,,1547,1645,,mine_H_publish,,,,,,,,IDLE,15798.534270337843,
1547,,,,1547,1645,15805.54330473846,mine_A_start_withhold,,,,,,1646,,WITHHOLD,15801.82424554989,
,,,,1548,1646,,reorg_or_tip_change,,,1646,1645,,,,WITHHOLD,15805.54330473846,
,1646,,,1548,1646,,publish,1548,A,,,1645,,,WITHHOLD,15805.54330473846,15805.54330473846
,,,1646,1548,1646,,release_bn,,,,,,,,WITHHOLD,15805.54330473846,
,,,,1548,1646,,release_no_race,,,,,,,,WITHHOLD,15805.54330473846,
1548,,,,1548,1646,15817.972678684815,mine_A_start_withhold,,,,,,1647,,WITHHOLD,15814.253619496245,
,,,,1549,1647,,reorg_or_tip_change,,,1647,1646,,,,WITHHOLD,15817.972678684815,
,1647,,,1549,1647,,publish,1549,A,,,1646,,,WITHHOLD,15817.972678684815,15817.972678684815
,,,1647,1549,1647,,release_bn,,,,,,,,WITHHOLD,15817.972678684815,
,,,,1549,1647,,release_no_race,,,,,,,,WITHHOLD,15817.972678684815,
1549,,,,1549,1647,15825.387853400867,mine_A_start_withhold,,,,,,1648,,WITHHOLD,15821.668794212297,
,,,,1550,1648,,reorg_or_tip_change,,,1648,1647,,,,WITHHOLD,15825.387853400867,
,1648,,,1550,1648,,publish,1550,A,,,1647,,,WITHHOLD,15825.387853400867,15825.387853400867
,,,1648,1550,1648,,release_bn,,,,,,,,WITHHOLD,15825.387853400867,
,,,,1550,1648,,release_no_race,,,,,,,,WITHHOLD,15825.387853400867,
1550,,,,1550,1648,15851.294663084296,mine_A_start_withhold,,,,,,1649,,WITHHOLD,15847.575603895726,
,,,,1551,1649,,reorg_or_tip_change,,,1649,1648,,,,WITHHOLD,15850.56707242631,
,1649,,,1551,1649,,publish,1551,A,,,1648,,,WITHHOLD,15850.56707242631,15850.56707242631
,,,,1552,1650,,reorg_or_tip_change,,,1650,1649,,,,WITHHOLD,15850.56707242631,
,1650,,,1552,1650,,publish,1552,A,,,1649,,,WITHHOLD,15850.56707242631,15850.56707242631
,,1650,1649,1552,1650,,mine_A_withhold_success,,,,,,,,WITHHOLD,15850.56707242631,
,,,,1553,1651,,reorg_or_tip_change,,,1651,1650,,,,IDLE,15851.898272978815,
,1651,,,1553,1651,,publish,1553,H,,,1650,,,IDLE,15851.898272978815,15851.898272978815
,1651,,,1553,1651,,mine_H_publish,,,,,,,,IDLE,15851.898272978815,
1553,,,,1553,1651,15864.497602070618,mine_A_start_withhold,,,,,,1652,,WITHHOLD,15860.778542882048,
,,,,1554,1652,,reorg_or_tip_change,,,1652,1651,,,,WITHHOLD,15864.497602070618,
,1652,,,1554,1652,,publish,1554,A,,,1651,,,WITHHOLD,15864.497602070618,15864.497602070618
,,,1652,1554,1652,,release_bn,,,,,,,,WITHHOLD,15864.497602070618,
,,,,1554,1652,,release_no_race,,,,,,,,WITHHOLD,15864.497602070618,
1554,,,,1554,1652,15877.956829963703,mine_A_start_withhold,,,,,,1653,,WITHHOLD,15874.237770775133,
,,,,1555,1653,,reorg_or_tip_change,,,1653,1652,,,,WITHHOLD,15877.956829963703,
,1653,,,1555,1653,,publish,1555,A,,,1652,,,WITHHOLD,15877.956829963703,15877.956829963703
,,,1653,1555,1653,,release_bn,,,,,,,,WITHHOLD,15877.956829963703,
,,,,1555,1653,,release_no_race,,,,,,,,WITHHOLD,15877.956829963703,
,,,,1556,1654,,reorg_or_tip_change,,,1654,1653,,,,IDLE,15891.075415597878,
,1654,,,1556,1654,,publish,1556,H,,,1653,,,IDLE,15891.075415597878,15891.075415597878
,1654,,,1556,1654,,mine_H_publish,,,,,,,,IDLE,15891.075415597878,
,,,,1557,1655,,reorg_or_tip_change,,,1655,1654,,,,IDLE,15909.246983881549,
,1655,,,1557,1655,,publish,1557,H,,,1654,,,IDLE,15909.246983881549,15909.246983881549
,1655,,,1557,1655,,mine_H_publish,,,,,,,,IDLE,15909.246983881549,
1557,,,,1557,1655,15928.258748442422,mine_A_start_withhold,,,,,,1656,,WITHHOLD,15924.539689253852,
,,,,1558,1656,,reorg_or_tip_change,,,1656,1655,,,,WITHHOLD,15928.258748442422,
,1656,,,1558,1656,,publish,1558,A,,,1655,,,WITHHOLD,15928.258748442422,15928.258748442422
,,,1656,1558,1656,,release_bn,,,,,,,,WITHHOLD,15928.258748442422,
,,,,1558,1656,,release_no_race,,,,,,,,WITHHOLD,15928.258748442422,
1558,,,,1558,1656,15949.11643253344,mine_A_start_withhold,,,,,,1657,,WITHHOLD,15945.39737334487,
,,,,1559,1657,,reorg_or_tip_change,,,1657,1656,,,,WITHHOLD,15949.11643253344,
,1657,,,1559,1657,,publish,1559,A,,,1656,,,WITHHOLD,15949.11643253344,15949.11643253344
,,,1657,1559,1657,,release_bn,,,,,,,,WITHHOLD,15949.11643253344,
,,,,1559,1657,,release_no_race,,,,,,,,WITHHOLD,15949.11643253344,
1559,,,,1559,1657,15953.724104596115,mine_A_start_withhold,,,,,,1658,,WITHHOLD,15950.005045407544,
,,,,1560,1658,,reorg_or_tip_change,,,1658,1657,,,,WITHHOLD,15953.724104596115,
,1658,,,1560,1658,,publish,1560,A,,,1657,,,WITHHOLD,15953.724104596115,15953.724104596115
,,,1658,1560,1658,,release_bn,,,,,,,,WITHHOLD,15953.724104596115,
,,,,1560,1658,,release_no_race,,,,,,,,WITHHOLD,15953.724104596115,
1560,,,,1560,1658,15992.047403408278,mine_A_start_withhold,,,,,,1659,,WITHHOLD,15988.328344219708,
,,,,1561,1660,,reorg_or_tip_change,,,1660,1658,,,,WITHHOLD,15989.554777199222,
,1660,,,1561,1660,,publish,1561,H,,,1658,,,WITHHOLD,15989.554777199222,15989.554777199222
,1660,,,1561,1660,,mine_H_publish,,,,,,,,WITHHOLD,15989.554777199222,
,,,,1562,1661,,reorg_or_tip_change,,,1661,1660,,,,WITHHOLD,15989.768456151322,
,1661,,,1562,1661,,publish,1562,H,,,1660,,,WITHHOLD,15989.768456151322,15989.768456151322
,1661,,,1562,1661,,mine_H_publish,,,,,,,,WITHHOLD,15989.768456151322,
,,,,1562,1661,,withhold_abort_honest_advanced,,,,,,,,WITHHOLD,15989.768456151322,
1562,,,,1562,1661,16006.37952969819,mine_A_start_withhold,,,,,,1662,,WITHHOLD,16002.66047050962,
,,,,1563,1662,,reorg_or_tip_change,,,1662,1661,,,,WITHHOLD,16005.693778106157,
,1662,,,1563,1662,,publish,1563,A,,,1661,,,WITHHOLD,16005.693778106157,16005.693778106157
,,,,1564,1663,,reorg_or_tip_change,,,1663,1662,,,,WITHHOLD,16005.693778106157,
,1663,,,1564,1663,,publish,1564,A,,,1662,,,WITHHOLD,16005.693778106157,16005.693778106157
,,1663,1662,1564,1663,,mine_A_withhold_success,,,,,,,,WITHHOLD,16005.693778106157,
,,,,1565,1664,,reorg_or_tip_change,,,1664,1663,,,,IDLE,16015.96646596229,
,1664,,,1565,1664,,publish,1565,H,,,1663,,,IDLE,16015.96646596229,16015.96646596229
,1664,,,1565,1664,,mine_H_publish,,,,,,,,IDLE,16015.96646596229,
1565,,,,1565,1664,16028.509703248106,mine_A_start_withhold,,,,,,1665,,WITHHOLD,16024.790644059536,
,,,,1566,1665,,reorg_or_tip_change,,,1665,1664,,,,WITHHOLD,16028.509703248106,
,1665,,,1566,1665,,publish,1566,A,,,1664,,,WITHHOLD,16028.509703248106,16028.509703248106
,,,1665,1566,1665,,release_bn,,,,,,,,WITHHOLD,16028.509703248106,
,,,,1566,1665,,release_no_race,,,,,,,,WITHHOLD,16028.509703248106,
1566,,,,1566,1665,16032.499082321321,mine_A_start_withhold,,,,,,1666,,WITHHOLD,16028.780023132751,
,,,,1567,1666,,reorg_or_tip_change,,,1666,1665,,,,WITHHOLD,16032.499082321321,
,1666,,,1567,1666,,publish,1567,A,,,1665,,,WITHHOLD,16032.499082321321,16032.499082321321
,,,1666,1567,1666,,release_bn,,,,,,,,WITHHOLD,16032.499082321321,
,,,,1567,1666,,release_no_race,,,,,,,,WITHHOLD,16032.499082321321,
1567,,,,1567,1666,16039.881119333486,mine_A_start_withhold,,,,,,1667,,WITHHOLD,16036.162060144916,
,,,,1568,1667,,reorg_or_tip_change,,,1667,1666,,,,WITHHOLD,16039.881119333486,
,1667,,,1568,1667,,publish,1568,A,,,1666,,,WITHHOLD,16039.881119333486,16039.881119333486
,,,1667,1568,1667,,release_bn,,,,,,,,WITHHOLD,16039.881119333486,
,,,,1568,1667,,release_no_race,,,,,,,,WITHHOLD,16039.881119333486,
,,,,1569,1668,,reorg_or_tip_change,,,1668,1667,,,,IDLE,16065.205123767197,
,1668,,,1569,1668,,publish,1569,H,,,1667,,,IDLE,16065.205123767197,16065.205123767197
,1668,,,1569,1668,,mine_H_publish,,,,,,,,IDLE,16065.205123767197,
,,,,1570,1669,,reorg_or_tip_change,,,1669,1668,,,,IDLE,16071.637549934547,
,1669,,,1570,1669,,publish,1570,H,,,1668,,,IDLE,16071.637549934547,16071.637549934547
,1669,,,1570,1669,,mine_H_publish,,,,,,,,IDLE,16071.637549934547,
,,,,1571,1670,,reorg_or_tip_change,,,1670,1669,,,,IDLE,16073.260711755465,
,1670,,,1571,1670,,publish,1571,H,,,1669,,,IDLE,16073.260711755465,16073.260711755465
,1670,,,1571,1670,,mine_H_publish,,,,,,,,IDLE,16073.260711755465,
1571,,,,1571,1670,16077.751168512323,mine_A_start_withhold,,,,,,1671,,WITHHOLD,16074.032109323753,
,,,,1572,1671,,reorg_or_tip_change,,,1671,1670,,,,WITHHOLD,16077.751168512323,
,1671,,,1572,1671,,publish,1572,A,,,1670,,,WITHHOLD,16077.751168512323,16077.751168512323
,,,1671,1572,1671,,release_bn,,,,,,,,WITHHOLD,16077.751168512323,
,,,,1572,1671,,release_no_race,,,,,,,,WITHHOLD,16077.751168512323,
1572,,,,1572,1671,16089.280274801813,mine_A_start_withhold,,,,,,1672,,WITHHOLD,16085.561215613243,
,,,,1573,1673,,reorg_or_tip_change,,,1673,1671,,,,WITHHOLD,16085.713373771072,
,1673,,,1573,1673,,publish,1573,H,,,1671,,,WITHHOLD,16085.713373771072,16085.713373771072
,1673,,,1573,1673,,mine_H_publish,,,,,,,,WITHHOLD,16085.713373771072,
,,,,1574,1674,,reorg_or_tip_change,,,1674,1673,,,,WITHHOLD,16086.418085553327,
,1674,,,1574,1674,,publish,1574,H,,,1673,,,WITHHOLD,16086.418085553327,16086.418085553327
,1674,,,1574,1674,,mine_H_publish,,,,,,,,WITHHOLD,16086.418085553327,
,,,,1574,1674,,withhold_abort_honest_advanced,,,,,,,,WITHHOLD,16086.418085553327,
1574,,,,1574,1674,16140.41569640705,mine_A_start_withhold,,,,,,1675,,WITHHOLD,16136.69663721848,
,,,,1575,1675,,reorg_or_tip_change,,,1675,1674,,,,WITHHOLD,16140.41569640705,
,1675,,,1575,1675,,publish,1575,A,,,1674,,,WITHHOLD,16140.41569640705,16140.41569640705
,,,1675,1575,1675,,release_bn,,,,,,,,WITHHOLD,16140.41569640705,
,,,,1575,1675,,release_no_race,,,,,,,,WITHHOLD,16140.41569640705,
1575,,,,1575,1675,16150.092983922852,mine_A_start_withhold,,,,,,1676,,WITHHOLD,16146.373924734282,
,,,,1576,1676,,reorg_or_tip_change,,,1676,1675,,,,WITHHOLD,16150.092983922852,
,1676,,,1576,1676,,publish,1576,A,,,1675,,,WITHHOLD,16150.092983922852,16150.092983922852
,,,1676,1576,1676,,release_bn,,,,,,,,WITHHOLD,16150.092983922852,
,,,,1576,1676,,release_no_race,,,,,,,,WITHHOLD,16150.092983922852,
1576,,,,1576,1676,16156.303807454819,mine_A_start_withhold,,,,,,1677,,WITHHOLD,16152.584748266248,
,,,,1577,1678,,reorg_or_tip_change,,,1678,1676,,,,WITHHOLD,16154.654062026764,
,1678,,,1577,1678,,publish,1577,H,,,1676,,,WITHHOLD,16154.654062026764,16154.654062026764
,1678,,,1577,1678,,mine_H_publish,,,,,,,,WITHHOLD,16154.654062026764,
,1677,,,1577,1678,,publish,1577,A,,,1676,,,WITHHOLD,16156.303807454819,16156.303807454819
,,,1677,1577,1678,,release_bn,,,,,,,,WITHHOLD,16156.303807454819,
,,,,1577,1678,,release_enter_race,,,,,,,1677,RACE,16156.303807454819,
,,,,1578,1679,,reorg_or_tip_change,,,1679,1678,,,,RACE,16162.038721549952,
,1679,,,1578,1679,,publish,1578,A,,,1677,,,RACE,16162.038721549952,16162.038721549952
,1679,,,1578,1679,,mine_A_race_success,,,,,,,,RACE,16162.038721549952,
1578,,,,1578,1679,16175.467907100972,mine_A_start_withhold,,,,,,1680,,WITHHOLD,16171.748847912402,
,,,,1579,1680,,reorg_or_tip_change,,,1680,1679,,,,WITHHOLD,16175.467907100972,
,1680,,,1579,1680,,publish,1579,A,,,1679,,,WITHHOLD,16175.467907100972,16175.467907100972
,,,1680,1579,1680,,release_bn,,,,,,,,WITHHOLD,16175.467907100972,
,,,,1579,1680,,release_no_race,,,,,,,,WITHHOLD,16175.467907100972,
1579,,,,1579,1680,16208.253423337776,mine_A_start_withhold,,,,,,1681,,WITHHOLD,16204.534364149205,
,,,,1580,1681,,reorg_or_tip_change,,,1681,1680,,,,WITHHOLD,16208.253423337776,
,1681,,,1580,1681,,publish,1580,A,,,1680,,,WITHHOLD,16208.253423337776,16208.253423337776
,,,1681,1580,1681,,release_bn,,,,,,,,WITHHOLD,16208.253423337776,
,,,,1580,1681,,release_no_race,,,,,,,,WITHHOLD,16208.253423337776,
,,,,1581,1682,,reorg_or_tip_change,,,1682,1681,,,,IDLE,16210.42165953424,
,1682,,,1581,1682,,publish,1581,H,,,1681,,,IDLE,16210.42165953424,16210.42165953424
,1682,,,1581,1682,,mine_H_publish,,,,,,,,IDLE,16210.42165953424,
1581,,,,1581,1682,16232.399987875348,mine_A_start_withhold,,,,,,1683,,WITHHOLD,16228.680928686777,
,,,,1582,1683,,reorg_or_tip_change,,,1683,1682,,,,WITHHOLD,16232.399987875348,
,1683,,,1582,1683,,publish,1582,A,,,1682,,,WITHHOLD,16232.399987875348,16232.399987875348
,,,1683,1582,1683,,release_bn,,,,,,,,WITHHOLD,16232.399987875348,
,,,,1582,1683,,release_no_race,,,,,,,,WITHHOLD,16232.399987875348,
1582,,,,1582,1683,16255.323667812738,mine_A_start_withhold,,,,,,1684,,WITHHOLD,16251.604608624168,
,,,,1583,1684,,reorg_or_tip_change,,,1684,1683,,,,WITHHOLD,16255.323667812738,
,1684,,,1583,1684,,publish,1583,A,,,1683,,,WITHHOLD,16255.323667812738,16255.323667812738
,,,1684,1583,1684,,release_bn,,,,,,,,WITHHOLD,16255.323667812738,
,,,,1583,1684,,release_no_race,,,,,,,,WITHHOLD,16255.323667812738,
,,,,1584,1685,,reorg_or_tip_change,,,1685,1684,,,,IDLE,16258.319824723814,
,1685,,,1584,1685,,publish,1584,H,,,1684,,,IDLE,16258.319824723814,16258.319824723814
,1685,,,1584,1685,,mine_H_publish,,,,,,,,IDLE,16258.319824723814,
,,,,1585,1686,,reorg_or_tip_change,,,1686,1685,,,,IDLE,16288.56801858392,
,1686,,,1585,1686,,publish,1585,H,,,1685,,,IDLE,16288.56801858392,16288.56801858392
,1686,,,1585,1686,,mine_H_publish,,,,,,,,IDLE,16288.56801858392,
1585,,,,1585,1686,16304.044006281274,mine_A_start_withhold,,,,,,1687,,WITHHOLD,16300.324947092704,
,,,,1586,1687,,reorg_or_tip_change,,,1687,1686,,,,WITHHOLD,16302.646483046403,
,1687,,,1586,1687,,publish,1586,A,,,1686,,,WITHHOLD,16302.646483046403,16302.646483046403
,,,,1587,1688,,reorg_or_tip_change,,,1688,1687,,,,WITHHOLD,16302.646483046403,
,1688,,,1587,1688,,publish,1587,A,,,1687,,,WITHHOLD,16302.646483046403,16302.646483046403
,,1688,1687,1587,1688,,mine_A_withhold_success,,,,,,,,WITHHOLD,16302.646483046403,
,,,,1588,1689,,reorg_or_tip_change,,,1689,1688,,,,IDLE,16316.797896701692,
,1689,,,1588,1689,,publish,1588,H,,,1688,,,IDLE,16316.797896701692,16316.797896701692
,1689,,,1588,1689,,mine_H_publish,,,,,,,,IDLE,16316.797896701692,
1588,,,,1588,1689,16321.15776837231,mine_A_start_withhold,,,,,,1690,,WITHHOLD,16317.43870918374,
,,,,1589,1690,,reorg_or_tip_change,,,1690,1689,,,,WITHHOLD,16321.15776837231,
,1690,,,1589,1690,,publish,1589,A,,,1689,,,WITHHOLD,16321.15776837231,16321.15776837231
,,,1690,1589,1690,,release_bn,,,,,,,,WITHHOLD,16321.15776837231,
,,,,1589,1690,,release_no_race,,,,,,,,WITHHOLD,16321.15776837231,
1589,,,,1589,1690,16328.812708374973,mine_A_start_withhold,,,,,,1691,,WITHHOLD,16325.093649186403,
,,,,1590,1691,,reorg_or_tip_change,,,1691,1690,,,,WITHHOLD,16328.812708374973,
,1691,,,1590,1691,,publish,1590,A,,,1690,,,WITHHOLD,16328.812708374973,16328.812708374973
,,,1691,1590,1691,,release_bn,,,,,,,,WITHHOLD,16328.812708374973,
,,,,1590,1691,,release_no_race,,,,,,,,WITHHOLD,16328.812708374973,
1590,,,,1590,1691,16336.546447415012,mine_A_start_withhold,,,,,,1692,,WITHHOLD,16332.827388226442,
,,,,1591,1692,,reorg_or_tip_change,,,1692,1691,,,,WITHHOLD,16335.47060909062,
,1692,,,1591,1692,,publish,1591,A,,,1691,,,WITHHOLD,16335.47060909062,16335.47060909062
,,,,1592,1693,,reorg_or_tip_change,,,1693,1692,,,,WITHHOLD,16335.47060909062,
,1693,,,1592,1693,,publish,1592,A,,,1692,,,WITHHOLD,16335.47060909062,16335.47060909062
,,1693,1692,1592,1693,,mine_A_withhold_success,,,,,,,,WITHHOLD,16335.47060909062,
,,,,1593,1694,,reorg_or_tip_change,,,1694,1693,,,,IDLE,16340.184708722038,
,1694,,,1593,1694,,publish,1593,H,,,1693,,,IDLE,16340.184708722038,16340.184708722038
,1694,,,1593,1694,,mine_H_publish,,,,,,,,IDLE,16340.184708722038,
,,,,1594,1695,,reorg_or_tip_change,,,1695,1694,,,,IDLE,16359.935384833421,
,1695,,,1594,1695,,publish,1594,H,,,1694,,,IDLE,16359.935384833421,16359.935384833421
,1695,,,1594,1695,,mine_H_publish,,,,,,,,IDLE,16359.935384833421,
1594,,,,1594,1695,16368.940501257895,mine_A_start_withhold,,,,,,1696,,WITHHOLD,16365.221442069325,
,,,,1595,1696,,reorg_or_tip_change,,,1696,1695,,,,WITHHOLD,16368.940501257895,
,1696,,,1595,1696,,publish,1595,A,,,1695,,,WITHHOLD,16368.940501257895,16368.940501257895
,,,1696,1595,1696,,release_bn,,,,,,,,WITHHOLD,16368.940501257895,
,,,,1595,1696,,release_no_race,,,,,,,,WITHHOLD,16368.940501257895,
1595,,,,1595,1696,16378.286247217211,mine_A_start_withhold,,,,,,1697,,WITHHOLD,16374.56718802864,
,,,,1596,1697,,reorg_or_tip_change,,,1697,1696,,,,WITHHOLD,16378.286247217211,
,1697,,,1596,1697,,publish,1596,A,,,1696,,,WITHHOLD,16378.286247217211,16378.286247217211
,,,1697,1596,1697,,release_bn,,,,,,,,WITHHOLD,16378.286247217211,
,,,,1596,1697,,release_no_race,,,,,,,,WITHHOLD,16378.286247217211,
,,,,1597,1698,,reorg_or_tip_change,,,1698,1697,,,,IDLE,16381.003488083186,
,1698,,,1597,1698,,publish,1597,H,,,1697,,,IDLE,16381.003488083186,16381.003488083186
,1698,,,1597,1698,,mine_H_publish,,,,,,,,IDLE,16381.003488083186,
1597,,,,1597,1698,16406.168404265878,mine_A_start_withhold,,,,,,1699,,WITHHOLD,16402.449345077308,
,,,,1598,1700,,reorg_or_tip_change,,,1700,1698,,,,WITHHOLD,16405.09083042591,
,1700,,,1598,1700,,publish,1598,H,,,1698,,,WITHHOLD,16405.09083042591,16405.09083042591
,1700,,,1598,1700,,mine_H_publish,,,,,,,,WITHHOLD,16405.09083042591,
,1699,,,1598,1700,,publish,1598,A,,,1698,,,WITHHOLD,16406.168404265878,16406.168404265878
,,,1699,1598,1700,,release_bn,,,,,,,,WITHHOLD,16406.168404265878,
,,,,1598,1700,,release_enter_race,,,,,,,1699,RACE,16406.168404265878,
,,,,1599,1701,,reorg_or_tip_change,,,1701,1700,,,,RACE,16415.05878902818,
,1701,,,1599,1701,,publish,1599,A,,,1699,,,RACE,16415.05878902818,16415.05878902818
,1701,,,1599,1701,,mine_A_race_success,,,,,,,,RACE,16415.05878902818,
1599,,,,1599,1701,16421.281701530384,mine_A_start_withhold,,,,,,1702,,WITHHOLD,16417.562642341814,
,,,,1600,1702,,reorg_or_tip_change,,,1702,1701,,,,WITHHOLD,16417.823602788758,
,1702,,,1600,1702,,publish,1600,A,,,1701,,,WITHHOLD,16417.823602788758,16417.823602788758
,,,,1601,1703,,reorg_or_tip_change,,,1703,1702,,,,WITHHOLD,16417.823602788758,
,1703,,,1601,1703,,publish,1601,A,,,1702,,,WITHHOLD,16417.823602788758,16417.823602788758
,,1703,1702,1601,1703,,mine_A_withhold_success,,,,,,,,WITHHOLD,16417.823602788758,
,,,,1602,1704,,reorg_or_tip_change,,,1704,1703,,,,IDLE,16449.59147310052,
,1704,,,1602,1704,,publish,1602,H,,,1703,,,IDLE,16449.59147310052,16449.59147310052
,1704,,,1602,1704,,mine_H_publish,,,,,,,,IDLE,16449.59147310052,
,,,,1603,1705,,reorg_or_tip_change,,,1705,1704,,,,IDLE,16451.77930628271,
,1705,,,1603,1705,,publish,1603,H,,,1704,,,IDLE,16451.77930628271,16451.77930628271
,1705,,,1603,1705,,mine_H_publish,,,,,,,,IDLE,16451.77930628271,
1603,,,,1603,1705,16455.658254175392,mine_A_start_withhold,,,,,,1706,,WITHHOLD,16451.939194986822,
,,,,1604,1706,,reorg_or_tip_change,,,1706,1705,,,,WITHHOLD,16455.658254175392,
,1706,,,1604,1706,,publish,1604,A,,,1705,,,WITHHOLD,16455.658254175392,16455.658254175392
,,,1706,1604,1706,,release_bn,,,,,,,,WITHHOLD,16455.658254175392,
,,,,1604,1706,,release_no_race,,,,,,,,WITHHOLD,16455.658254175392,
,,,,1605,1707,,reorg_or_tip_change,,,1707,1706,,,,IDLE,16458.054160382868,
,1707,,,1605,1707,,publish,1605,H,,,1706,,,IDLE,16458.054160382868,16458.054160382868
,1707,,,1605,1707,,mine_H_publish,,,,,,,,IDLE,16458.054160382868,
1605,,,,1605,1707,16461.936945481164,mine_A_start_withhold,,,,,,1708,,WITHHOLD,16458.217886292594,
,,,,1606,1708,,reorg_or_tip_change,,,1708,1707,,,,WITHHOLD,16461.936945481164,
,1708,,,1606,1708,,publish,1606,A,,,1707,,,WITHHOLD,16461.936945481164,16461.936945481164
,,,1708,1606,1708,,release_bn,,,,,,,,WITHHOLD,16461.936945481164,
,,,,1606,1708,,release_no_race,,,,,,,,WITHHOLD,16461.936945481164,
1606,,,,1606,1708,16473.98354887649,mine_A_start_withhold,,,,,,1709,,WITHHOLD,16470.26448968792,
,,,,1607,1709,,reorg_or_tip_change,,,1709,1708,,,,WITHHOLD,16472.85756491355,
,1709,,,1607,1709,,publish,1607,A,,,1708,,,WITHHOLD,16472.85756491355,16472.85756491355
,,,,1608,1710,,reorg_or_tip_change,,,1710,1709,,,,WITHHOLD,16472.85756491355,
,1710,,,1608,1710,,publish,1608,A,,,1709,,,WITHHOLD,16472.85756491355,16472.85756491355
,,1710,1709,1608,1710,,mine_A_withhold_success,,,,,,,,WITHHOLD,16472.85756491355,
1608,,,,1608,1710,16479.662682201055,mine_A_start_withhold,,,,,,1711,,WITHHOLD,16475.943623012485,
,,,,1609,1711,,reorg_or_tip_change,,,1711,1710,,,,WITHHOLD,16478.65546676619,
,1711,,,1609,1711,,publish,1609,A,,,1710,,,WITHHOLD,16478.65546676619,16478.65546676619
,,,,1610,1712,,reorg_or_tip_change,,,1712,1711,,,,WITHHOLD,16478.65546676619,
,1712,,,1610,1712,,publish,1610,A,,,1711,,,WITHHOLD,16478.65546676619,16478.65546676619
,,1712,1711,1610,1712,,mine_A_withhold_success,,,,,,,,WITHHOLD,16478.65546676619,
1610,,,,1610,1712,16485.670511952434,mine_A_start_withhold,,,,,,1713,,WITHHOLD,16481.951452763864,
,,,,1611,1713,,reorg_or_tip_change,,,1713,1712,,,,WITHHOLD,16485.670511952434,
,1713,,,1611,1713,,publish,1611,A,,,1712,,,WITHHOLD,16485.670511952434,16485.670511952434
,,,1713,1611,1713,,release_bn,,,,,,,,WITHHOLD,16485.670511952434,
,,,,1611,1713,,release_no_race,,,,,,,,WITHHOLD,16485.670511952434,
1611,,,,1611,1713,16518.66095752358,mine_A_start_withhold,,,,,,1714,,WITHHOLD,16514.94189833501,
,,,,1612,1714,,reorg_or_tip_change,,,1714,1713,,,,WITHHOLD,16518.66095752358,
,1714,,,1612,1714,,publish,1612,A,,,1713,,,WITHHOLD,16518.66095752358,16518.66095752358
,,,1714,1612,1714,,release_bn,,,,,,,,WITHHOLD,16518.66095752358,
,,,,1612,1714,,release_no_race,,,,,,,,WITHHOLD,16518.66095752358,
,,,,1613,1715,,reorg_or_tip_change,,,1715,1714,,,,IDLE,16534.650188272026,
,1715,,,1613,1715,,publish,1613,H,,,1714,,,IDLE,16534.650188272026,16534.650188272026
,1715,,,1613,1715,,mine_H_publish,,,,,,,,IDLE,16534.650188272026,
,,,,1614,1716,,reorg_or_tip_change,,,1716,1715,,,,IDLE,16540.272316373736,
,1716,,,1614,1716,,publish,1614,H,,,1715,,,IDLE,16540.272316373736,16540.272316373736
,1716,,,1614,1716,,mine_H_publish,,,,,,,,IDLE,16540.272316373736,
,,,,1615,1717,,reorg_or_tip_change,,,1717,1716,,,,IDLE,16544.206140115788,
,1717,,,1615,1717,,publish,1615,H,,,1716,,,IDLE,16544.206140115788,16544.206140115788
,1717,,,1615,1717,,mine_H_publish,,,,,,,,IDLE,16544.206140115788,
1615,,,,1615,1717,16576.49873082326,mine_A_start_withhold,,,,,,1718,,WITHHOLD,16572.77967163469,
,,,,1616,1718,,reorg_or_tip_change,,,1718,1717,,,,WITHHOLD,16576.49873082326,
,1718,,,1616,1718,,publish,1616,A,,,1717,,,WITHHOLD,16576.49873082326,16576.49873082326
,,,1718,1616,1718,,release_bn,,,,,,,,WITHHOLD,16576.49873082326,
,,,,1616,1718,,release_no_race,,,,,,,,WITHHOLD,16576.49873082326,
1616,,,,1616,1718,16603.856129029235,mine_A_start_withhold,,,,,,1719,,WITHHOLD,16600.137069840664,
,,,,1617,1720,,reorg_or_tip_change,,,1720,1718,,,,WITHHOLD,16603.429018385803,
,1720,,,1617,1720,,publish,1617,H,,,1718,,,WITHHOLD,16603.429018385803,16603.429018385803
,1720,,,1617,1720,,mine_H_publish,,,,,,,,WITHHOLD,16603.429018385803,
,1719,,,1617,1720,,publish,1617,A,,,1718,,,WITHHOLD,16603.856129029235,16603.856129029235
,,,1719,1617,1720,,release_bn,,,,,,,,WITHHOLD,16603.856129029235,
,,,,1617,1720,,release_enter_race,,,,,,,1719,RACE,16603.856129029235,
,,,,1618,1721,,reorg_or_tip_change,,,1721,1720,,,,RACE,16606.708419468214,
,1721,,,1618,1721,,publish,1618,A,,,1719,,,RACE,16606.708419468214,16606.708419468214
,1721,,,1618,1721,,mine_A_race_success,,,,,,,,RACE,16606.708419468214,
,,,,1619,1722,,reorg_or_tip_change,,,1722,1721,,,,IDLE,16609.51288286385,
,1722,,,1619,1722,,publish,1619,H,,,1721,,,IDLE,16609.51288286385,16609.51288286385
,1722,,,1619,1722,,mine_H_publish,,,,,,,,IDLE,16609.51288286385,
,,,,1620,1723,,reorg_or_tip_change,,,1723,1722,,,,IDLE,16622.195434944166,
,1723,,,1620,1723,,publish,1620,H,,,1722,,,IDLE,16622.195434944166,16622.195434944166
,1723,,,1620,1723,,mine_H_publish,,,,,,,,IDLE,16622.195434944166,
1620,,,,1620,1723,16635.141588467326,mine_A_start_withhold,,,,,,1724,,WITHHOLD,16631.422529278756,
,,,,1621,1724,,reorg_or_tip_change,,,1724,1723,,,,WITHHOLD,16635.141588467326,
,1724,,,1621,1724,,publish,1621,A,,,1723,,,WITHHOLD,16635.141588467326,16635.141588467326
,,,1724,1621,1724,,release_bn,,,,,,,,WITHHOLD,16635.141588467326,
,,,,1621,1724,,release_no_race,,,,,,,,WITHHOLD,16635.141588467326,
1621,,,,1621,1724,16645.38580534124,mine_A_start_withhold,,,,,,1725,,WITHHOLD,16641.66674615267,
,,,,1622,1725,,reorg_or_tip_change,,,1725,1724,,,,WITHHOLD,16643.27450963124,
,1725,,,1622,1725,,publish,1622,A,,,1724,,,WITHHOLD,16643.27450963124,16643.27450963124
,,,,1623,1726,,reorg_or_tip_change,,,1726,1725,,,,WITHHOLD,16643.27450963124,
,1726,,,1623,1726,,publish,1623,A,,,1725,,,WITHHOLD,16643.27450963124,16643.27450963124
,,1726,1725,1623,1726,,mine_A_withhold_success,,,,,,,,WITHHOLD,16643.27450963124,
,,,,1624,1727,,reorg_or_tip_change,,,1727,1726,,,,IDLE,16646.71944117388,
,1727,,,1624,1727,,publish,1624,H,,,1726,,,IDLE,16646.71944117388,16646.71944117388
,1727,,,1624,1727,,mine_H_publish,,,,,,,,IDLE,16646.71944117388,
,,,,1625,1728,,reorg_or_tip_change,,,1728,1727,,,,IDLE,16655.41145737545,
,1728,,,1625,1728,,publish,1625,H,,,1727,,,IDLE,16655.41145737545,16655.41145737545
,1728,,,1625,1728,,mine_H_publish,,,,,,,,IDLE,16655.41145737545,
1625,,,,1625,1728,16663.454266521607,mine_A_start_withhold,,,,,,1729,,WITHHOLD,16659.735207333037,
,,,,1626,1729,,reorg_or_tip_change,,,1729,1728,,,,WITHHOLD,16663.454266521607,
,1729,,,1626,1729,,publish,1626,A,,,1728,,,WITHHOLD,16663.454266521607,16663.454266521607
,,,1729,1626,1729,,release_bn,,,,,,,,WITHHOLD,16663.454266521607,
,,,,1626,1729,,release_no_race,,,,,,,,WITHHOLD,16663.454266521607,
1626,,,,1626,1729,16701.40528008958,mine_A_start_withhold,,,,,,1730,,WITHHOLD,16697.68622090101,
,,,,1627,1730,,reorg_or_tip_change,,,1730,1729,,,,WITHHOLD,16701.40528008958,
,1730,,,1627,1730,,publish,1627,A,,,1729,,,WITHHOLD,16701.40528008958,16701.40528008958
,,,1730,1627,1730,,release_bn,,,,,,,,WITHHOLD,16701.40528008958,
,,,,1627,1730,,release_no_race,,,,,,,,WITHHOLD,16701.40528008958,
,,,,1628,1731,,reorg_or_tip_change,,,1731,1730,,,,IDLE,16719.33382506317,
,1731,,,1628,1731,,publish,1628,H,,,1730,,,IDLE,16719.33382506317,16719.33382506317
,1731,,,1628,1731,,mine_H_publish,,,,,,,,IDLE,16719.33382506317,
1628,,,,1628,1731,16728.128805089666,mine_A_start_withhold,,,,,,1732,,WITHHOLD,16724.409745901095,
,,,,1629,1732,,reorg_or_tip_change,,,1732,1731,,,,WITHHOLD,16724.436894830415,
,1732,,,1629,1732,,publish,1629,A,,,1731,,,WITHHOLD,16724.436894830415,16724.436894830415
,,,,1630,1733,,reorg_or_tip_change,,,1733,1732,,,,WITHHOLD,16724.436894830415,
,1733,,,1630,1733,,publish,1630,A,,,1732,,,WITHHOLD,16724.436894830415,16724.436894830415
,,1733,1732,1630,1733,,mine_A_withhold_success,,,,,,,,WITHHOLD,16724.436894830415,
,,,,1631,1734,,reorg_or_tip_change,,,1734,1733,,,,IDLE,16766.437046525363,
,1734,,,1631,1734,,publish,1631,H,,,1733,,,IDLE,16766.437046525363,16766.437046525363
,1734,,,1631,1734,,mine_H_publish,,,,,,,,IDLE,16766.437046525363,
,,,,1632,1735,,reorg_or_tip_change,,,1735,1734,,,,IDLE,16800.242197992888,
,1735,,,1632,1735,,publish,1632,H,,,1734,,,IDLE,16800.242197992888,16800.242197992888
,1735,,,1632,1735,,mine_H_publish,,,,,,,,IDLE,16800.242197992888,
,,,,1633,1736,,reorg_or_tip_change,,,1736,1735,,,,IDLE,16804.651188104,
,1736,,,1633,1736,,publish,1633,H,,,1735,,,IDLE,16804.651188104,16804.651188104
,1736,,,1633,1736,,mine_H_publish,,,,,,,,IDLE,16804.651188104,
1633,,,,1633,1736,16809.8255978776,mine_A_start_withhold,,,,,,1737,,WITHHOLD,16806.10653868903,
,,,,1634,1737,,reorg_or_tip_change,,,1737,1736,,,,WITHHOLD,16809.8255978776,
,1737,,,1634,1737,,publish,1634,A,,,1736,,,WITHHOLD,16809.8255978776,16809.8255978776
,,,1737,1634,1737,,release_bn,,,,,,,,WITHHOLD,16809.8255978776,
,,,,1634,1737,,release_no_race,,,,,,,,WITHHOLD,16809.8255978776,
1634,,,,1634,1737,16857.291864449213,mine_A_start_withhold,,,,,,1738,,WITHHOLD,16853.572805260643,
,,,,1635,1738,,reorg_or_tip_change,,,1738,1737,,,,WITHHOLD,16857.291864449213,
,1738,,,1635,1738,,publish,1635,A,,,1737,,,WITHHOLD,16857.291864449213,16857.291864449213
,,,1738,1635,1738,,release_bn,,,,,,,,WITHHOLD,16857.291864449213,
,,,,1635,1738,,release_no_race,,,,,,,,WITHHOLD,16857.291864449213,
,,,,1636,1739,,reorg_or_tip_change,,,1739,1738,,,,IDLE,16860.118277325433,
,1739,,,1636,1739,,publish,1636,H,,,1738,,,IDLE,16860.118277325433,16860.118277325433
,1739,,,1636,1739,,mine_H_publish,,,,,,,,IDLE,16860.118277325433,
1636,,,,1636,1739,16878.98732813292,mine_A_start_withhold,,,,,,1740,,WITHHOLD,16875.26826894435,
,,,,1637,1741,,reorg_or_tip_change,,,1741,1739,,,,WITHHOLD,16875.457658203097,
,1741,,,1637,1741,,publish,1637,H,,,1739,,,WITHHOLD,16875.457658203097,16875.457658203097
,1741,,,1637,1741,,mine_H_publish,,,,,,,,WITHHOLD,16875.457658203097,
,1740,,,1637,1741,,publish,1637,A,,,1739,,,WITHHOLD,16878.98732813292,16878.98732813292
,,,1740,1637,1741,,release_bn,,,,,,,,WITHHOLD,16878.98732813292,
,,,,1637,1741,,release_enter_race,,,,,,,1740,RACE,16878.98732813292,
,,,,1638,1742,,reorg_or_tip_change,,,1742,1741,,,,RACE,16881.837674372997,
,1742,,,1638,1742,,publish,1638,A,,,1740,,,RACE,16881.837674372997,16881.837674372997
,1742,,,1638,1742,,mine_A_race_success,,,,,,,,RACE,16881.837674372997,
,,,,1639,1743,,reorg_or_tip_change,,,1743,1742,,,,IDLE,16884.69921691614,
,1743,,,1639,1743,,publish,1639,H,,,1742,,,IDLE,16884.69921691614,16884.69921691614
,1743,,,1639,1743,,mine_H_publish,,,,,,,,IDLE,16884.69921691614,
1639,,,,1639,1743,16892.931826941967,mine_A_start_withhold,,,,,,1744,,WITHHOLD,16889.212767753397,
,,,,1640,1744,,reorg_or_tip_change,,,1744,1743,,,,WITHHOLD,16892.931826941967,
,1744,,,1640,1744,,publish,1640,A,,,1743,,,WITHHOLD,16892.931826941967,16892.931826941967
,,,1744,1640,1744,,release_bn,,,,,,,,WITHHOLD,16892.931826941967,
,,,,1640,1744,,release_no_race,,,,,,,,WITHHOLD,16892.931826941967,
1640,,,,1640,1744,16932.741152410854,mine_A_start_withhold,,,,,,1745,,WITHHOLD,16929.022093222284,
,,,,1641,1745,,reorg_or_tip_change,,,1745,1744,,,,WITHHOLD,16932.741152410854,
,1745,,,1641,1745,,publish,1641,A,,,1744,,,WITHHOLD,16932.741152410854,16932.741152410854
,,,1745,1641,1745,,release_bn,,,,,,,,WITHHOLD,16932.741152410854,
,,,,1641,1745,,release_no_race,,,,,,,,WITHHOLD,16932.741152410854,
,,,,1642,1746,,reorg_or_tip_change,,,1746,1745,,,,IDLE,16934.3690391565,
,1746,,,1642,1746,,publish,1642,H,,,1745,,,IDLE,16934.3690391565,16934.3690391565
,1746,,,1642,1746,,mine_H_publish,,,,,,,,IDLE,16934.3690391565,
1642,,,,1642,1746,16939.71214913544,mine_A_start_withhold,,,,,,1747,,WITHHOLD,16935.99308994687,
,,,,1643,1747,,reorg_or_tip_change,,,1747,1746,,,,WITHHOLD,16939.71214913544,
,1747,,,1643,1747,,publish,1643,A,,,1746,,,WITHHOLD,16939.71214913544,16939.71214913544
,,,1747,1643,1747,,release_bn,,,,,,,,WITHHOLD,16939.71214913544,
,,,,1643,1747,,release_no_race,,,,,,,,WITHHOLD,16939.71214913544,
1643,,,,1643,1747,16948.317559518757,mine_A_start_withhold,,,,,,1748,,WITHHOLD,16944.598500330187,
,,,,1644,1748,,reorg_or_tip_change,,,1748,1747,,,,WITHHOLD,16948.317559518757,
,1748,,,1644,1748,,publish,1644,A,,,1747,,,WITHHOLD,16948.317559518757,16948.317559518757
,,,1748,1644,1748,,release_bn,,,,,,,,WITHHOLD,16948.317559518757,
,,,,1644,1748,,release_no_race,,,,,,,,WITHHOLD,16948.317559518757,
,,,,1645,1749,,reorg_or_tip_change,,,1749,1748,,,,IDLE,16951.0204762977,
,1749,,,1645,1749,,publish,1645,H,,,1748,,,IDLE,16951.0204762977,16951.0204762977
,1749,,,1645,1749,,mine_H_publish,,,,,,,,IDLE,16951.0204762977,
1645,,,,1645,1749,16959.784695330563,mine_A_start_withhold,,,,,,1750,,WITHHOLD,16956.065636141993,
,,,,1646,1750,,reorg_or_tip_change,,,1750,1749,,,,WITHHOLD,16957.332064347625,
,1750,,,1646,1750,,publish,1646,A,,,1749,,,WITHHOLD,16957.332064347625,16957.332064347625
,,,,1647,1751,,reorg_or_tip_change,,,1751,1750,,,,WITHHOLD,16957.332064347625,
,1751,,,1647,1751,,publish,1647,A,,,1750,,,WITHHOLD,16957.332064347625,16957.332064347625
,,1751,1750,1647,1751,,mine_A_withhold_success,,,,,,,,WITHHOLD,16957.332064347625,
1647,,,,1647,1751,16983.536691865873,mine_A_start_withhold,,,,,,1752,,WITHHOLD,16979.817632677303,
,,,,1648,1752,,reorg_or_tip_change,,,1752,1751,,,,WITHHOLD,16983.536691865873,
,1752,,,1648,1752,,publish,1648,A,,,1751,,,WITHHOLD,16983.536691865873,16983.536691865873
,,,1752,1648,1752,,release_bn,,,,,,,,WITHHOLD,16983.536691865873,
,,,,1648,1752,,release_no_race,,,,,,,,WITHHOLD,16983.536691865873,
1648,,,,1648,1752,16991.705663635603,mine_A_start_withhold,,,,,,1753,,WITHHOLD,16987.986604447033,
,,,,1649,1753,,reorg_or_tip_change,,,1753,1752,,,,WITHHOLD,16991.705663635603,
,1753,,,1649,1753,,publish,1649,A,,,1752,,,WITHHOLD,16991.705663635603,16991.705663635603
,,,1753,1649,1753,,release_bn,,,,,,,,WITHHOLD,16991.705663635603,
,,,,1649,1753,,release_no_race,,,,,,,,WITHHOLD,16991.705663635603,
1649,,,,1649,1753,16998.014383349517,mine_A_start_withhold,,,,,,1754,,WITHHOLD,16994.295324160947,
,,,,1650,1754,,reorg_or_tip_change,,,1754,1753,,,,WITHHOLD,16995.759425067205,
,1754,,,1650,1754,,publish,1650,A,,,1753,,,WITHHOLD,16995.759425067205,16995.759425067205
,,,,1651,1755,,reorg_or_tip_change,,,1755,1754,,,,WITHHOLD,16995.759425067205,
,1755,,,1651,1755,,publish,1651,A,,,1754,,,WITHHOLD,16995.759425067205,16995.759425067205
,,1755,1754,1651,1755,,mine_A_withhold_success,,,,,,,,WITHHOLD,16995.759425067205,
1651,,,,1651,1755,17002.438597345514,mine_A_start_withhold,,,,,,1756,,WITHHOLD,16998.719538156944,
,,,,1652,1756,,reorg_or_tip_change,,,1756,1755,,,,WITHHOLD,17002.438597345514,
,1756,,,1652,1756,,publish,1652,A,,,1755,,,WITHHOLD,17002.438597345514,17002.438597345514
,,,1756,1652,1756,,release_bn,,,,,,,,WITHHOLD,17002.438597345514,
,,,,1652,1756,,release_no_race,,,,,,,,WITHHOLD,17002.438597345514,
,,,,1653,1757,,reorg_or_tip_change,,,1757,1756,,,,IDLE,17003.914469963296,
,1757,,,1653,1757,,publish,1653,H,,,1756,,,IDLE,17003.914469963296,17003.914469963296
,1757,,,1653,1757,,mine_H_publish,,,,,,,,IDLE,17003.914469963296,
,,,,1654,1758,,reorg_or_tip_change,,,1758,1757,,,,IDLE,17021.922041793794,
,1758,,,1654,1758,,publish,1654,H,,,1757,,,IDLE,17021.922041793794,17021.922041793794
,1758,,,1654,1758,,mine_H_publish,,,,,,,,IDLE,17021.922041793794,
1654,,,,1654,1758,17044.284244713042,mine_A_start_withhold,,,,,,1759,,WITHHOLD,17040.565185524472,
,,,,1655,1759,,reorg_or_tip_change,,,1759,1758,,,,WITHHOLD,17044.284244713042,
,1759,,,1655,1759,,publish,1655,A,,,1758,,,WITHHOLD,17044.284244713042,17044.284244713042
,,,1759,1655,1759,,release_bn,,,,,,,,WITHHOLD,17044.284244713042,
,,,,1655,1759,,release_no_race,,,,,,,,WITHHOLD,17044.284244713042,
1655,,,,1655,1759,17057.98182391867,mine_A_start_withhold,,,,,,1760,,WITHHOLD,17054.2627647301,
,,,,1656,1760,,reorg_or_tip_change,,,1760,1759,,,,WITHHOLD,17057.98182391867,
,1760,,,1656,1760,,publish,1656,A,,,1759,,,WITHHOLD,17057.98182391867,17057.98182391867
,,,1760,1656,1760,,release_bn,,,,,,,,WITHHOLD,17057.98182391867,
,,,,1656,1760,,release_no_race,,,,,,,,WITHHOLD,17057.98182391867,
1656,,,,1656,1760,17063.524056894097,mine_A_start_withhold,,,,,,1761,,WITHHOLD,17059.804997705527,
,,,,1657,1761,,reorg_or_tip_change,,,1761,1760,,,,WITHHOLD,17063.524056894097,
,1761,,,1657,1761,,publish,1657,A,,,1760,,,WITHHOLD,17063.524056894097,17063.524056894097
,,,1761,1657,1761,,release_bn,,,,,,,,WITHHOLD,17063.524056894097,
,,,,1657,1761,,release_no_race,,,,,,,,WITHHOLD,17063.524056894097,
1657,,,,1657,1761,17069.834303044998,mine_A_start_withhold,,,,,,1762,,WITHHOLD,17066.115243856428,
,,,,1658,1762,,reorg_or_tip_change,,,1762,1761,,,,WITHHOLD,17069.834303044998,
,1762,,,1658,1762,,publish,1658,A,,,1761,,,WITHHOLD,17069.834303044998,17069.834303044998
,,,1762,1658,1762,,release_bn,,,,,,,,WITHHOLD,17069.834303044998,
,,,,1658,1762,,release_no_race,,,,,,,,WITHHOLD,17069.834303044998,
1658,,,,1658,1762,17093.435482448953,mine_A_start_withhold,,,,,,1763,,WITHHOLD,17089.716423260383,
,,,,1659,1764,,reorg_or_tip_change,,,1764,1762,,,,WITHHOLD,17093.126458605522,
,1764,,,1659,1764,,publish,1659,H,,,1762,,,WITHHOLD,17093.126458605522,17093.126458605522
,1764,,,1659,1764,,mine_H_publish,,,,,,,,WITHHOLD,17093.126458605522,
,1763,,,1659,1764,,publish,1659,A,,,1762,,,WITHHOLD,17093.435482448953,17093.435482448953
,,,1763,1659,1764,,release_bn,,,,,,,,WITHHOLD,17093.435482448953,
,,,,1659,1764,,release_enter_race,,,,,,,1763,RACE,17093.435482448953,
,,,,1660,1765,,reorg_or_tip_change,,,1765,1764,,,,RACE,17111.209016440276,
,1765,,,1660,1765,,publish,1660,H,,,1764,,,RACE,17111.209016440276,17111.209016440276
,1765,,,1660,1765,,mine_H_publish,,,,,,,,RACE,17111.209016440276,
,,,,1660,1765,,race_lost,,,,,,,,RACE,17111.209016440276,
,,,,1661,1766,,reorg_or_tip_change,,,1766,1765,,,,IDLE,17147.086559701693,
,1766,,,1661,1766,,publish,1661,H,,,1765,,,IDLE,17147.086559701693,17147.086559701693
,1766,,,1661,1766,,mine_H_publish,,,,,,,,IDLE,17147.086559701693,
1661,,,,1661,1766,17163.47880988103,mine_A_start_withhold,,,,,,1767,,WITHHOLD,17159.75975069246,
,,,,1662,1767,,reorg_or_tip_change,,,1767,1766,,,,WITHHOLD,17163.47880988103,
,1767,,,1662,1767,,publish,1662,A,,,1766,,,WITHHOLD,17163.47880988103,17163.47880988103
,,,1767,1662,1767,,release_bn,,,,,,,,WITHHOLD,17163.47880988103,
,,,,1662,1767,,release_no_race,,,,,,,,WITHHOLD,17163.47880988103,
1662,,,,1662,1767,17174.431606678976,mine_A_start_withhold,,,,,,1768,,WITHHOLD,17170.712547490406,
,,,,1663,1768,,reorg_or_tip_change,,,1768,1767,,,,WITHHOLD,17174.431606678976,
,1768,,,1663,1768,,publish,1663,A,,,1767,,,WITHHOLD,17174.431606678976,17174.431606678976
,,,1768,1663,1768,,release_bn,,,,,,,,WITHHOLD,17174.431606678976,
,,,,1663,1768,,release_no_race,,,,,,,,WITHHOLD,17174.431606678976,
1663,,,,1663,1768,17178.45697499612,mine_A_start_withhold,,,,,,1769,,WITHHOLD,17174.73791580755,
,,,,1664,1769,,reorg_or_tip_change,,,1769,1768,,,,WITHHOLD,17176.408360956862,
,1769,,,1664,1769,,publish,1664,A,,,1768,,,WITHHOLD,17176.408360956862,17176.408360956862
,,,,1665,1770,,reorg_or_tip_change,,,1770,1769,,,,WITHHOLD,17176.408360956862,
,1770,,,1665,1770,,publish,1665,A,,,1769,,,WITHHOLD,17176.408360956862,17176.408360956862
,,1770,1769,1665,1770,,mine_A_withhold_success,,,,,,,,WITHHOLD,17176.408360956862,
1665,,,,1665,1770,17206.912516139117,mine_A_start_withhold,,,,,,1771,,WITHHOLD,17203.193456950547,
,,,,1666,1771,,reorg_or_tip_change,,,1771,1770,,,,WITHHOLD,17203.95648559955,
,1771,,,1666,1771,,publish,1666,A,,,1770,,,WITHHOLD,17203.95648559955,17203.95648559955
,,,,1667,1772,,reorg_or_tip_change,,,1772,1771,,,,WITHHOLD,17203.95648559955,
,1772,,,1667,1772,,publish,1667,A,,,1771,,,WITHHOLD,17203.95648559955,17203.95648559955
,,1772,1771,1667,1772,,mine_A_withhold_success,,,,,,,,WITHHOLD,17203.95648559955,
,,,,1668,1773,,reorg_or_tip_change,,,1773,1772,,,,IDLE,17220.414238054003,
,1773,,,1668,1773,,publish,1668,H,,,1772,,,IDLE,17220.414238054003,17220.414238054003
,1773,,,1668,1773,,mine_H_publish,,,,,,,,IDLE,17220.414238054003,
,,,,1669,1774,,reorg_or_tip_change,,,1774,1773,,,,IDLE,17223.21387098807,
,1774,,,1669,1774,,publish,1669,H,,,1773,,,IDLE,17223.21387098807,17223.21387098807
,1774,,,1669,1774,,mine_H_publish,,,,,,,,IDLE,17223.21387098807,
1669,,,,1669,1774,17229.10910159308,mine_A_start_withhold,,,,,,1775,,WITHHOLD,17225.39004240451,
,,,,1670,1776,,reorg_or_tip_change,,,1776,1774,,,,WITHHOLD,17227.29535583793,
,1776,,,1670,1776,,publish,1670,H,,,1774,,,WITHHOLD,17227.29535583793,17227.29535583793
,1776,,,1670,1776,,mine_H_publish,,,,,,,,WITHHOLD,17227.29535583793,
,1775,,,1670,1776,,publish,1670,A,,,1774,,,WITHHOLD,17229.10910159308,17229.10910159308
,,,1775,1670,1776,,release_bn,,,,,,,,WITHHOLD,17229.10910159308,
,,,,1670,1776,,release_enter_race,,,,,,,1775,RACE,17229.10910159308,
,,,,1671,1777,,reorg_or_tip_change,,,1777,1776,,,,RACE,17303.925448820308,
,1777,,,1671,1777,,publish,1671,A,,,1775,,,RACE,17303.925448820308,17303.925448820308
,1777,,,1671,1777,,mine_A_race_success,,,,,,,,RACE,17303.925448820308,
1671,,,,1671,1777,17332.000515105145,mine_A_start_withhold,,,,,,1778,,WITHHOLD,17328.281455916574,
,,,,1672,1778,,reorg_or_tip_change,,,1778,1777,,,,WITHHOLD,17332.000515105145,
,1778,,,1672,1778,,publish,1672,A,,,1777,,,WITHHOLD,17332.000515105145,17332.000515105145
,,,1778,1672,1778,,release_bn,,,,,,,,WITHHOLD,17332.000515105145,
,,,,1672,1778,,release_no_race,,,,,,,,WITHHOLD,17332.000515105145,
1672,,,,1672,1778,17335.94190482802,mine_A_start_withhold,,,,,,1779,,WITHHOLD,17332.22284563945,
,,,,1673,1779,,reorg_or_tip_change,,,1779,1778,,,,WITHHOLD,17335.94190482802,
,1779,,,1673,1779,,publish,1673,A,,,1778,,,WITHHOLD,17335.94190482802,17335.94190482802
,,,1779,1673,1779,,release_bn,,,,,,,,WITHHOLD,17335.94190482802,
,,,,1673,1779,,release_no_race,,,,,,,,WITHHOLD,17335.94190482802,
1673,,,,1673,1779,17340.777647958825,mine_A_start_withhold,,,,,,1780,,WITHHOLD,17337.058588770255,
,,,,1674,1780,,reorg_or_tip_change,,,1780,1779,,,,WITHHOLD,17337.436002425264,
,1780,,,1674,1780,,publish,1674,A,,,1779,,,WITHHOLD,17337.436002425264,17337.436002425264
,,,,1675,1781,,reorg_or_tip_change,,,1781,1780,,,,WITHHOLD,17337.436002425264,
,1781,,,1675,1781,,publish,1675,A,,,1780,,,WITHHOLD,17337.436002425264,17337.436002425264
,,1781,1780,1675,1781,,mine_A_withhold_success,,,,,,,,WITHHOLD,17337.436002425264,
1675,,,,1675,1781,17344.54945094586,mine_A_start_withhold,,,,,,1782,,WITHHOLD,17340.83039175729,
,,,,1676,1782,,reorg_or_tip_change,,,1782,1781,,,,WITHHOLD,17344.54945094586,
,1782,,,1676,1782,,publish,1676,A,,,1781,,,WITHHOLD,17344.54945094586,17344.54945094586
,,,1782,1676,1782,,release_bn,,,,,,,,WITHHOLD,17344.54945094586,
,,,,1676,1782,,release_no_race,,,,,,,,WITHHOLD,17344.54945094586,
,,,,1677,1783,,reorg_or_tip_change,,,1783,1782,,,,IDLE,17352.95079428969,
,1783,,,1677,1783,,publish,1677,H,,,1782,,,IDLE,17352.95079428969,17352.95079428969
,1783,,,1677,1783,,mine_H_publish,,,,,,,,IDLE,17352.95079428969,
1677,,,,1677,1783,17372.95182781401,mine_A_start_withhold,,,,,,1784,,WITHHOLD,17369.23276862544,
,,,,1678,1784,,reorg_or_tip_change,,,1784,1783,,,,WITHHOLD,17372.95182781401,
,1784,,,1678,1784,,publish,1678,A,,,1783,,,WITHHOLD,17372.95182781401,17372.95182781401
,,,1784,1678,1784,,release_bn,,,,,,,,WITHHOLD,17372.95182781401,
,,,,1678,1784,,release_no_race,,,,,,,,WITHHOLD,17372.95182781401,
1678,,,,1678,1784,17377.946652068236,mine_A_start_withhold,,,,,,1785,,WITHHOLD,17374.227592879666,
,,,,1679,1785,,reorg_or_tip_change,,,1785,1784,,,,WITHHOLD,17377.946652068236,
,1785,,,1679,1785,,publish,1679,A,,,1784,,,WITHHOLD,17377.946652068236,17377.946652068236
,,,1785,1679,1785,,release_bn,,,,,,,,WITHHOLD,17377.946652068236,
,,,,1679,1785,,release_no_race,,,,,,,,WITHHOLD,17377.946652068236,
,,,,1680,1786,,reorg_or_tip_change,,,1786,1785,,,,IDLE,17389.1742931548,
,1786,,,1680,1786,,publish,1680,H,,,1785,,,IDLE,17389.1742931548,17389.1742931548
,1786,,,1680,1786,,mine_H_publish,,,,,,,,IDLE,17389.1742931548,
1680,,,,1680,1786,17400.07911106738,mine_A_start_withhold,,,,,,1787,,WITHHOLD,17396.36005187881,
,,,,1681,1787,,reorg_or_tip_change,,,1787,1786,,,,WITHHOLD,17400.07911106738,
,1787,,,1681,1787,,publish,1681,A,,,1786,,,WITHHOLD,17400.07911106738,17400.07911106738
,,,1787,1681,1787,,release_bn,,,,,,,,WITHHOLD,17400.07911106738,
,,,,1681,1787,,release_no_race,,,,,,,,WITHHOLD,17400.07911106738,
,,,,1682,1788,,reorg_or_tip_change,,,1788,1787,,,,IDLE,17418.771049931784,
,1788,,,1682,1788,,publish,1682,H,,,1787,,,IDLE,17418.771049931784,17418.771049931784
,1788,,,1682,1788,,mine_H_publish,,,,,,,,IDLE,17418.771049931784,
1682,,,,1682,1788,17439.124266256706,mine_A_start_withhold,,,,,,1789,,WITHHOLD,17435.405207068135,
,,,,1683,1789,,reorg_or_tip_change,,,1789,1788,,,,WITHHOLD,17439.124266256706,
,1789,,,1683,1789,,publish,1683,A,,,1788,,,WITHHOLD,17439.124266256706,17439.124266256706
,,,1789,1683,1789,,release_bn,,,,,,,,WITHHOLD,17439.124266256706,
,,,,1683,1789,,release_no_race,,,,,,,,WITHHOLD,17439.124266256706,
1683,,,,1683,1789,17465.250330178544,mine_A_start_withhold,,,,,,1790,,WITHHOLD,17461.531270989974,
,,,,1684,1790,,reorg_or_tip_change,,,1790,1789,,,,WITHHOLD,17465.250330178544,
,1790,,,1684,1790,,publish,1684,A,,,1789,,,WITHHOLD,17465.250330178544,17465.250330178544
,,,1790,1684,1790,,release_bn,,,,,,,,WITHHOLD,17465.250330178544,
,,,,1684,1790,,release_no_race,,,,,,,,WITHHOLD,17465.250330178544,
1684,,,,1684,1790,17469.892161878946,mine_A_start_withhold,,,,,,1791,,WITHHOLD,17466.173102690376,
,,,,1685,1791,,reorg_or_tip_change,,,1791,1790,,,,WITHHOLD,17469.892161878946,
,1791,,,1685,1791,,publish,1685,A,,,1790,,,WITHHOLD,17469.892161878946,17469.892161878946
,,,1791,1685,1791,,release_bn,,,,,,,,WITHHOLD,17469.892161878946,
,,,,1685,1791,,release_no_race,,,,,,,,WITHHOLD,17469.892161878946,
,,,,1686,1792,,reorg_or_tip_change,,,1792,1791,,,,IDLE,17472.688157884564,
,1792,,,1686,1792,,publish,1686,H,,,1791,,,IDLE,17472.688157884564,17472.688157884564
,1792,,,1686,1792,,mine_H_publish,,,,,,,,IDLE,17472.688157884564,
,,,,1687,1793,,reorg_or_tip_change,,,1793,1792,,,,IDLE,17483.612932451313,
,1793,,,1687,1793,,publish,1687,H,,,1792,,,IDLE,17483.612932451313,17483.612932451313
,1793,,,1687,1793,,mine_H_publish,,,,,,,,IDLE,17483.612932451313,
1687,,,,1687,1793,17488.027565322976,mine_A_start_withhold,,,,,,1794,,WITHHOLD,17484.308506134406,
,,,,1688,1795,,reorg_or_tip_change,,,1795,1793,,,,WITHHOLD,17487.798221653193,
,1795,,,1688,1795,,publish,1688,H,,,1793,,,WITHHOLD,17487.798221653193,17487.798221653193
,1795,,,1688,1795,,mine_H_publish,,,,,,,,WITHHOLD,17487.798221653193,
,1794,,,1688,1795,,publish,1688,A,,,1793,,,WITHHOLD,17488.023953743847,17488.023953743847
,,,,1689,1796,,reorg_or_tip_change,,,1796,1795,,,,WITHHOLD,17488.023953743847,
,1796,,,1689,1796,,publish,1689,A,,,1794,,,WITHHOLD,17488.023953743847,17488.023953743847
,,1796,1794,1689,1796,,mine_A_withhold_success,,,,,,,,WITHHOLD,17488.023953743847,
1689,,,,1689,1796,17493.670455625383,mine_A_start_withhold,,,,,,1797,,WITHHOLD,17489.951396436813,
,,,,1690,1797,,reorg_or_tip_change,,,1797,1796,,,,WITHHOLD,17493.670455625383,
,1797,,,1690,1797,,publish,1690,A,,,1796,,,WITHHOLD,17493.670455625383,17493.670455625383
,,,1797,1690,1797,,release_bn,,,,,,,,WITHHOLD,17493.670455625383,
,,,,1690,1797,,release_no_race,,,,,,,,WITHHOLD,17493.670455625383,
1690,,,,1690,1797,17507.76898775453,mine_A_start_withhold,,,,,,1798,,WITHHOLD,17504.04992856596,
,,,,1691,1798,,reorg_or_tip_change,,,1798,1797,,,,WITHHOLD,17507.76898775453,
,1798,,,1691,1798,,publish,1691,A,,,1797,,,WITHHOLD,17507.76898775453,17507.76898775453
,,,1798,1691,1798,,release_bn,,,,,,,,WITHHOLD,17507.76898775453,
,,,,1691,1798,,release_no_race,,,,,,,,WITHHOLD,17507.76898775453,
,,,,1692,1799,,reorg_or_tip_change,,,1799,1798,,,,IDLE,17517.996662762736,
,1799,,,1692,1799,,publish,1692,H,,,1798,,,IDLE,17517.996662762736,17517.996662762736
,1799,,,1692,1799,,mine_H_publish,,,,,,,,IDLE,17517.996662762736,
,,,,1693,1800,,reorg_or_tip_change,,,1800,1799,,,,IDLE,17520.807883497673,
,1800,,,1693,1800,,publish,1693,H,,,1799,,,IDLE,17520.807883497673,17520.807883497673
,1800,,,1693,1800,,mine_H_publish,,,,,,,,IDLE,17520.807883497673,
,,,,1694,1801,,reorg_or_tip_change,,,1801,1800,,,,IDLE,17535.150510833333,
,1801,,,1694,1801,,publish,1694,H,,,1800,,,IDLE,17535.150510833333,17535.150510833333
,1801,,,1694,1801,,mine_H_publish,,,,,,,,IDLE,17535.150510833333,
1694,,,,1694,1801,17545.84459581385,mine_A_start_withhold,,,,,,1802,,WITHHOLD,17542.12553662528,
,,,,1695,1802,,reorg_or_tip_change,,,1802,1801,,,,WITHHOLD,17545.84459581385,
,1802,,,1695,1802,,publish,1695,A,,,1801,,,WITHHOLD,17545.84459581385,17545.84459581385
,,,1802,1695,1802,,release_bn,,,,,,,,WITHHOLD,17545.84459581385,
,,,,1695,1802,,release_no_race,,,,,,,,WITHHOLD,17545.84459581385,
,,,,1696,1803,,reorg_or_tip_change,,,1803,1802,,,,IDLE,17550.563644132068,
,1803,,,1696,1803,,publish,1696,H,,,1802,,,IDLE,17550.563644132068,17550.563644132068
,1803,,,1696,1803,,mine_H_publish,,,,,,,,IDLE,17550.563644132068,
1696,,,,1696,1803,17567.15303607145,mine_A_start_withhold,,,,,,1804,,WITHHOLD,17563.43397688288,
,,,,1697,1804,,reorg_or_tip_change,,,1804,1803,,,,WITHHOLD,17567.15303607145,
,1804,,,1697,1804,,publish,1697,A,,,1803,,,WITHHOLD,17567.15303607145,17567.15303607145
,,,1804,1697,1804,,release_bn,,,,,,,,WITHHOLD,17567.15303607145,
,,,,1697,1804,,release_no_race,,,,,,,,WITHHOLD,17567.15303607145,
,,,,1698,1805,,reorg_or_tip_change,,,1805,1804,,,,IDLE,17583.813213060115,
,1805,,,1698,1805,,publish,1698,H,,,1804,,,IDLE,17583.813213060115,17583.813213060115
,1805,,,1698,1805,,mine_H_publish,,,,,,,,IDLE,17583.813213060115,
1698,,,,1698,1805,17588.30857853232,mine_A_start_withhold,,,,,,1806,,WITHHOLD,17584.58951934375,
,,,,1699,1806,,reorg_or_tip_change,,,1806,1805,,,,WITHHOLD,17588.30857853232,
,1806,,,1699,1806,,publish,1699,A,,,1805,,,WITHHOLD,17588.30857853232,17588.30857853232
,,,1806,1699,1806,,release_bn,,,,,,,,WITHHOLD,17588.30857853232,
,,,,1699,1806,,release_no_race,,,,,,,,WITHHOLD,17588.30857853232,
1699,,,,1699,1806,17599.670987609632,mine_A_start_withhold,,,,,,1807,,WITHHOLD,17595.951928421062,
,,,,1700,1807,,reorg_or_tip_change,,,1807,1806,,,,WITHHOLD,17599.670987609632,
,1807,,,1700,1807,,publish,1700,A,,,1806,,,WITHHOLD,17599.670987609632,17599.670987609632
,,,1807,1700,1807,,release_bn,,,,,,,,WITHHOLD,17599.670987609632,
,,,,1700,1807,,release_no_race,,,,,,,,WITHHOLD,17599.670987609632,
,,,,1701,1808,,reorg_or_tip_change,,,1808,1807,,,,IDLE,17625.08849066739,
,1808,,,1701,1808,,publish,1701,H,,,1807,,,IDLE,17625.08849066739,17625.08849066739
,1808,,,1701,1808,,mine_H_publish,,,,,,,,IDLE,17625.08849066739,
,,,,1702,1809,,reorg_or_tip_change,,,1809,1808,,,,IDLE,17634.921958135674,
,1809,,,1702,1809,,publish,1702,H,,,1808,,,IDLE,17634.921958135674,17634.921958135674
,1809,,,1702,1809,,mine_H_publish,,,,,,,,IDLE,17634.921958135674,
,,,,1703,1810,,reorg_or_tip_change,,,1810,1809,,,,IDLE,17636.754976894634,
,1810,,,1703,1810,,publish,1703,H,,,1809,,,IDLE,17636.754976894634,17636.754976894634
,1810,,,1703,1810,,mine_H_publish,,,,,,,,IDLE,17636.754976894634,
1703,,,,1703,1810,17659.23073075648,mine_A_start_withhold,,,,,,1811,,WITHHOLD,17655.51167156791,
,,,,1704,1811,,reorg_or_tip_change,,,1811,1810,,,,WITHHOLD,17659.23073075648,
,1811,,,1704,1811,,publish,1704,A,,,1810,,,WITHHOLD,17659.23073075648,17659.23073075648
,,,1811,1704,1811,,release_bn,,,,,,,,WITHHOLD,17659.23073075648,
,,,,1704,1811,,release_no_race,,,,,,,,WITHHOLD,17659.23073075648,
1704,,,,1704,1811,17678.416365481648,mine_A_start_withhold,,,,,,1812,,WITHHOLD,17674.697306293077,
,,,,1705,1812,,reorg_or_tip_change,,,1812,1811,,,,WITHHOLD,17678.416365481648,
,1812,,,1705,1812,,publish,1705,A,,,1811,,,WITHHOLD,17678.416365481648,17678.416365481648
,,,1812,1705,1812,,release_bn,,,,,,,,WITHHOLD,17678.416365481648,
,,,,1705,1812,,release_no_race,,,,,,,,WITHHOLD,17678.416365481648,
1705,,,,1705,1812,17683.371413137927,mine_A_start_withhold,,,,,,1813,,WITHHOLD,17679.652353949357,
,,,,1706,1814,,reorg_or_tip_change,,,1814,1812,,,,WITHHOLD,17681.89484125855,
,1814,,,1706,1814,,publish,1706,H,,,1812,,,WITHHOLD,17681.89484125855,17681.89484125855
,1814,,,1706,1814,,mine_H_publish,,,,,,,,WITHHOLD,17681.89484125855,
,1813,,,1706,1814,,publish,1706,A,,,1812,,,WITHHOLD,17683.371413137927,17683.371413137927
,,,1813,1706,1814,,release_bn,,,,,,,,WITHHOLD,17683.371413137927,
,,,,1706,1814,,release_enter_race,,,,,,,1813,RACE,17683.371413137927,
,,,,1707,1815,,reorg_or_tip_change,,,1815,1814,,,,RACE,17686.741011798553,
,1815,,,1707,1815,,publish,1707,A,,,1813,,,RACE,17686.741011798553,17686.741011798553
,1815,,,1707,1815,,mine_A_race_success,,,,,,,,RACE,17686.741011798553,
,,,,1708,1816,,reorg_or_tip_change,,,1816,1815,,,,IDLE,17704.9020102919,
,1816,,,1708,1816,,publish,1708,H,,,1815,,,IDLE,17704.9020102919,17704.9020102919
,1816,,,1708,1816,,mine_H_publish,,,,,,,,IDLE,17704.9020102919,
1708,,,,1708,1816,17710.05308042412,mine_A_start_withhold,,,,,,1817,,WITHHOLD,17706.33402123555,
,,,,1709,1817,,reorg_or_tip_change,,,1817,1816,,,,WITHHOLD,17710.05308042412,
,1817,,,1709,1817,,publish,1709,A,,,1816,,,WITHHOLD,17710.05308042412,17710.05308042412
,,,1817,1709,1817,,release_bn,,,,,,,,WITHHOLD,17710.05308042412,
,,,,1709,1817,,release_no_race,,,,,,,,WITHHOLD,17710.05308042412,
1709,,,,1709,1817,17717.31937990339,mine_A_start_withhold,,,,,,1818,,WITHHOLD,17713.60032071482,
,,,,1710,1818,,reorg_or_tip_change,,,1818,1817,,,,WITHHOLD,17717.31937990339,
,1818,,,1710,1818,,publish,1710,A,,,1817,,,WITHHOLD,17717.31937990339,17717.31937990339
,,,1818,1710,1818,,release_bn,,,,,,,,WITHHOLD,17717.31937990339,
,,,,1710,1818,,release_no_race,,,,,,,,WITHHOLD,17717.31937990339,
,,,,1711,1819,,reorg_or_tip_change,,,1819,1818,,,,IDLE,17718.130038496514,
,1819,,,1711,1819,,publish,1711,H,,,1818,,,IDLE,17718.130038496514,17718.130038496514
,1819,,,1711,1819,,mine_H_publish,,,,,,,,IDLE,17718.130038496514,
,,,,1712,1820,,reorg_or_tip_change,,,1820,1819,,,,IDLE,17722.09205565583,
,1820,,,1712,1820,,publish,1712,H,,,1819,,,IDLE,17722.09205565583,17722.09205565583
,1820,,,1712,1820,,mine_H_publish,,,,,,,,IDLE,17722.09205565583,
1712,,,,1712,1820,17737.234627114933,mine_A_start_withhold,,,,,,1821,,WITHHOLD,17733.515567926363,
,,,,1713,1821,,reorg_or_tip_change,,,1821,1820,,,,WITHHOLD,17737.234627114933,
,1821,,,1713,1821,,publish,1713,A,,,1820,,,WITHHOLD,17737.234627114933,17737.234627114933
,,,1821,1713,1821,,release_bn,,,,,,,,WITHHOLD,17737.234627114933,
,,,,1713,1821,,release_no_race,,,,,,,,WITHHOLD,17737.234627114933,
,,,,1714,1822,,reorg_or_tip_change,,,1822,1821,,,,IDLE,17748.618438109585,
,1822,,,1714,1822,,publish,1714,H,,,1821,,,IDLE,17748.618438109585,17748.618438109585
,1822,,,1714,1822,,mine_H_publish,,,,,,,,IDLE,17748.618438109585,
,,,,1715,1823,,reorg_or_tip_change,,,1823,1822,,,,IDLE,17759.042394126664,
,1823,,,1715,1823,,publish,1715,H,,,1822,,,IDLE,17759.042394126664,17759.042394126664
,1823,,,1715,1823,,mine_H_publish,,,,,,,,IDLE,17759.042394126664,
,,,,1716,1824,,reorg_or_tip_change,,,1824,1823,,,,IDLE,17759.41613093867,
,1824,,,1716,1824,,publish,1716,H,,,1823,,,IDLE,17759.41613093867,17759.41613093867
,1824,,,1716,1824,,mine_H_publish,,,,,,,,IDLE,17759.41613093867,
1716,,,,1716,1824,17791.8791000974,mine_A_start_withhold,,,,,,1825,,WITHHOLD,17788.16004090883,
,,,,1717,1825,,reorg_or_tip_change,,,1825,1824,,,,WITHHOLD,17791.8791000974,
,1825,,,1717,1825,,publish,1717,A,,,1824,,,WITHHOLD,17791.8791000974,17791.8791000974
,,,1825,1717,1825,,release_bn,,,,,,,,WITHHOLD,17791.8791000974,
,,,,1717,1825,,release_no_race,,,,,,,,WITHHOLD,17791.8791000974,
1717,,,,1717,1825,17796.90747103203,mine_A_start_withhold,,,,,,1826,,WITHHOLD,17793.18841184346,
,,,,1718,1826,,reorg_or_tip_change,,,1826,1825,,,,WITHHOLD,17794.36417142812,
,1826,,,1718,1826,,publish,1718,A,,,1825,,,WITHHOLD,17794.36417142812,17794.36417142812
,,,,1719,1827,,reorg_or_tip_change,,,1827,1826,,,,WITHHOLD,17794.36417142812,
,1827,,,1719,1827,,publish,1719,A,,,1826,,,WITHHOLD,17794.36417142812,17794.36417142812
,,1827,1826,1719,1827,,mine_A_withhold_success,,,,,,,,WITHHOLD,17794.36417142812,
,,,,1720,1828,,reorg_or_tip_change,,,1828,1827,,,,IDLE,17812.355337009747,
,1828,,,1720,1828,,publish,1720,H,,,1827,,,IDLE,17812.355337009747,17812.355337009747
,1828,,,1720,1828,,mine_H_publish,,,,,,,,IDLE,17812.355337009747,
1720,,,,1720,1828,17821.168965358404,mine_A_start_withhold,,,,,,1829,,WITHHOLD,17817.449906169833,
,,,,1721,1830,,reorg_or_tip_change,,,1830,1828,,,,WITHHOLD,17818.0466979298,
,1830,,,1721,1830,,publish,1721,H,,,1828,,,WITHHOLD,17818.0466979298,17818.0466979298
,1830,,,1721,1830,,mine_H_publish,,,,,,,,WITHHOLD,17818.0466979298,
,1829,,,1721,1830,,publish,1721,A,,,1828,,,WITHHOLD,17821.168965358404,17821.168965358404
,,,1829,1721,1830,,release_bn,,,,,,,,WITHHOLD,17821.168965358404,
,,,,1721,1830,,release_enter_race,,,,,,,1829,RACE,17821.168965358404,
,,,,1722,1831,,reorg_or_tip_change,,,1831,1830,,,,RACE,17828.73003854492,
,1831,,,1722,1831,,publish,1722,H,,,1830,,,RACE,17828.73003854492,17828.73003854492
,1831,,,1722,1831,,mine_H_publish,,,,,,,,RACE,17828.73003854492,
,,,,1722,1831,,race_lost,,,,,,,,RACE,17828.73003854492,
,,,,1723,1832,,reorg_or_tip_change,,,1832,1831,,,,IDLE,17838.207389816744,
,1832,,,1723,1832,,publish,1723,H,,,1831,,,IDLE,17838.207389816744,17838.207389816744
,1832,,,1723,1832,,mine_H_publish,,,,,,,,IDLE,17838.207389816744,
1723,,,,1723,1832,17845.45627835685,mine_A_start_withhold,,,,,,1833,,WITHHOLD,17841.73721916828,
,,,,1724,1833,,reorg_or_tip_change,,,1833,1832,,,,WITHHOLD,17845.45627835685,
,1833,,,1724,1833,,publish,1724,A,,,1832,,,WITHHOLD,17845.45627835685,17845.45627835685
,,,1833,1724,1833,,release_bn,,,,,,,,WITHHOLD,17845.45627835685,
,,,,1724,1833,,release_no_race,,,,,,,,WITHHOLD,17845.45627835685,
1724,,,,1724,1833,17876.994116111666,mine_A_start_withhold,,,,,,1834,,WITHHOLD,17873.275056923096,
,,,,1725,1834,,reorg_or_tip_change,,,1834,1833,,,,WITHHOLD,17876.994116111666,
,1834,,,1725,1834,,publish,1725,A,,,1833,,,WITHHOLD,17876.994116111666,17876.994116111666
,,,1834,1725,1834,,release_bn,,,,,,,,WITHHOLD,17876.994116111666,
,,,,1725,1834,,release_no_race,,,,,,,,WITHHOLD,17876.994116111666,
1725,,,,1725,1834,17923.775173226728,mine_A_start_withhold,,,,,,1835,,WITHHOLD,17920.056114038158,
,,,,1726,1835,,reorg_or_tip_change,,,1835,1834,,,,WITHHOLD,17923.775173226728,
,1835,,,1726,1835,,publish,1726,A,,,1834,,,WITHHOLD,17923.775173226728,17923.775173226728
,,,1835,1726,1835,,release_bn,,,,,,,,WITHHOLD,17923.775173226728,
,,,,1726,1835,,release_no_race,,,,,,,,WITHHOLD,17923.775173226728,
,,,,1727,1836,,reorg_or_tip_change,,,1836,1835,,,,IDLE,17928.57164772809,
,1836,,,1727,1836,,publish,1727,H,,,1835,,,IDLE,17928.57164772809,17928.57164772809
,1836,,,1727,1836,,mine_H_publish,,,,,,,,IDLE,17928.57164772809,
1727,,,,1727,1836,17933.011822100714,mine_A_start_withhold,,,,,,1837,,WITHHOLD,17929.292762912144,
,,,,1728,1838,,reorg_or_tip_change,,,1838,1836,,,,WITHHOLD,17930.92135095158,
,1838,,,1728,1838,,publish,1728,H,,,1836,,,WITHHOLD,17930.92135095158,17930.92135095158
,1838,,,1728,1838,,mine_H_publish,,,,,,,,WITHHOLD,17930.92135095158,
,1837,,,1728,1838,,publish,1728,A,,,1836,,,WITHHOLD,17933.011822100714,17933.011822100714
,,,1837,1728,1838,,release_bn,,,,,,,,WITHHOLD,17933.011822100714,
,,,,1728,1838,,release_enter_race,,,,,,,1837,RACE,17933.011822100714,
,,,,1729,1839,,reorg_or_tip_change,,,1839,1838,,,,RACE,17947.55229023209,
,1839,,,1729,1839,,publish,1729,A,,,1837,,,RACE,17947.55229023209,17947.55229023209
,1839,,,1729,1839,,mine_A_race_success,,,,,,,,RACE,17947.55229023209,
,,,,1730,1840,,reorg_or_tip_change,,,1840,1839,,,,IDLE,17956.173562581873,
,1840,,,1730,1840,,publish,1730,H,,,1839,,,IDLE,17956.173562581873,17956.173562581873
,1840,,,1730,1840,,mine_H_publish,,,,,,,,IDLE,17956.173562581873,
,,,,1731,1841,,reorg_or_tip_change,,,1841,1840,,,,IDLE,17982.695500366266,
,1841,,,1731,1841,,publish,1731,H,,,1840,,,IDLE,17982.695500366266,17982.695500366266
,1841,,,1731,1841,,mine_H_publish,,,,,,,,IDLE,17982.695500366266,
,,,,1732,1842,,reorg_or_tip_change,,,1842,1841,,,,IDLE,17993.010962493685,
,1842,,,1732,1842,,publish,1732,H,,,1841,,,IDLE,17993.010962493685,17993.010962493685
,1842,,,1732,1842,,mine_H_publish,,,,,,,,IDLE,17993.010962493685,
,,,,1733,1843,,reorg_or_tip_change,,,1843,1842,,,,IDLE,18028.121352435002,
,1843,,,1733,1843,,publish,1733,H,,,1842,,,IDLE,18028.121352435002,18028.121352435002
,1843,,,1733,1843,,mine_H_publish,,,,,,,,IDLE,18028.121352435002,
,,,,1734,1844,,reorg_or_tip_change,,,1844,1843,,,,IDLE,18030.028552116048,
,1844,,,1734,1844,,publish,1734,H,,,1843,,,IDLE,18030.028552116048,18030.028552116048
,1844,,,1734,1844,,mine_H_publish,,,,,,,,IDLE,18030.028552116048,
,,,,1735,1845,,reorg_or_tip_change,,,1845,1844,,,,IDLE,18040.509342993413,
,1845,,,1735,1845,,publish,1735,H,,,1844,,,IDLE,18040.509342993413,18040.509342993413
,1845,,,1735,1845,,mine_H_publish,,,,,,,,IDLE,18040.509342993413,
,,,,1736,1846,,reorg_or_tip_change,,,1846,1845,,,,IDLE,18049.126034402198,
,1846,,,1736,1846,,publish,1736,H,,,1845,,,IDLE,18049.126034402198,18049.126034402198
,1846,,,1736,1846,,mine_H_publish,,,,,,,,IDLE,18049.126034402198,
1736,,,,1736,1846,18055.655407737784,mine_A_start_withhold,,,,,,1847,,WITHHOLD,18051.936348549214,
,,,,1737,1848,,reorg_or_tip_change,,,1848,1846,,,,WITHHOLD,18053.632464746137,
,1848,,,1737,1848,,publish,1737,H,,,1846,,,WITHHOLD,18053.632464746137,18053.632464746137
,1848,,,1737,1848,,mine_H_publish,,,,,,,,WITHHOLD,18053.632464746137,
,1847,,,1737,1848,,publish,1737,A,,,1846,,,WITHHOLD,18055.655407737784,18055.655407737784
,,,1847,1737,1848,,release_bn,,,,,,,,WITHHOLD,18055.655407737784,
,,,,1737,1848,,release_enter_race,,,,,,,1847,RACE,18055.655407737784,
,,,,1738,1849,,reorg_or_tip_change,,,1849,1848,,,,RACE,18062.173255645175,
,1849,,,1738,1849,,publish,1738,A,,,1847,,,RACE,18062.173255645175,18062.173255645175
,1849,,,1738,1849,,mine_A_race_success,,,,,,,,RACE,18062.173255645175,
1738,,,,1738,1849,18067.182052103624,mine_A_start_withhold,,,,,,1850,,WITHHOLD,18063.462992915054,
,,,,1739,1850,,reorg_or_tip_change,,,1850,1849,,,,WITHHOLD,18067.182052103624,
,1850,,,1739,1850,,publish,1739,A,,,1849,,,WITHHOLD,18067.182052103624,18067.182052103624
,,,1850,1739,1850,,release_bn,,,,,,,,WITHHOLD,18067.182052103624,
,,,,1739,1850,,release_no_race,,,,,,,,WITHHOLD,18067.182052103624,
1739,,,,1739,1850,18080.620466895823,mine_A_start_withhold,,,,,,1851,,WITHHOLD,18076.901407707253,
,,,,1740,1851,,reorg_or_tip_change,,,1851,1850,,,,WITHHOLD,18080.620466895823,
,1851,,,1740,1851,,publish,1740,A,,,1850,,,WITHHOLD,18080.620466895823,18080.620466895823
,,,1851,1740,1851,,release_bn,,,,,,,,WITHHOLD,18080.620466895823,
,,,,1740,1851,,release_no_race,,,,,,,,WITHHOLD,18080.620466895823,
,,,,1741,1852,,reorg_or_tip_change,,,1852,1851,,,,IDLE,18101.161364550957,
,1852,,,1741,1852,,publish,1741,H,,,1851,,,IDLE,18101.161364550957,18101.161364550957
,1852,,,1741,1852,,mine_H_publish,,,,,,,,IDLE,18101.161364550957,
1741,,,,1741,1852,18121.66401232619,mine_A_start_withhold,,,,,,1853,,WITHHOLD,18117.94495313762,
,,,,1742,1853,,reorg_or_tip_change,,,1853,1852,,,,WITHHOLD,18121.66401232619,
,1853,,,1742,1853,,publish,1742,A,,,1852,,,WITHHOLD,18121.66401232619,18121.66401232619
,,,1853,1742,1853,,release_bn,,,,,,,,WITHHOLD,18121.66401232619,
,,,,1742,1853,,release_no_race,,,,,,,,WITHHOLD,18121.66401232619,
1742,,,,1742,1853,18126.120210419354,mine_A_start_withhold,,,,,,1854,,WITHHOLD,18122.401151230784,
,,,,1743,1855,,reorg_or_tip_change,,,1855,1853,,,,WITHHOLD,18123.293376167418,
,1855,,,1743,1855,,publish,1743,H,,,1853,,,WITHHOLD,18123.293376167418,18123.293376167418
,1855,,,1743,1855,,mine_H_publish,,,,,,,,WITHHOLD,18123.293376167418,
,1854,,,1743,1855,,publish,1743,A,,,1853,,,WITHHOLD,18126.120210419354,18126.120210419354
,,,1854,1743,1855,,release_bn,,,,,,,,WITHHOLD,18126.120210419354,
,,,,1743,1855,,release_enter_race,,,,,,,1854,RACE,18126.120210419354,
,,,,1744,1856,,reorg_or_tip_change,,,1856,1855,,,,RACE,18128.775582070284,
,1856,,,1744,1856,,publish,1744,A,,,1854,,,RACE,18128.775582070284,18128.775582070284
,1856,,,1744,1856,,mine_A_race_success,,,,,,,,RACE,18128.775582070284,
1744,,,,1744,1856,18140.53899574506,mine_A_start_withhold,,,,,,1857,,WITHHOLD,18136.81993655649,
,,,,1745,1857,,reorg_or_tip_change,,,1857,1856,,,,WITHHOLD,18137.610099915782,
,1857,,,1745,1857,,publish,1745,A,,,1856,,,WITHHOLD,18137.610099915782,18137.610099915782
,,,,1746,1858,,reorg_or_tip_change,,,1858,1857,,,,WITHHOLD,18137.610099915782,
,1858,,,1746,1858,,publish,1746,A,,,1857,,,WITHHOLD,18137.610099915782,18137.610099915782
,,1858,1857,1746,1858,,mine_A_withhold_success,,,,,,,,WITHHOLD,18137.610099915782,
,,,,1747,1859,,reorg_or_tip_change,,,1859,1858,,,,IDLE,18148.348398472408,
,1859,,,1747,1859,,publish,1747,H,,,1858,,,IDLE,18148.348398472408,18148.348398472408
,1859,,,1747,1859,,mine_H_publish,,,,,,,,IDLE,18148.348398472408,
1747,,,,1747,1859,18162.933499203013,mine_A_start_withhold,,,,,,1860,,WITHHOLD,18159.214440014443,
,,,,1748,1860,,reorg_or_tip_change,,,1860,1859,,,,WITHHOLD,18162.933499203013,
,1860,,,1748,1860,,publish,1748,A,,,1859,,,WITHHOLD,18162.933499203013,18162.933499203013
,,,1860,1748,1860,,release_bn,,,,,,,,WITHHOLD,18162.933499203013,
,,,,1748,1860,,release_no_race,,,,,,,,WITHHOLD,18162.933499203013,
1748,,,,1748,1860,18177.32580794667,mine_A_start_withhold,,,,,,1861,,WITHHOLD,18173.6067487581,
,,,,1749,1861,,reorg_or_tip_change,,,1861,1860,,,,WITHHOLD,18177.32580794667,
,1861,,,1749,1861,,publish,1749,A,,,1860,,,WITHHOLD,18177.32580794667,18177.32580794667
,,,1861,1749,1861,,release_bn,,,,,,,,WITHHOLD,18177.32580794667,
,,,,1749,1861,,release_no_race,,,,,,,,WITHHOLD,18177.32580794667,
1749,,,,1749,1861,18182.234011361073,mine_A_start_withhold,,,,,,1862,,WITHHOLD,18178.514952172503,
,,,,1750,1862,,reorg_or_tip_change,,,1862,1861,,,,WITHHOLD,18182.234011361073,
,1862,,,1750,1862,,publish,1750,A,,,1861,,,WITHHOLD,18182.234011361073,18182.234011361073
,,,1862,1750,1862,,release_bn,,,,,,,,WITHHOLD,18182.234011361073,
,,,,1750,1862,,release_no_race,,,,,,,,WITHHOLD,18182.234011361073,
1750,,,,1750,1862,18193.008846972767,mine_A_start_withhold,,,,,,1863,,WITHHOLD,18189.289787784197,
,,,,1751,1863,,reorg_or_tip_change,,,1863,1862,,,,WITHHOLD,18189.513276505637,
,1863,,,1751,1863,,publish,1751,A,,,1862,,,WITHHOLD,18189.513276505637,18189.513276505637
,,,,1752,1864,,reorg_or_tip_change,,,1864,1863,,,,WITHHOLD,18189.513276505637,
,1864,,,1752,1864,,publish,1752,A,,,1863,,,WITHHOLD,18189.513276505637,18189.513276505637
,,1864,1863,1752,1864,,mine_A_withhold_success,,,,,,,,WITHHOLD,18189.513276505637,
1752,,,,1752,1864,18195.49597654999,mine_A_start_withhold,,,,,,1865,,WITHHOLD,18191.77691736142,
,,,,1753,1866,,reorg_or_tip_change,,,1866,1864,,,,WITHHOLD,18194.991744396608,
,1866,,,1753,1866,,publish,1753,H,,,1864,,,WITHHOLD,18194.991744396608,18194.991744396608
,1866,,,1753,1866,,mine_H_publish,,,,,,,,WITHHOLD,18194.991744396608,
,1865,,,1753,1866,,publish,1753,A,,,1864,,,WITHHOLD,18195.49597654999,18195.49597654999
,,,1865,1753,1866,,release_bn,,,,,,,,WITHHOLD,18195.49597654999,
,,,,1753,1866,,release_enter_race,,,,,,,1865,RACE,18195.49597654999,
,,,,1754,1867,,reorg_or_tip_change,,,1867,1866,,,,RACE,18206.56559569203,
,1867,,,1754,1867,,publish,1754,H,,,1866,,,RACE,18206.56559569203,18206.56559569203
,1867,,,1754,1867,,mine_H_publish,,,,,,,,RACE,18206.56559569203,
,,,,1754,1867,,race_lost,,,,,,,,RACE,18206.56559569203,
1754,,,,1754,1867,18222.92806133264,mine_A_start_withhold,,,,,,1868,,WITHHOLD,18219.20900214407,
,,,,1755,1868,,reorg_or_tip_change,,,1868,1867,,,,WITHHOLD,18222.92806133264,
,1868,,,1755,1868,,publish,1755,A,,,1867,,,WITHHOLD,18222.92806133264,18222.92806133264
,,,1868,1755,1868,,release_bn,,,,,,,,WITHHOLD,18222.92806133264,
,,,,1755,1868,,release_no_race,,,,,,,,WITHHOLD,18222.92806133264,
1755,,,,1755,1868,18233.016417049923,mine_A_start_withhold,,,,,,1869,,WITHHOLD,18229.297357861353,
,,,,1756,1869,,reorg_or_tip_change,,,1869,1868,,,,WITHHOLD,18233.016417049923,
,1869,,,1756,1869,,publish,1756,A,,,1868,,,WITHHOLD,18233.016417049923,18233.016417049923
,,,1869,1756,1869,,release_bn,,,,,,,,WITHHOLD,18233.016417049923,
,,,,1756,1869,,release_no_race,,,,,,,,WITHHOLD,18233.016417049923,
1756,,,,1756,1869,18267.018863218425,mine_A_start_withhold,,,,,,1870,,WITHHOLD,18263.299804029855,
,,,,1757,1870,,reorg_or_tip_change,,,1870,1869,,,,WITHHOLD,18267.018863218425,
,1870,,,1757,1870,,publish,1757,A,,,1869,,,WITHHOLD,18267.018863218425,18267.018863218425
,,,1870,1757,1870,,release_bn,,,,,,,,WITHHOLD,18267.018863218425,
,,,,1757,1870,,release_no_race,,,,,,,,WITHHOLD,18267.018863218425,
1757,,,,1757,1870,18278.400854589287,mine_A_start_withhold,,,,,,1871,,WITHHOLD,18274.681795400717,
,,,,1758,1871,,reorg_or_tip_change,,,1871,1870,,,,WITHHOLD,18278.400854589287,
,1871,,,1758,1871,,publish,1758,A,,,1870,,,WITHHOLD,18278.400854589287,18278.400854589287
,,,1871,1758,1871,,release_bn,,,,,,,,WITHHOLD,18278.400854589287,
,,,,1758,1871,,release_no_race,,,,,,,,WITHHOLD,18278.400854589287,
1758,,,,1758,1871,18297.872163481305,mine_A_start_withhold,,,,,,1872,,WITHHOLD,18294.153104292734,
,,,,1759,1873,,reorg_or_tip_change,,,1873,1871,,,,WITHHOLD,18295.635162779326,
,1873,,,1759,1873,,publish,1759,H,,,1871,,,WITHHOLD,18295.635162779326,18295.635162779326
,1873,,,1759,1873,,mine_H_publish,,,,,,,,WITHHOLD,18295.635162779326,
,1872,,,1759,1873,,publish,1759,A,,,1871,,,WITHHOLD,18297.872163481305,18297.872163481305
,,,1872,1759,1873,,release_bn,,,,,,,,WITHHOLD,18297.872163481305,
,,,,1759,1873,,release_enter_race,,,,,,,1872,RACE,18297.872163481305,
,,,,1760,1874,,reorg_or_tip_change,,,1874,1873,,,,RACE,18299.75399800755,
,1874,,,1760,1874,,publish,1760,A,,,1872,,,RACE,18299.75399800755,18299.75399800755
,1874,,,1760,1874,,mine_A_race_success,,,,,,,,RACE,18299.75399800755,
1760,,,,1760,1874,18310.329068063587,mine_A_start_withhold,,,,,,1875,,WITHHOLD,18306.610008875017,
,,,,1761,1875,,reorg_or_tip_change,,,1875,1874,,,,WITHHOLD,18310.329068063587,
,1875,,,1761,1875,,publish,1761,A,,,1874,,,WITHHOLD,18310.329068063587,18310.329068063587
,,,1875,1761,1875,,release_bn,,,,,,,,WITHHOLD,18310.329068063587,
,,,,1761,1875,,release_no_race,,,,,,,,WITHHOLD,18310.329068063587,
,,,,1762,1876,,reorg_or_tip_change,,,1876,1875,,,,IDLE,18311.984204792516,
,1876,,,1762,1876,,publish,1762,H,,,1875,,,IDLE,18311.984204792516,18311.984204792516
,1876,,,1762,1876,,mine_H_publish,,,,,,,,IDLE,18311.984204792516,
,,,,1763,1877,,reorg_or_tip_change,,,1877,1876,,,,IDLE,18316.559331023473,
,1877,,,1763,1877,,publish,1763,H,,,1876,,,IDLE,18316.559331023473,18316.559331023473
,1877,,,1763,1877,,mine_H_publish,,,,,,,,IDLE,18316.559331023473,
1763,,,,1763,1877,18340.49739768346,mine_A_start_withhold,,,,,,1878,,WITHHOLD,18336.77833849489,
,,,,1764,1878,,reorg_or_tip_change,,,1878,1877,,,,WITHHOLD,18340.49739768346,
,1878,,,1764,1878,,publish,1764,A,,,1877,,,WITHHOLD,18340.49739768346,18340.49739768346
,,,1878,1764,1878,,release_bn,,,,,,,,WITHHOLD,18340.49739768346,
,,,,1764,1878,,release_no_race,,,,,,,,WITHHOLD,18340.49739768346,
1764,,,,1764,1878,18367.144383249382,mine_A_start_withhold,,,,,,1879,,WITHHOLD,18363.425324060812,
,,,,1765,1879,,reorg_or_tip_change,,,1879,1878,,,,WITHHOLD,18366.98222974589,
,1879,,,1765,1879,,publish,1765,A,,,1878,,,WITHHOLD,18366.98222974589,18366.98222974589
,,,,1766,1880,,reorg_or_tip_change,,,1880,1879,,,,WITHHOLD,18366.98222974589,
,1880,,,1766,1880,,publish,1766,A,,,1879,,,WITHHOLD,18366.98222974589,18366.98222974589
,,1880,1879,1766,1880,,mine_A_withhold_success,,,,,,,,WITHHOLD,18366.98222974589,
1766,,,,1766,1880,18374.582399559276,mine_A_start_withhold,,,,,,1881,,WITHHOLD,18370.863340370706,
,,,,1767,1882,,reorg_or_tip_change,,,1882,1880,,,,WITHHOLD,18372.08530518069,
,1882,,,1767,1882,,publish,1767,H,,,1880,,,WITHHOLD,18372.08530518069,18372.08530518069
,1882,,,1767,1882,,mine_H_publish,,,,,,,,WITHHOLD,18372.08530518069,
,1881,,,1767,1882,,publish,1767,A,,,1880,,,WITHHOLD,18374.582399559276,18374.582399559276
,,,1881,1767,1882,,release_bn,,,,,,,,WITHHOLD,18374.582399559276,
,,,,1767,1882,,release_enter_race,,,,,,,1881,RACE,18374.582399559276,
,,,,1768,1883,,reorg_or_tip_change,,,1883,1882,,,,RACE,18377.37106355593,
,1883,,,1768,1883,,publish,1768,H,,,1882,,,RACE,18377.37106355593,18377.37106355593
,1883,,,1768,1883,,mine_H_publish,,,,,,,,RACE,18377.37106355593,
,,,,1768,1883,,race_lost,,,,,,,,RACE,18377.37106355593,
1768,,,,1768,1883,18386.05524962854,mine_A_start_withhold,,,,,,1884,,WITHHOLD,18382.33619043997,
,,,,1769,1884,,reorg_or_tip_change,,,1884,1883,,,,WITHHOLD,18386.05524962854,
,1884,,,1769,1884,,publish,1769,A,,,1883,,,WITHHOLD,18386.05524962854,18386.05524962854
,,,1884,1769,1884,,release_bn,,,,,,,,WITHHOLD,18386.05524962854,
,,,,1769,1884,,release_no_race,,,,,,,,WITHHOLD,18386.05524962854,
,,,,1770,1885,,reorg_or_tip_change,,,1885,1884,,,,IDLE,18429.445255066017,
,1885,,,1770,1885,,publish,1770,H,,,1884,,,IDLE,18429.445255066017,18429.445255066017
,1885,,,1770,1885,,mine_H_publish,,,,,,,,IDLE,18429.445255066017,
,,,,1771,1886,,reorg_or_tip_change,,,1886,1885,,,,IDLE,18444.587548159583,
,1886,,,1771,1886,,publish,1771,H,,,1885,,,IDLE,18444.587548159583,18444.587548159583
,1886,,,1771,1886,,mine_H_publish,,,,,,,,IDLE,18444.587548159583,
,,,,1772,1887,,reorg_or_tip_change,,,1887,1886,,,,IDLE,18448.255367174857,
,1887,,,1772,1887,,publish,1772,H,,,1886,,,IDLE,18448.255367174857,18448.255367174857
,1887,,,1772,1887,,mine_H_publish,,,,,,,,IDLE,18448.255367174857,
1772,,,,1772,1887,18462.64716423031,mine_A_start_withhold,,,,,,1888,,WITHHOLD,18458.92810504174,
,,,,1773,1888,,reorg_or_tip_change,,,1888,1887,,,,WITHHOLD,18462.64716423031,
,1888,,,1773,1888,,publish,1773,A,,,1887,,,WITHHOLD,18462.64716423031,18462.64716423031
,,,1888,1773,1888,,release_bn,,,,,,,,WITHHOLD,18462.64716423031,
,,,,1773,1888,,release_no_race,,,,,,,,WITHHOLD,18462.64716423031,
1773,,,,1773,1888,18469.358883981662,mine_A_start_withhold,,,,,,1889,,WITHHOLD,18465.639824793092,
,,,,1774,1889,,reorg_or_tip_change,,,1889,1888,,,,WITHHOLD,18469.358883981662,
,1889,,,1774,1889,,publish,1774,A,,,1888,,,WITHHOLD,18469.358883981662,18469.358883981662
,,,1889,1774,1889,,release_bn,,,,,,,,WITHHOLD,18469.358883981662,
,,,,1774,1889,,release_no_race,,,,,,,,WITHHOLD,18469.358883981662,
1774,,,,1774,1889,18473.09467496428,mine_A_start_withhold,,,,,,1890,,WITHHOLD,18469.37561577571,
,,,,1775,1890,,reorg_or_tip_change,,,1890,1889,,,,WITHHOLD,18473.09467496428,
,1890,,,1775,1890,,publish,1775,A,,,1889,,,WITHHOLD,18473.09467496428,18473.09467496428
,,,1890,1775,1890,,release_bn,,,,,,,,WITHHOLD,18473.09467496428,
,,,,1775,1890,,release_no_race,,,,,,,,WITHHOLD,18473.09467496428,
,,,,1776,1891,,reorg_or_tip_change,,,1891,1890,,,,IDLE,18476.425844929257,
,1891,,,1776,1891,,publish,1776,H,,,1890,,,IDLE,18476.425844929257,18476.425844929257
,1891,,,1776,1891,,mine_H_publish,,,,,,,,IDLE,18476.425844929257,
1776,,,,1776,1891,18480.30977443647,mine_A_start_withhold,,,,,,1892,,WITHHOLD,18476.5907152479,
,,,,1777,1892,,reorg_or_tip_change,,,1892,1891,,,,WITHHOLD,18480.30977443647,
,1892,,,1777,1892,,publish,1777,A,,,1891,,,WITHHOLD,18480.30977443647,18480.30977443647
,,,1892,1777,1892,,release_bn,,,,,,,,WITHHOLD,18480.30977443647,
,,,,1777,1892,,release_no_race,,,,,,,,WITHHOLD,18480.30977443647,
1777,,,,1777,1892,18503.091711201694,mine_A_start_withhold,,,,,,1893,,WITHHOLD,18499.372652013124,
,,,,1778,1893,,reorg_or_tip_change,,,1893,1892,,,,WITHHOLD,18500.85283288113,
,1893,,,1778,1893,,publish,1778,A,,,1892,,,WITHHOLD,18500.85283288113,18500.85283288113
,,,,1779,1894,,reorg_or_tip_change,,,1894,1893,,,,WITHHOLD,18500.85283288113,
,1894,,,1779,1894,,publish,1779,A,,,1893,,,WITHHOLD,18500.85283288113,18500.85283288113
,,1894,1893,1779,1894,,mine_A_withhold_success,,,,,,,,WITHHOLD,18500.85283288113,
,,,,1780,1895,,reorg_or_tip_change,,,1895,1894,,,,IDLE,18503.17561818975,
,1895,,,1780,1895,,publish,1780,H,,,1894,,,IDLE,18503.17561818975,18503.17561818975
,1895,,,1780,1895,,mine_H_publish,,,,,,,,IDLE,18503.17561818975,
,,,,1781,1896,,reorg_or_tip_change,,,1896,1895,,,,IDLE,18505.92661058089,
,1896,,,1781,1896,,publish,1781,H,,,1895,,,IDLE,18505.92661058089,18505.92661058089
,1896,,,1781,1896,,mine_H_publish,,,,,,,,IDLE,18505.92661058089,
,,,,1782,1897,,reorg_or_tip_change,,,1897,1896,,,,IDLE,18514.359092236165,
,1897,,,1782,1897,,publish,1782,H,,,1896,,,IDLE,18514.359092236165,18514.359092236165
,1897,,,1782,1897,,mine_H_publish,,,,,,,,IDLE,18514.359092236165,
,,,,1783,1898,,reorg_or_tip_change,,,1898,1897,,,,IDLE,18523.57420921709,
,1898,,,1783,1898,,publish,1783,H,,,1897,,,IDLE,18523.57420921709,18523.57420921709
,1898,,,1783,1898,,mine_H_publish,,,,,,,,IDLE,18523.57420921709,
1783,,,,1783,1898,18528.646683748844,mine_A_start_withhold,,,,,,1899,,WITHHOLD,18524.927624560274,
,,,,1784,1899,,reorg_or_tip_change,,,1899,1898,,,,WITHHOLD,18526.26890582413,
,1899,,,1784,1899,,publish,1784,A,,,1898,,,WITHHOLD,18526.26890582413,18526.26890582413
,,,,1785,1900,,reorg_or_tip_change,,,1900,1899,,,,WITHHOLD,18526.26890582413,
,1900,,,1785,1900,,publish,1785,A,,,1899,,,WITHHOLD,18526.26890582413,18526.26890582413
,,1900,1899,1785,1900,,mine_A_withhold_success,,,,,,,,WITHHOLD,18526.26890582413,
1785,,,,1785,1900,18536.368021770435,mine_A_start_withhold,,,,,,1901,,WITHHOLD,18532.648962581865,
,,,,1786,1901,,reorg_or_tip_change,,,1901,1900,,,,WITHHOLD,18536.368021770435,
,1901,,,1786,1901,,publish,1786,A,,,1900,,,WITHHOLD,18536.368021770435,18536.368021770435
,,,1901,1786,1901,,release_bn,,,,,,,,WITHHOLD,18536.368021770435,
,,,,1786,1901,,release_no_race,,,,,,,,WITHHOLD,18536.368021770435,
1786,,,,1786,1901,18554.669343327572,mine_A_start_withhold,,,,,,1902,,WITHHOLD,18550.950284139002,
,,,,1787,1902,,reorg_or_tip_change,,,1902,1901,,,,WITHHOLD,18554.669343327572,
,1902,,,1787,1902,,publish,1787,A,,,1901,,,WITHHOLD,18554.669343327572,18554.669343327572
,,,1902,1787,1902,,release_bn,,,,,,,,WITHHOLD,18554.669343327572,
,,,,1787,1902,,release_no_race,,,,,,,,WITHHOLD,18554.669343327572,
,,,,1788,1903,,reorg_or_tip_change,,,1903,1902,,,,IDLE,18558.336212048,
,1903,,,1788,1903,,publish,1788,H,,,1902,,,IDLE,18558.336212048,18558.336212048
,1903,,,1788,1903,,mine_H_publish,,,,,,,,IDLE,18558.336212048,
1788,,,,1788,1903,18562.29086385736,mine_A_start_withhold,,,,,,1904,,WITHHOLD,18558.57180466879,
,,,,1789,1904,,reorg_or_tip_change,,,1904,1903,,,,WITHHOLD,18562.29086385736,
,1904,,,1789,1904,,publish,1789,A,,,1903,,,WITHHOLD,18562.29086385736,18562.29086385736
,,,1904,1789,1904,,release_bn,,,,,,,,WITHHOLD,18562.29086385736,
,,,,1789,1904,,release_no_race,,,,,,,,WITHHOLD,18562.29086385736,
1789,,,,1789,1904,18596.764747220906,mine_A_start_withhold,,,,,,1905,,WITHHOLD,18593.045688032336,
,,,,1790,1905,,reorg_or_tip_change,,,1905,1904,,,,WITHHOLD,18596.764747220906,
,1905,,,1790,1905,,publish,1790,A,,,1904,,,WITHHOLD,18596.764747220906,18596.764747220906
,,,1905,1790,1905,,release_bn,,,,,,,,WITHHOLD,18596.764747220906,
,,,,1790,1905,,release_no_race,,,,,,,,WITHHOLD,18596.764747220906,
,,,,1791,1906,,reorg_or_tip_change,,,1906,1905,,,,IDLE,18610.84686241837,
,1906,,,1791,1906,,publish,1791,H,,,1905,,,IDLE,18610.84686241837,18610.84686241837
,1906,,,1791,1906,,mine_H_publish,,,,,,,,IDLE,18610.84686241837,
1791,,,,1791,1906,18616.303347685247,mine_A_start_withhold,,,,,,1907,,WITHHOLD,18612.584288496677,
,,,,1792,1907,,reorg_or_tip_change,,,1907,1906,,,,WITHHOLD,18616.303347685247,
,1907,,,1792,1907,,publish,1792,A,,,1906,,,WITHHOLD,18616.303347685247,18616.303347685247
,,,1907,1792,1907,,release_bn,,,,,,,,WITHHOLD,18616.303347685247,
,,,,1792,1907,,release_no_race,,,,,,,,WITHHOLD,18616.303347685247,
1792,,,,1792,1907,18631.30607895931,mine_A_start_withhold,,,,,,1908,,WITHHOLD,18627.58701977074,
,,,,1793,1909,,reorg_or_tip_change,,,1909,1907,,,,WITHHOLD,18630.301185725897,
,1909,,,1793,1909,,publish,1793,H,,,1907,,,WITHHOLD,18630.301185725897,18630.301185725897
,1909,,,1793,1909,,mine_H_publish,,,,,,,,WITHHOLD,18630.301185725897,
,1908,,,1793,1909,,publish,1793,A,,,1907,,,WITHHOLD,18631.30607895931,18631.30607895931
,,,1908,1793,1909,,release_bn,,,,,,,,WITHHOLD,18631.30607895931,
,,,,1793,1909,,release_enter_race,,,,,,,1908,RACE,18631.30607895931,
,,,,1794,1910,,reorg_or_tip_change,,,1910,1909,,,,RACE,18638.184674205073,
,1910,,,1794,1910,,publish,1794,H,,,1909,,,RACE,18638.184674205073,18638.184674205073
,1910,,,1794,1910,,mine_H_publish,,,,,,,,RACE,18638.184674205073,
,,,,1794,1910,,race_lost,,,,,,,,RACE,18638.184674205073,
1794,,,,1794,1910,18642.215239082558,mine_A_start_withhold,,,,,,1911,,WITHHOLD,18638.496179893988,
,,,,1795,1911,,reorg_or_tip_change,,,1911,1910,,,,WITHHOLD,18642.215239082558,
,1911,,,1795,1911,,publish,1795,A,,,1910,,,WITHHOLD,18642.215239082558,18642.215239082558
,,,1911,1795,1911,,release_bn,,,,,,,,WITHHOLD,18642.215239082558,
,,,,1795,1911,,release_no_race,,,,,,,,WITHHOLD,18642.215239082558,
,,,,1796,1912,,reorg_or_tip_change,,,1912,1911,,,,IDLE,18681.89034577313,
,1912,,,1796,1912,,publish,1796,H,,,1911,,,IDLE,18681.89034577313,18681.89034577313
,1912,,,1796,1912,,mine_H_publish,,,,,,,,IDLE,18681.89034577313,
1796,,,,1796,1912,18698.528760369358,mine_A_start_withhold,,,,,,1913,,WITHHOLD,18694.809701180788,
,,,,1797,1913,,reorg_or_tip_change,,,1913,1912,,,,WITHHOLD,18698.528760369358,
,1913,,,1797,1913,,publish,1797,A,,,1912,,,WITHHOLD,18698.528760369358,18698.528760369358
,,,1913,1797,1913,,release_bn,,,,,,,,WITHHOLD,18698.528760369358,
,,,,1797,1913,,release_no_race,,,,,,,,WITHHOLD,18698.528760369358,
1797,,,,1797,1913,18703.963277721523,mine_A_start_withhold,,,,,,1914,,WITHHOLD,18700.244218532953,
,,,,1798,1914,,reorg_or_tip_change,,,1914,1913,,,,WITHHOLD,18703.963277721523,
,1914,,,1798,1914,,publish,1798,A,,,1913,,,WITHHOLD,18703.963277721523,18703.963277721523
,,,1914,1798,1914,,release_bn,,,,,,,,WITHHOLD,18703.963277721523,
,,,,1798,1914,,release_no_race,,,,,,,,WITHHOLD,18703.963277721523,
1798,,,,1798,1914,18723.415371321298,mine_A_start_withhold,,,,,,1915,,WITHHOLD,18719.696312132728,
,,,,1799,1915,,reorg_or_tip_change,,,1915,1914,,,,WITHHOLD,18720.224781791938,
,1915,,,1799,1915,,publish,1799,A,,,1914,,,WITHHOLD,18720.224781791938,18720.224781791938
,,,,1800,1916,,reorg_or_tip_change,,,1916,1915,,,,WITHHOLD,18720.224781791938,
,1916,,,1800,1916,,publish,1800,A,,,1915,,,WITHHOLD,18720.224781791938,18720.224781791938
,,1916,1915,1800,1916,,mine_A_withhold_success,,,,,,,,WITHHOLD,18720.224781791938,
,,,,1801,1917,,reorg_or_tip_change,,,1917,1916,,,,IDLE,18723.074738048592,
,1917,,,1801,1917,,publish,1801,H,,,1916,,,IDLE,18723.074738048592,18723.074738048592
,1917,,,1801,1917,,mine_H_publish,,,,,,,,IDLE,18723.074738048592,
1801,,,,1801,1917,18746.421413779048,mine_A_start_withhold,,,,,,1918,,WITHHOLD,18742.702354590478,
,,,,1802,1918,,reorg_or_tip_change,,,1918,1917,,,,WITHHOLD,18746.421413779048,
,1918,,,1802,1918,,publish,1802,A,,,1917,,,WITHHOLD,18746.421413779048,18746.421413779048
,,,1918,1802,1918,,release_bn,,,,,,,,WITHHOLD,18746.421413779048,
,,,,1802,1918,,release_no_race,,,,,,,,WITHHOLD,18746.421413779048,
1802,,,,1802,1918,18751.93865195723,mine_A_start_withhold,,,,,,1919,,WITHHOLD,18748.21959276866,
,,,,1803,1919,,reorg_or_tip_change,,,1919,1918,,,,WITHHOLD,18751.93865195723,
,1919,,,1803,1919,,publish,1803,A,,,1918,,,WITHHOLD,18751.93865195723,18751.93865195723
,,,1919,1803,1919,,release_bn,,,,,,,,WITHHOLD,18751.93865195723,
,,,,1803,1919,,release_no_race,,,,,,,,WITHHOLD,18751.93865195723,
,,,,1804,1920,,reorg_or_tip_change,,,1920,1919,,,,IDLE,18754.556725872266,
,1920,,,1804,1920,,publish,1804,H,,,1919,,,IDLE,18754.556725872266,18754.556725872266
,1920,,,1804,1920,,mine_H_publish,,,,,,,,IDLE,18754.556725872266,
,,,,1805,1921,,reorg_or_tip_change,,,1921,1920,,,,IDLE,18769.46933544894,
,1921,,,1805,1921,,publish,1805,H,,,1920,,,IDLE,18769.46933544894,18769.46933544894
,1921,,,1805,1921,,mine_H_publish,,,,,,,,IDLE,18769.46933544894,
1805,,,,1805,1921,18774.65119486607,mine_A_start_withhold,,,,,,1922,,WITHHOLD,18770.9321356775,
,,,,1806,1922,,reorg_or_tip_change,,,1922,1921,,,,WITHHOLD,18774.65119486607,
,1922,,,1806,1922,,publish,1806,A,,,1921,,,WITHHOLD,18774.65119486607,18774.65119486607
,,,1922,1806,1922,,release_bn,,,,,,,,WITHHOLD,18774.65119486607,
,,,,1806,1922,,release_no_race,,,,,,,,WITHHOLD,18774.65119486607,
1806,,,,1806,1922,18796.578154702613,mine_A_start_withhold,,,,,,1923,,WITHHOLD,18792.859095514043,
,,,,1807,1923,,reorg_or_tip_change,,,1923,1922,,,,WITHHOLD,18796.578154702613,
,1923,,,1807,1923,,publish,1807,A,,,1922,,,WITHHOLD,18796.578154702613,18796.578154702613
,,,1923,1807,1923,,release_bn,,,,,,,,WITHHOLD,18796.578154702613,
,,,,1807,1923,,release_no_race,,,,,,,,WITHHOLD,18796.578154702613,
1807,,,,1807,1923,18807.656464381722,mine_A_start_withhold,,,,,,1924,,WITHHOLD,18803.93740519315,
,,,,1808,1924,,reorg_or_tip_change,,,1924,1923,,,,WITHHOLD,18807.656464381722,
,1924,,,1808,1924,,publish,1808,A,,,1923,,,WITHHOLD,18807.656464381722,18807.656464381722
,,,1924,1808,1924,,release_bn,,,,,,,,WITHHOLD,18807.656464381722,
,,,,1808,1924,,release_no_race,,,,,,,,WITHHOLD,18807.656464381722,
1808,,,,1808,1924,18811.862534310803,mine_A_start_withhold,,,,,,1925,,WITHHOLD,18808.143475122233,
,,,,1809,1925,,reorg_or_tip_change,,,1925,1924,,,,WITHHOLD,18811.862534310803,
,1925,,,1809,1925,,publish,1809,A,,,1924,,,WITHHOLD,18811.862534310803,18811.862534310803
,,,1925,1809,1925,,release_bn,,,,,,,,WITHHOLD,18811.862534310803,
,,,,1809,1925,,release_no_race,,,,,,,,WITHHOLD,18811.862534310803,
,,,,1810,1926,,reorg_or_tip_change,,,1926,1925,,,,IDLE,18819.602257525527,
,1926,,,1810,1926,,publish,1810,H,,,1925,,,IDLE,18819.602257525527,18819.602257525527
,1926,,,1810,1926,,mine_H_publish,,,,,,,,IDLE,18819.602257525527,
1810,,,,1810,1926,18830.087288248003,mine_A_start_withhold,,,,,,1927,,WITHHOLD,18826.368229059433,
,,,,1811,1927,,reorg_or_tip_change,,,1927,1926,,,,WITHHOLD,18829.738949349547,
,1927,,,1811,1927,,publish,1811,A,,,1926,,,WITHHOLD,18829.738949349547,18829.738949349547
,,,,1812,1928,,reorg_or_tip_change,,,1928,1927,,,,WITHHOLD,18829.738949349547,
,1928,,,1812,1928,,publish,1812,A,,,1927,,,WITHHOLD,18829.738949349547,18829.738949349547
,,1928,1927,1812,1928,,mine_A_withhold_success,,,,,,,,WITHHOLD,18829.738949349547,
1812,,,,1812,1928,18839.752980546167,mine_A_start_withhold,,,,,,1929,,WITHHOLD,18836.033921357597,
,,,,1813,1929,,reorg_or_tip_change,,,1929,1928,,,,WITHHOLD,18839.752980546167,
,1929,,,1813,1929,,publish,1813,A,,,1928,,,WITHHOLD,18839.752980546167,18839.752980546167
,,,1929,1813,1929,,release_bn,,,,,,,,WITHHOLD,18839.752980546167,
,,,,1813,1929,,release_no_race,,,,,,,,WITHHOLD,18839.752980546167,
1813,,,,1813,1929,18843.66078026458,mine_A_start_withhold,,,,,,1930,,WITHHOLD,18839.94172107601,
,,,,1814,1930,,reorg_or_tip_change,,,1930,1929,,,,WITHHOLD,18843.66078026458,
,1930,,,1814,1930,,publish,1814,A,,,1929,,,WITHHOLD,18843.66078026458,18843.66078026458
,,,1930,1814,1930,,release_bn,,,,,,,,WITHHOLD,18843.66078026458,
,,,,1814,1930,,release_no_race,,,,,,,,WITHHOLD,18843.66078026458,
1814,,,,1814,1930,18855.71069694379,mine_A_start_withhold,,,,,,1931,,WITHHOLD,18851.991637755218,
,,,,1815,1931,,reorg_or_tip_change,,,1931,1930,,,,WITHHOLD,18855.71069694379,
,1931,,,1815,1931,,publish,1815,A,,,1930,,,WITHHOLD,18855.71069694379,18855.71069694379
,,,1931,1815,1931,,release_bn,,,,,,,,WITHHOLD,18855.71069694379,
,,,,1815,1931,,release_no_race,,,,,,,,WITHHOLD,18855.71069694379,
1815,,,,1815,1931,18867.32305341467,mine_A_start_withhold,,,,,,1932,,WITHHOLD,18863.6039942261,
,,,,1816,1932,,reorg_or_tip_change,,,1932,1931,,,,WITHHOLD,18864.69792155391,
,1932,,,1816,1932,,publish,1816,A,,,1931,,,WITHHOLD,18864.69792155391,18864.69792155391
,,,,1817,1933,,reorg_or_tip_change,,,1933,1932,,,,WITHHOLD,18864.69792155391,
,1933,,,1817,1933,,publish,1817,A,,,1932,,,WITHHOLD,18864.69792155391,18864.69792155391
,,1933,1932,1817,1933,,mine_A_withhold_success,,,,,,,,WITHHOLD,18864.69792155391,
1817,,,,1817,1933,18868.52162587073,mine_A_start_withhold,,,,,,1934,,WITHHOLD,18864.80256668216,
,,,,1818,1934,,reorg_or_tip_change,,,1934,1933,,,,WITHHOLD,18868.52162587073,
,1934,,,1818,1934,,publish,1818,A,,,1933,,,WITHHOLD,18868.52162587073,18868.52162587073
,,,1934,1818,1934,,release_bn,,,,,,,,WITHHOLD,18868.52162587073,
,,,,1818,1934,,release_no_race,,,,,,,,WITHHOLD,18868.52162587073,
,,,,1819,1935,,reorg_or_tip_change,,,1935,1934,,,,IDLE,18875.724818968964,
,1935,,,1819,1935,,publish,1819,H,,,1934,,,IDLE,18875.724818968964,18875.724818968964
,1935,,,1819,1935,,mine_H_publish,,,,,,,,IDLE,18875.724818968964,
1819,,,,1819,1935,18879.954412551797,mine_A_start_withhold,,,,,,1936,,WITHHOLD,18876.235353363227,
,,,,1820,1936,,reorg_or_tip_change,,,1936,1935,,,,WITHHOLD,18879.954412551797,
,1936,,,1820,1936,,publish,1820,A,,,1935,,,WITHHOLD,18879.954412551797,18879.954412551797
,,,1936,1820,1936,,release_bn,,,,,,,,WITHHOLD,18879.954412551797,
,,,,1820,1936,,release_no_race,,,,,,,,WITHHOLD,18879.954412551797,
,,,,1821,1937,,reorg_or_tip_change,,,1937,1936,,,,IDLE,18884.087332410138,
,1937,,,1821,1937,,publish,1821,H,,,1936,,,IDLE,18884.087332410138,18884.087332410138
,1937,,,1821,1937,,mine_H_publish,,,,,,,,IDLE,18884.087332410138,
1821,,,,1821,1937,18888.478912314993,mine_A_start_withhold,,,,,,1938,,WITHHOLD,18884.759853126423,
,,,,1822,1938,,reorg_or_tip_change,,,1938,1937,,,,WITHHOLD,18888.478912314993,
,1938,,,1822,1938,,publish,1822,A,,,1937,,,WITHHOLD,18888.478912314993,18888.478912314993
,,,1938,1822,1938,,release_bn,,,,,,,,WITHHOLD,18888.478912314993,
,,,,1822,1938,,release_no_race,,,,,,,,WITHHOLD,18888.478912314993,
,,,,1823,1939,,reorg_or_tip_change,,,1939,1938,,,,IDLE,18889.173580979288,
,1939,,,1823,1939,,publish,1823,H,,,1938,,,IDLE,18889.173580979288,18889.173580979288
,1939,,,1823,1939,,mine_H_publish,,,,,,,,IDLE,18889.173580979288,
1823,,,,1823,1939,18894.400687428017,mine_A_start_withhold,,,,,,1940,,WITHHOLD,18890.681628239447,
,,,,1824,1940,,reorg_or_tip_change,,,1940,1939,,,,WITHHOLD,18893.90349800716,
,1940,,,1824,1940,,publish,1824,A,,,1939,,,WITHHOLD,18893.90349800716,18893.90349800716
,,,,1825,1941,,reorg_or_tip_change,,,1941,1940,,,,WITHHOLD,18893.90349800716,
,1941,,,1825,1941,,publish,1825,A,,,1940,,,WITHHOLD,18893.90349800716,18893.90349800716
,,1941,1940,1825,1941,,mine_A_withhold_success,,,,,,,,WITHHOLD,18893.90349800716,
,,,,1826,1942,,reorg_or_tip_change,,,1942,1941,,,,IDLE,18896.763870026884,
,1942,,,1826,1942,,publish,1826,H,,,1941,,,IDLE,18896.763870026884,18896.763870026884
,1942,,,1826,1942,,mine_H_publish,,,,,,,,IDLE,18896.763870026884,
1826,,,,1826,1942,18908.16741207125,mine_A_start_withhold,,,,,,1943,,WITHHOLD,18904.44835288268,
,,,,1827,1943,,reorg_or_tip_change,,,1943,1942,,,,WITHHOLD,18908.16741207125,
,1943,,,1827,1943,,publish,1827,A,,,1942,,,WITHHOLD,18908.16741207125,18908.16741207125
,,,1943,1827,1943,,release_bn,,,,,,,,WITHHOLD,18908.16741207125,
,,,,1827,1943,,release_no_race,,,,,,,,WITHHOLD,18908.16741207125,
1827,,,,1827,1943,18920.768589611216,mine_A_start_withhold,,,,,,1944,,WITHHOLD,18917.049530422646,
,,,,1828,1944,,reorg_or_tip_change,,,1944,1943,,,,WITHHOLD,18920.768589611216,
,1944,,,1828,1944,,publish,1828,A,,,1943,,,WITHHOLD,18920.768589611216,18920.768589611216
,,,1944,1828,1944,,release_bn,,,,,,,,WITHHOLD,18920.768589611216,
,,,,1828,1944,,release_no_race,,,,,,,,WITHHOLD,18920.768589611216,
1828,,,,1828,1944,18926.00296518046,mine_A_start_withhold,,,,,,1945,,WITHHOLD,18922.28390599189,
,,,,1829,1945,,reorg_or_tip_change,,,1945,1944,,,,WITHHOLD,18925.98167725303,
,1945,,,1829,1945,,publish,1829,A,,,1944,,,WITHHOLD,18925.98167725303,18925.98167725303
,,,,1830,1946,,reorg_or_tip_change,,,1946,1945,,,,WITHHOLD,18925.98167725303,
,1946,,,1830,1946,,publish,1830,A,,,1945,,,WITHHOLD,18925.98167725303,18925.98167725303
,,1946,1945,1830,1946,,mine_A_withhold_success,,,,,,,,WITHHOLD,18925.98167725303,
,,,,1831,1947,,reorg_or_tip_change,,,1947,1946,,,,IDLE,18927.24682415452,
,1947,,,1831,1947,,publish,1831,H,,,1946,,,IDLE,18927.24682415452,18927.24682415452
,1947,,,1831,1947,,mine_H_publish,,,,,,,,IDLE,18927.24682415452,
,,,,1832,1948,,reorg_or_tip_change,,,1948,1947,,,,IDLE,18941.946368236295,
,1948,,,1832,1948,,publish,1832,H,,,1947,,,IDLE,18941.946368236295,18941.946368236295
,1948,,,1832,1948,,mine_H_publish,,,,,,,,IDLE,18941.946368236295,
,,,,1833,1949,,reorg_or_tip_change,,,1949,1948,,,,IDLE,18947.448528831137,
,1949,,,1833,1949,,publish,1833,H,,,1948,,,IDLE,18947.448528831137,18947.448528831137
,1949,,,1833,1949,,mine_H_publish,,,,,,,,IDLE,18947.448528831137,
,,,,1834,1950,,reorg_or_tip_change,,,1950,1949,,,,IDLE,18955.61011784835,
,1950,,,1834,1950,,publish,1834,H,,,1949,,,IDLE,18955.61011784835,18955.61011784835
,1950,,,1834,1950,,mine_H_publish,,,,,,,,IDLE,18955.61011784835,
,,,,1835,1951,,reorg_or_tip_change,,,1951,1950,,,,IDLE,18956.887662346937,
,1951,,,1835,1951,,publish,1835,H,,,1950,,,IDLE,18956.887662346937,18956.887662346937
,1951,,,1835,1951,,mine_H_publish,,,,,,,,IDLE,18956.887662346937,
,,,,1836,1952,,reorg_or_tip_change,,,1952,1951,,,,IDLE,18985.105667137977,
,1952,,,1836,1952,,publish,1836,H,,,1951,,,IDLE,18985.105667137977,18985.105667137977
,1952,,,1836,1952,,mine_H_publish,,,,,,,,IDLE,18985.105667137977,
,,,,1837,1953,,reorg_or_tip_change,,,1953,1952,,,,IDLE,18987.105062868824,
,1953,,,1837,1953,,publish,1837,H,,,1952,,,IDLE,18987.105062868824,18987.105062868824
,1953,,,1837,1953,,mine_H_publish,,,,,,,,IDLE,18987.105062868824,
1837,,,,1837,1953,19001.036512989707,mine_A_start_withhold,,,,,,1954,,WITHHOLD,18997.317453801137,
,,,,1838,1954,,reorg_or_tip_change,,,1954,1953,,,,WITHHOLD,19001.036512989707,
,1954,,,1838,1954,,publish,1838,A,,,1953,,,WITHHOLD,19001.036512989707,19001.036512989707
,,,1954,1838,1954,,release_bn,,,,,,,,WITHHOLD,19001.036512989707,
,,,,1838,1954,,release_no_race,,,,,,,,WITHHOLD,19001.036512989707,
,,,,1839,1955,,reorg_or_tip_change,,,1955,1954,,,,IDLE,19014.39727803403,
,1955,,,1839,1955,,publish,1839,H,,,1954,,,IDLE,19014.39727803403,19014.39727803403
,1955,,,1839,1955,,mine_H_publish,,,,,,,,IDLE,19014.39727803403,
,,,,1840,1956,,reorg_or_tip_change,,,1956,1955,,,,IDLE,19053.87968903487,
,1956,,,1840,1956,,publish,1840,H,,,1955,,,IDLE,19053.87968903487,19053.87968903487
,1956,,,1840,1956,,mine_H_publish,,,,,,,,IDLE,19053.87968903487,
1840,,,,1840,1956,19062.706961464202,mine_A_start_withhold,,,,,,1957,,WITHHOLD,19058.987902275632,
,,,,1841,1958,,reorg_or_tip_change,,,1958,1956,,,,WITHHOLD,19062.313412875184,
,1958,,,1841,1958,,publish,1841,H,,,1956,,,WITHHOLD,19062.313412875184,19062.313412875184
,1958,,,1841,1958,,mine_H_publish,,,,,,,,WITHHOLD,19062.313412875184,
,1957,,,1841,1958,,publish,1841,A,,,1956,,,WITHHOLD,19062.706961464202,19062.706961464202
,,,1957,1841,1958,,release_bn,,,,,,,,WITHHOLD,19062.706961464202,
,,,,1841,1958,,release_enter_race,,,,,,,1957,RACE,19062.706961464202,
,,,,1842,1959,,reorg_or_tip_change,,,1959,1958,,,,RACE,19064.315673575627,
,1959,,,1842,1959,,publish,1842,H,,,1958,,,RACE,19064.315673575627,19064.315673575627
,1959,,,1842,1959,,mine_H_publish,,,,,,,,RACE,19064.315673575627,
,,,,1842,1959,,race_lost,,,,,,,,RACE,19064.315673575627,
,,,,1843,1960,,reorg_or_tip_change,,,1960,1959,,,,IDLE,19068.794682371812,
,1960,,,1843,1960,,publish,1843,H,,,1959,,,IDLE,19068.794682371812,19068.794682371812
,1960,,,1843,1960,,mine_H_publish,,,,,,,,IDLE,19068.794682371812,
1843,,,,1843,1960,19082.920370503336,mine_A_start_withhold,,,,,,1961,,WITHHOLD,19079.201311314766,
,,,,1844,1962,,reorg_or_tip_change,,,1962,1960,,,,WITHHOLD,19081.230920901115,
,1962,,,1844,1962,,publish,1844,H,,,1960,,,WITHHOLD,19081.230920901115,19081.230920901115
,1962,,,1844,1962,,mine_H_publish,,,,,,,,WITHHOLD,19081.230920901115,
,1961,,,1844,1962,,publish,1844,A,,,1960,,,WITHHOLD,19082.920370503336,19082.920370503336
,,,1961,1844,1962,,release_bn,,,,,,,,WITHHOLD,19082.920370503336,
,,,,1844,1962,,release_enter_race,,,,,,,1961,RACE,19082.920370503336,
,,,,1845,1963,,reorg_or_tip_change,,,1963,1962,,,,RACE,19086.365246527344,
,1963,,,1845,1963,,publish,1845,H,,,1962,,,RACE,19086.365246527344,19086.365246527344
,1963,,,1845,1963,,mine_H_publish,,,,,,,,RACE,19086.365246527344,
,,,,1845,1963,,race_lost,,,,,,,,RACE,19086.365246527344,
1845,,,,1845,1963,19111.79558864192,mine_A_start_withhold,,,,,,1964,,WITHHOLD,19108.07652945335,
,,,,1846,1964,,reorg_or_tip_change,,,1964,1963,,,,WITHHOLD,19111.79558864192,
,1964,,,1846,1964,,publish,1846,A,,,1963,,,WITHHOLD,19111.79558864192,19111.79558864192
,,,1964,1846,1964,,release_bn,,,,,,,,WITHHOLD,19111.79558864192,
,,,,1846,1964,,release_no_race,,,,,,,,WITHHOLD,19111.79558864192,
1846,,,,1846,1964,19118.18542294175,mine_A_start_withhold,,,,,,1965,,WITHHOLD,19114.46636375318,
,,,,1847,1965,,reorg_or_tip_change,,,1965,1964,,,,WITHHOLD,19118.18542294175,
,1965,,,1847,1965,,publish,1847,A,,,1964,,,WITHHOLD,19118.18542294175,19118.18542294175
,,,1965,1847,1965,,release_bn,,,,,,,,WITHHOLD,19118.18542294175,
,,,,1847,1965,,release_no_race,,,,,,,,WITHHOLD,19118.18542294175,
,,,,1848,1966,,reorg_or_tip_change,,,1966,1965,,,,IDLE,19146.712678588603,
,1966,,,1848,1966,,publish,1848,H,,,1965,,,IDLE,19146.712678588603,19146.712678588603
,1966,,,1848,1966,,mine_H_publish,,,,,,,,IDLE,19146.712678588603,
1848,,,,1848,1966,19160.882942773704,mine_A_start_withhold,,,,,,1967,,WITHHOLD,19157.163883585134,
,,,,1849,1967,,reorg_or_tip_change,,,1967,1966,,,,WITHHOLD,19160.882942773704,
,1967,,,1849,1967,,publish,1849,A,,,1966,,,WITHHOLD,19160.882942773704,19160.882942773704
,,,1967,1849,1967,,release_bn,,,,,,,,WITHHOLD,19160.882942773704,
,,,,1849,1967,,release_no_race,,,,,,,,WITHHOLD,19160.882942773704,
,,,,1850,1968,,reorg_or_tip_change,,,1968,1967,,,,IDLE,19160.968756887738,
,1968,,,1850,1968,,publish,1850,H,,,1967,,,IDLE,19160.968756887738,19160.968756887738
,1968,,,1850,1968,,mine_H_publish,,,,,,,,IDLE,19160.968756887738,
,,,,1851,1969,,reorg_or_tip_change,,,1969,1968,,,,IDLE,19162.88528833588,
,1969,,,1851,1969,,publish,1851,H,,,1968,,,IDLE,19162.88528833588,19162.88528833588
,1969,,,1851,1969,,mine_H_publish,,,,,,,,IDLE,19162.88528833588,
1851,,,,1851,1969,19171.273163933114,mine_A_start_withhold,,,,,,1970,,WITHHOLD,19167.554104744544,
,,,,1852,1970,,reorg_or_tip_change,,,1970,1969,,,,WITHHOLD,19169.377549269393,
,1970,,,1852,1970,,publish,1852,A,,,1969,,,WITHHOLD,19169.377549269393,19169.377549269393
,,,,1853,1971,,reorg_or_tip_change,,,1971,1970,,,,WITHHOLD,19169.377549269393,
,1971,,,1853,1971,,publish,1853,A,,,1970,,,WITHHOLD,19169.377549269393,19169.377549269393
,,1971,1970,1853,1971,,mine_A_withhold_success,,,,,,,,WITHHOLD,19169.377549269393,
,,,,1854,1972,,reorg_or_tip_change,,,1972,1971,,,,IDLE,19177.597891070065,
,1972,,,1854,1972,,publish,1854,H,,,1971,,,IDLE,19177.597891070065,19177.597891070065
,1972,,,1854,1972,,mine_H_publish,,,,,,,,IDLE,19177.597891070065,
,,,,1855,1973,,reorg_or_tip_change,,,1973,1972,,,,IDLE,19185.1233907339,
,1973,,,1855,1973,,publish,1855,H,,,1972,,,IDLE,19185.1233907339,19185.1233907339
,1973,,,1855,1973,,mine_H_publish,,,,,,,,IDLE,19185.1233907339,
1855,,,,1855,1973,19211.57391839751,mine_A_start_withhold,,,,,,1974,,WITHHOLD,19207.85485920894,
,,,,1856,1975,,reorg_or_tip_change,,,1975,1973,,,,WITHHOLD,19208.993125773926,
,1975,,,1856,1975,,publish,1856,H,,,1973,,,WITHHOLD,19208.993125773926,19208.993125773926
,1975,,,1856,1975,,mine_H_publish,,,,,,,,WITHHOLD,19208.993125773926,
,1974,,,1856,1975,,publish,1856,A,,,1973,,,WITHHOLD,19209.396824373653,19209.396824373653
,,,,1857,1976,,reorg_or_tip_change,,,1976,1975,,,,WITHHOLD,19209.396824373653,
,1976,,,1857,1976,,publish,1857,A,,,1974,,,WITHHOLD,19209.396824373653,19209.396824373653
,,1976,1974,1857,1976,,mine_A_withhold_success,,,,,,,,WITHHOLD,19209.396824373653,
1857,,,,1857,1976,19217.56624633015,mine_A_start_withhold,,,,,,1977,,WITHHOLD,19213.84718714158,
,,,,1858,1977,,reorg_or_tip_change,,,1977,1976,,,,WITHHOLD,19217.56624633015,
,1977,,,1858,1977,,publish,1858,A,,,1976,,,WITHHOLD,19217.56624633015,19217.56624633015
,,,1977,1858,1977,,release_bn,,,,,,,,WITHHOLD,19217.56624633015,
,,,,1858,1977,,release_no_race,,,,,,,,WITHHOLD,19217.56624633015,
,,,,1859,1978,,reorg_or_tip_change,,,1978,1977,,,,IDLE,19230.70434703494,
,1978,,,1859,1978,,publish,1859,H,,,1977,,,IDLE,19230.70434703494,19230.70434703494
,1978,,,1859,1978,,mine_H_publish,,,,,,,,IDLE,19230.70434703494,
1859,,,,1859,1978,19257.23420224117,mine_A_start_withhold,,,,,,1979,,WITHHOLD,19253.5151430526,
,,,,1860,1979,,reorg_or_tip_change,,,1979,1978,,,,WITHHOLD,19257.23420224117,
,1979,,,1860,1979,,publish,1860,A,,,1978,,,WITHHOLD,19257.23420224117,19257.23420224117
,,,1979,1860,1979,,release_bn,,,,,,,,WITHHOLD,19257.23420224117,
,,,,1860,1979,,release_no_race,,,,,,,,WITHHOLD,19257.23420224117,
1860,,,,1860,1979,19264.902104755558,mine_A_start_withhold,,,,,,1980,,WITHHOLD,19261.183045566988,
,,,,1861,1980,,reorg_or_tip_change,,,1980,1979,,,,WITHHOLD,19264.902104755558,
,1980,,,1861,1980,,publish,1861,A,,,1979,,,WITHHOLD,19264.902104755558,19264.902104755558
,,,1980,1861,1980,,release_bn,,,,,,,,WITHHOLD,19264.902104755558,
,,,,1861,1980,,release_no_race,,,,,,,,WITHHOLD,19264.902104755558,
1861,,,,1861,1980,19290.932366509605,mine_A_start_withhold,,,,,,1981,,WITHHOLD,19287.213307321035,
,,,,1862,1981,,reorg_or_tip_change,,,1981,1980,,,,WITHHOLD,19290.932366509605,
,1981,,,1862,1981,,publish,1862,A,,,1980,,,WITHHOLD,19290.932366509605,19290.932366509605
,,,1981,1862,1981,,release_bn,,,,,,,,WITHHOLD,19290.932366509605,
,,,,1862,1981,,release_no_race,,,,,,,,WITHHOLD,19290.932366509605,
1862,,,,1862,1981,19302.091909271232,mine_A_start_withhold,,,,,,1982,,WITHHOLD,19298.372850082662,
,,,,1863,1982,,reorg_or_tip_change,,,1982,1981,,,,WITHHOLD,19302.091909271232,
,1982,,,1863,1982,,publish,1863,A,,,1981,,,WITHHOLD,19302.091909271232,19302.091909271232
,,,1982,1863,1982,,release_bn,,,,,,,,WITHHOLD,19302.091909271232,
,,,,1863,1982,,release_no_race,,,,,,,,WITHHOLD,19302.091909271232,
1863,,,,1863,1982,19311.61309139251,mine_A_start_withhold,,,,,,1983,,WITHHOLD,19307.89403220394,
,,,,1864,1983,,reorg_or_tip_change,,,1983,1982,,,,WITHHOLD,19311.61309139251,
,1983,,,1864,1983,,publish,1864,A,,,1982,,,WITHHOLD,19311.61309139251,19311.61309139251
,,,1983,1864,1983,,release_bn,,,,,,,,WITHHOLD,19311.61309139251,
,,,,1864,1983,,release_no_race,,,,,,,,WITHHOLD,19311.61309139251,
1864,,,,1864,1983,19318.103350825797,mine_A_start_withhold,,,,,,1984,,WITHHOLD,19314.384291637227,
,,,,1865,1984,,reorg_or_tip_change,,,1984,1983,,,,WITHHOLD,19315.85818396511,
,1984,,,1865,1984,,publish,1865,A,,,1983,,,WITHHOLD,19315.85818396511,19315.85818396511
,,,,1866,1985,,reorg_or_tip_change,,,1985,1984,,,,WITHHOLD,19315.85818396511,
,1985,,,1866,1985,,publish,1866,A,,,1984,,,WITHHOLD,19315.85818396511,19315.85818396511
,,1985,1984,1866,1985,,mine_A_withhold_success,,,,,,,,WITHHOLD,19315.85818396511,
1866,,,,1866,1985,19321.371262810353,mine_A_start_withhold,,,,,,1986,,WITHHOLD,19317.652203621783,
,,,,1867,1986,,reorg_or_tip_change,,,1986,1985,,,,WITHHOLD,19321.371262810353,
,1986,,,1867,1986,,publish,1867,A,,,1985,,,WITHHOLD,19321.371262810353,19321.371262810353
,,,1986,1867,1986,,release_bn,,,,,,,,WITHHOLD,19321.371262810353,
,,,,1867,1986,,release_no_race,,,,,,,,WITHHOLD,19321.371262810353,
1867,,,,1867,1986,19326.928198907466,mine_A_start_withhold,,,,,,1987,,WITHHOLD,19323.209139718896,
,,,,1868,1987,,reorg_or_tip_change,,,1987,1986,,,,WITHHOLD,19326.928198907466,
,1987,,,1868,1987,,publish,1868,A,,,1986,,,WITHHOLD,19326.928198907466,19326.928198907466
,,,1987,1868,1987,,release_bn,,,,,,,,WITHHOLD,19326.928198907466,
,,,,1868,1987,,release_no_race,,,,,,,,WITHHOLD,19326.928198907466,
,,,,1869,1988,,reorg_or_tip_change,,,1988,1987,,,,IDLE,19340.296405458954,
,1988,,,1869,1988,,publish,1869,H,,,1987,,,IDLE,19340.296405458954,19340.296405458954
,1988,,,1869,1988,,mine_H_publish,,,,,,,,IDLE,19340.296405458954,
1869,,,,1869,1988,19362.84298661123,mine_A_start_withhold,,,,,,1989,,WITHHOLD,19359.12392742266,
,,,,1870,1989,,reorg_or_tip_change,,,1989,1988,,,,WITHHOLD,19362.84298661123,
,1989,,,1870,1989,,publish,1870,A,,,1988,,,WITHHOLD,19362.84298661123,19362.84298661123
,,,1989,1870,1989,,release_bn,,,,,,,,WITHHOLD,19362.84298661123,
,,,,1870,1989,,release_no_race,,,,,,,,WITHHOLD,19362.84298661123,
1870,,,,1870,1989,19379.83530072973,mine_A_start_withhold,,,,,,1990,,WITHHOLD,19376.11624154116,
,,,,1871,1990,,reorg_or_tip_change,,,1990,1989,,,,WITHHOLD,19377.081754731844,
,1990,,,1871,1990,,publish,1871,A,,,1989,,,WITHHOLD,19377.081754731844,19377.081754731844
,,,,1872,1991,,reorg_or_tip_change,,,1991,1990,,,,WITHHOLD,19377.081754731844,
,1991,,,1872,1991,,publish,1872,A,,,1990,,,WITHHOLD,19377.081754731844,19377.081754731844
,,1991,1990,1872,1991,,mine_A_withhold_success,,,,,,,,WITHHOLD,19377.081754731844,
1872,,,,1872,1991,19388.362218327824,mine_A_start_withhold,,,,,,1992,,WITHHOLD,19384.643159139254,
,,,,1873,1993,,reorg_or_tip_change,,,1993,1991,,,,WITHHOLD,19387.567496528736,
,1993,,,1873,1993,,publish,1873,H,,,1991,,,WITHHOLD,19387.567496528736,19387.567496528736
,1993,,,1873,1993,,mine_H_publish,,,,,,,,WITHHOLD,19387.567496528736,
,1992,,,1873,1993,,publish,1873,A,,,1991,,,WITHHOLD,19388.362218327824,19388.362218327824
,,,1992,1873,1993,,release_bn,,,,,,,,WITHHOLD,19388.362218327824,
,,,,1873,1993,,release_enter_race,,,,,,,1992,RACE,19388.362218327824,
,,,,1874,1994,,reorg_or_tip_change,,,1994,1993,,,,RACE,19398.176191551473,
,1994,,,1874,1994,,publish,1874,H,,,1993,,,RACE,19398.176191551473,19398.176191551473
,1994,,,1874,1994,,mine_H_publish,,,,,,,,RACE,19398.176191551473,
,,,,1874,1994,,race_lost,,,,,,,,RACE,19398.176191551473,
,,,,1875,1995,,reorg_or_tip_change,,,1995,1994,,,,IDLE,19402.84631914563,
,1995,,,1875,1995,,publish,1875,H,,,1994,,,IDLE,19402.84631914563,19402.84631914563
,1995,,,1875,1995,,mine_H_publish,,,,,,,,IDLE,19402.84631914563,
1875,,,,1875,1995,19416.997121080454,mine_A_start_withhold,,,,,,1996,,WITHHOLD,19413.278061891884,
,,,,1876,1996,,reorg_or_tip_change,,,1996,1995,,,,WITHHOLD,19414.61655613373,
,1996,,,1876,1996,,publish,1876,A,,,1995,,,WITHHOLD,19414.61655613373,19414.61655613373
,,,,1877,1997,,reorg_or_tip_change,,,1997,1996,,,,WITHHOLD,19414.61655613373,
,1997,,,1877,1997,,publish,1877,A,,,1996,,,WITHHOLD,19414.61655613373,19414.61655613373
,,1997,1996,1877,1997,,mine_A_withhold_success,,,,,,,,WITHHOLD,19414.61655613373,
1877,,,,1877,1997,19419.29092724412,mine_A_start_withhold,,,,,,1998,,WITHHOLD,19415.57186805555,
,,,,1878,1998,,reorg_or_tip_change,,,1998,1997,,,,WITHHOLD,19419.29092724412,
,1998,,,1878,1998,,publish,1878,A,,,1997,,,WITHHOLD,19419.29092724412,19419.29092724412
,,,1998,1878,1998,,release_bn,,,,,,,,WITHHOLD,19419.29092724412,
,,,,1878,1998,,release_no_race,,,,,,,,WITHHOLD,19419.29092724412,
1878,,,,1878,1998,19443.566989142026,mine_A_start_withhold,,,,,,1999,,WITHHOLD,19439.847929953456,
,,,,1879,1999,,reorg_or_tip_change,,,1999,1998,,,,WITHHOLD,19443.566989142026,
,1999,,,1879,1999,,publish,1879,A,,,1998,,,WITHHOLD,19443.566989142026,19443.566989142026
,,,1999,1879,1999,,release_bn,,,,,,,,WITHHOLD,19443.566989142026,
,,,,1879,1999,,release_no_race,,,,,,,,WITHHOLD,19443.566989142026,
1879,,,,1879,1999,19447.28909225734,mine_A_start_withhold,,,,,,2000,,WITHHOLD,19443.57003306877,
,,,,1880,2000,,reorg_or_tip_change,,,2000,1999,,,,WITHHOLD,19447.28909225734,
,2000,,,1880,2000,,publish,1880,A,,,1999,,,WITHHOLD,19447.28909225734,19447.28909225734
,,,2000,1880,2000,,release_bn,,,,,,,,WITHHOLD,19447.28909225734,
,,,,1880,2000,,release_no_race,,,,,,,,WITHHOLD,19447.28909225734,
1880,,,,1880,2000,19455.892085691343,mine_A_start_withhold,,,,,,2001,,WITHHOLD,19452.173026502773,
,,,,1881,2001,,reorg_or_tip_change,,,2001,2000,,,,WITHHOLD,19455.892085691343,
,2001,,,1881,2001,,publish,1881,A,,,2000,,,WITHHOLD,19455.892085691343,19455.892085691343
,,,2001,1881,2001,,release_bn,,,,,,,,WITHHOLD,19455.892085691343,
,,,,1881,2001,,release_no_race,,,,,,,,WITHHOLD,19455.892085691343,
,,,,1882,2002,,reorg_or_tip_change,,,2002,2001,,,,IDLE,19457.39370442856,
,2002,,,1882,2002,,publish,1882,H,,,2001,,,IDLE,19457.39370442856,19457.39370442856
,2002,,,1882,2002,,mine_H_publish,,,,,,,,IDLE,19457.39370442856,
1882,,,,1882,2002,19472.089764651344,mine_A_start_withhold,,,,,,2003,,WITHHOLD,19468.370705462774,
,,,,1883,2003,,reorg_or_tip_change,,,2003,2002,,,,WITHHOLD,19472.089764651344,
,2003,,,1883,2003,,publish,1883,A,,,2002,,,WITHHOLD,19472.089764651344,19472.089764651344
,,,2003,1883,2003,,release_bn,,,,,,,,WITHHOLD,19472.089764651344,
,,,,1883,2003,,release_no_race,,,,,,,,WITHHOLD,19472.089764651344,
,,,,1884,2004,,reorg_or_tip_change,,,2004,2003,,,,IDLE,19474.22694832526,
,2004,,,1884,2004,,publish,1884,H,,,2003,,,IDLE,19474.22694832526,19474.22694832526
,2004,,,1884,2004,,mine_H_publish,,,,,,,,IDLE,19474.22694832526,
1884,,,,1884,2004,19540.68167103826,mine_A_start_withhold,,,,,,2005,,WITHHOLD,19536.96261184969,
,,,,1885,2005,,reorg_or_tip_change,,,2005,2004,,,,WITHHOLD,19540.68167103826,
,2005,,,1885,2005,,publish,1885,A,,,2004,,,WITHHOLD,19540.68167103826,19540.68167103826
,,,2005,1885,2005,,release_bn,,,,,,,,WITHHOLD,19540.68167103826,
,,,,1885,2005,,release_no_race,,,,,,,,WITHHOLD,19540.68167103826,
1885,,,,1885,2005,19565.922032619314,mine_A_start_withhold,,,,,,2006,,WITHHOLD,19562.202973430743,
,,,,1886,2006,,reorg_or_tip_change,,,2006,2005,,,,WITHHOLD,19565.922032619314,
,2006,,,1886,2006,,publish,1886,A,,,2005,,,WITHHOLD,19565.922032619314,19565.922032619314
,,,2006,1886,2006,,release_bn,,,,,,,,WITHHOLD,19565.922032619314,
,,,,1886,2006,,release_no_race,,,,,,,,WITHHOLD,19565.922032619314,
1886,,,,1886,2006,19569.648268659468,mine_A_start_withhold,,,,,,2007,,WITHHOLD,19565.929209470898,
,,,,1887,2007,,reorg_or_tip_change,,,2007,2006,,,,WITHHOLD,19569.648268659468,
,2007,,,1887,2007,,publish,1887,A,,,2006,,,WITHHOLD,19569.648268659468,19569.648268659468
,,,2007,1887,2007,,release_bn,,,,,,,,WITHHOLD,19569.648268659468,
,,,,1887,2007,,release_no_race,,,,,,,,WITHHOLD,19569.648268659468,
,,,,1888,2008,,reorg_or_tip_change,,,2008,2007,,,,IDLE,19593.756346692273,
,2008,,,1888,2008,,publish,1888,H,,,2007,,,IDLE,19593.756346692273,19593.756346692273
,2008,,,1888,2008,,mine_H_publish,,,,,,,,IDLE,19593.756346692273,
,,,,1889,2009,,reorg_or_tip_change,,,2009,2008,,,,IDLE,19594.097160672576,
,2009,,,1889,2009,,publish,1889,H,,,2008,,,IDLE,19594.097160672576,19594.097160672576
,2009,,,1889,2009,,mine_H_publish,,,,,,,,IDLE,19594.097160672576,
1889,,,,1889,2009,19621.962189746224,mine_A_start_withhold,,,,,,2010,,WITHHOLD,19618.243130557654,
,,,,1890,2010,,reorg_or_tip_change,,,2010,2009,,,,WITHHOLD,19621.962189746224,
,2010,,,1890,2010,,publish,1890,A,,,2009,,,WITHHOLD,19621.962189746224,19621.962189746224
,,,2010,1890,2010,,release_bn,,,,,,,,WITHHOLD,19621.962189746224,
,,,,1890,2010,,release_no_race,,,,,,,,WITHHOLD,19621.962189746224,
,,,,1891,2011,,reorg_or_tip_change,,,2011,2010,,,,IDLE,19639.560855449072,
,2011,,,1891,2011,,publish,1891,H,,,2010,,,IDLE,19639.560855449072,19639.560855449072
,2011,,,1891,2011,,mine_H_publish,,,,,,,,IDLE,19639.560855449072,
1891,,,,1891,2011,19648.590470207724,mine_A_start_withhold,,,,,,2012,,WITHHOLD,19644.871411019154,
,,,,1892,2012,,reorg_or_tip_change,,,2012,2011,,,,WITHHOLD,19648.590470207724,
,2012,,,1892,2012,,publish,1892,A,,,2011,,,WITHHOLD,19648.590470207724,19648.590470207724
,,,2012,1892,2012,,release_bn,,,,,,,,WITHHOLD,19648.590470207724,
,,,,1892,2012,,release_no_race,,,,,,,,WITHHOLD,19648.590470207724,
,,,,1893,2013,,reorg_or_tip_change,,,2013,2012,,,,IDLE,19651.27481540415,
,2013,,,1893,2013,,publish,1893,H,,,2012,,,IDLE,19651.27481540415,19651.27481540415
,2013,,,1893,2013,,mine_H_publish,,,,,,,,IDLE,19651.27481540415,
,,,,1894,2014,,reorg_or_tip_change,,,2014,2013,,,,IDLE,19672.104654481056,
,2014,,,1894,2014,,publish,1894,H,,,2013,,,IDLE,19672.104654481056,19672.104654481056
,2014,,,1894,2014,,mine_H_publish,,,,,,,,IDLE,19672.104654481056,
1894,,,,1894,2014,19696.207252704495,mine_A_start_withhold,,,,,,2015,,WITHHOLD,19692.488193515925,
,,,,1895,2015,,reorg_or_tip_change,,,2015,2014,,,,WITHHOLD,19696.207252704495,
,2015,,,1895,2015,,publish,1895,A,,,2014,,,WITHHOLD,19696.207252704495,19696.207252704495
,,,2015,1895,2015,,release_bn,,,,,,,,WITHHOLD,19696.207252704495,
,,,,1895,2015,,release_no_race,,,,,,,,WITHHOLD,19696.207252704495,
,,,,1896,2016,,reorg_or_tip_change,,,2016,2015,,,,IDLE,19709.901478353986,
,2016,,,1896,2016,,publish,1896,H,,,2015,,,IDLE,19709.901478353986,19709.901478353986
,2016,,,1896,2016,,mine_H_publish,,,,,,,,IDLE,19709.901478353986,
,,,,1897,2017,,reorg_or_tip_change,,,2017,2016,,,,IDLE,19718.5842389822,
,2017,,,1897,2017,,publish,1897,H,,,2016,,,IDLE,19718.5842389822,19718.5842389822
,2017,,,1897,2017,,mine_H_publish,,,,,,,,IDLE,19718.5842389822,
1897,,,,1897,2017,19726.423896174958,mine_A_start_withhold,,,,,,2018,,WITHHOLD,19722.704836986388,
,,,,1898,2018,,reorg_or_tip_change,,,2018,2017,,,,WITHHOLD,19724.478722725653,
,2018,,,1898,2018,,publish,1898,A,,,2017,,,WITHHOLD,19724.478722725653,19724.478722725653
,,,,1899,2019,,reorg_or_tip_change,,,2019,2018,,,,WITHHOLD,19724.478722725653,
,2019,,,1899,2019,,publish,1899,A,,,2018,,,WITHHOLD,19724.478722725653,19724.478722725653
,,2019,2018,1899,2019,,mine_A_withhold_success,,,,,,,,WITHHOLD,19724.478722725653,
,,,,1900,2020,,reorg_or_tip_change,,,2020,2019,,,,IDLE,19739.094171529377,
,2020,,,1900,2020,,publish,1900,H,,,2019,,,IDLE,19739.094171529377,19739.094171529377
,2020,,,1900,2020,,mine_H_publish,,,,,,,,IDLE,19739.094171529377,
1900,,,,1900,2020,19745.65314511358,mine_A_start_withhold,,,,,,2021,,WITHHOLD,19741.93408592501,
,,,,1901,2021,,reorg_or_tip_change,,,2021,2020,,,,WITHHOLD,19745.65314511358,
,2021,,,1901,2021,,publish,1901,A,,,2020,,,WITHHOLD,19745.65314511358,19745.65314511358
,,,2021,1901,2021,,release_bn,,,,,,,,WITHHOLD,19745.65314511358,
,,,,1901,2021,,release_no_race,,,,,,,,WITHHOLD,19745.65314511358,
,,,,1902,2022,,reorg_or_tip_change,,,2022,2021,,,,IDLE,19747.553866114544,
,2022,,,1902,2022,,publish,1902,H,,,2021,,,IDLE,19747.553866114544,19747.553866114544
,2022,,,1902,2022,,mine_H_publish,,,,,,,,IDLE,19747.553866114544,
1902,,,,1902,2022,19766.28663221528,mine_A_start_withhold,,,,,,2023,,WITHHOLD,19762.56757302671,
,,,,1903,2023,,reorg_or_tip_change,,,2023,2022,,,,WITHHOLD,19766.28663221528,
,2023,,,1903,2023,,publish,1903,A,,,2022,,,WITHHOLD,19766.28663221528,19766.28663221528
,,,2023,1903,2023,,release_bn,,,,,,,,WITHHOLD,19766.28663221528,
,,,,1903,2023,,release_no_race,,,,,,,,WITHHOLD,19766.28663221528,
1903,,,,1903,2023,19771.332316795004,mine_A_start_withhold,,,,,,2024,,WITHHOLD,19767.613257606434,
,,,,1904,2024,,reorg_or_tip_change,,,2024,2023,,,,WITHHOLD,19771.332316795004,
,2024,,,1904,2024,,publish,1904,A,,,2023,,,WITHHOLD,19771.332316795004,19771.332316795004
,,,2024,1904,2024,,release_bn,,,,,,,,WITHHOLD,19771.332316795004,
,,,,1904,2024,,release_no_race,,,,,,,,WITHHOLD,19771.332316795004,
1904,,,,1904,2024,19781.915526166078,mine_A_start_withhold,,,,,,2025,,WITHHOLD,19778.196466977508,
,,,,1905,2025,,reorg_or_tip_change,,,2025,2024,,,,WITHHOLD,19781.670722499184,
,2025,,,1905,2025,,publish,1905,A,,,2024,,,WITHHOLD,19781.670722499184,19781.670722499184
,,,,1906,2026,,reorg_or_tip_change,,,2026,2025,,,,WITHHOLD,19781.670722499184,
,2026,,,1906,2026,,publish,1906,A,,,2025,,,WITHHOLD,19781.670722499184,19781.670722499184
,,2026,2025,1906,2026,,mine_A_withhold_success,,,,,,,,WITHHOLD,19781.670722499184,
,,,,1907,2027,,reorg_or_tip_change,,,2027,2026,,,,IDLE,19813.97386141615,
,2027,,,1907,2027,,publish,1907,H,,,2026,,,IDLE,19813.97386141615,19813.97386141615
,2027,,,1907,2027,,mine_H_publish,,,,,,,,IDLE,19813.97386141615,
,,,,1908,2028,,reorg_or_tip_change,,,2028,2027,,,,IDLE,19815.72398071908,
,2028,,,1908,2028,,publish,1908,H,,,2027,,,IDLE,19815.72398071908,19815.72398071908
,2028,,,1908,2028,,mine_H_publish,,,,,,,,IDLE,19815.72398071908,
,,,,1909,2029,,reorg_or_tip_change,,,2029,2028,,,,IDLE,19818.86526403838,
,2029,,,1909,2029,,publish,1909,H,,,2028,,,IDLE,19818.86526403838,19818.86526403838
,2029,,,1909,2029,,mine_H_publish,,,,,,,,IDLE,19818.86526403838,
,,,,1910,2030,,reorg_or_tip_change,,,2030,2029,,,,IDLE,19846.161089736535,
,2030,,,1910,2030,,publish,1910,H,,,2029,,,IDLE,19846.161089736535,19846.161089736535
,2030,,,1910,2030,,mine_H_publish,,,,,,,,IDLE,19846.161089736535,
1910,,,,1910,2030,19865.960857509315,mine_A_start_withhold,,,,,,2031,,WITHHOLD,19862.241798320745,
,,,,1911,2031,,reorg_or_tip_change,,,2031,2030,,,,WITHHOLD,19865.960857509315,
,2031,,,1911,2031,,publish,1911,A,,,2030,,,WITHHOLD,19865.960857509315,19865.960857509315
,,,2031,1911,2031,,release_bn,,,,,,,,WITHHOLD,19865.960857509315,
,,,,1911,2031,,release_no_race,,,,,,,,WITHHOLD,19865.960857509315,
,,,,1912,2032,,reorg_or_tip_change,,,2032,2031,,,,IDLE,19878.96508455751,
,2032,,,1912,2032,,publish,1912,H,,,2031,,,IDLE,19878.96508455751,19878.96508455751
,2032,,,1912,2032,,mine_H_publish,,,,,,,,IDLE,19878.96508455751,
1912,,,,1912,2032,19884.01819330663,mine_A_start_withhold,,,,,,2033,,WITHHOLD,19880.29913411806,
,,,,1913,2034,,reorg_or_tip_change,,,2034,2032,,,,WITHHOLD,19880.749070214213,
,2034,,,1913,2034,,publish,1913,H,,,2032,,,WITHHOLD,19880.749070214213,19880.749070214213
,2034,,,1913,2034,,mine_H_publish,,,,,,,,WITHHOLD,19880.749070214213,
,,,,1914,2035,,reorg_or_tip_change,,,2035,2034,,,,WITHHOLD,19881.074027698443,
,2035,,,1914,2035,,publish,1914,H,,,2034,,,WITHHOLD,19881.074027698443,19881.074027698443
,2035,,,1914,2035,,mine_H_publish,,,,,,,,WITHHOLD,19881.074027698443,
,,,,1914,2035,,withhold_abort_honest_advanced,,,,,,,,WITHHOLD,19881.074027698443,
1914,,,,1914,2035,19904.600345474923,mine_A_start_withhold,,,,,,2036,,WITHHOLD,19900.881286286352,
,,,,1915,2036,,reorg_or_tip_change,,,2036,2035,,,,WITHHOLD,19904.600345474923,
,2036,,,1915,2036,,publish,1915,A,,,2035,,,WITHHOLD,19904.600345474923,19904.600345474923
,,,2036,1915,2036,,release_bn,,,,,,,,WITHHOLD,19904.600345474923,
,,,,1915,2036,,release_no_race,,,,,,,,WITHHOLD,19904.600345474923,
,,,,1916,2037,,reorg_or_tip_change,,,2037,2036,,,,IDLE,19912.94581576881,
,2037,,,1916,2037,,publish,1916,H,,,2036,,,IDLE,19912.94581576881,19912.94581576881
,2037,,,1916,2037,,mine_H_publish,,,,,,,,IDLE,19912.94581576881,
1916,,,,1916,2037,19921.27004338122,mine_A_start_withhold,,,,,,2038,,WITHHOLD,19917.55098419265,
,,,,1917,2038,,reorg_or_tip_change,,,2038,2037,,,,WITHHOLD,19921.27004338122,
,2038,,,1917,2038,,publish,1917,A,,,2037,,,WITHHOLD,19921.27004338122,19921.27004338122
,,,2038,1917,2038,,release_bn,,,,,,,,WITHHOLD,19921.27004338122,
,,,,1917,2038,,release_no_race,,,,,,,,WITHHOLD,19921.27004338122,
,,,,1918,2039,,reorg_or_tip_change,,,2039,2038,,,,IDLE,19921.479452957454,
,2039,,,1918,2039,,publish,1918,H,,,2038,,,IDLE,19921.479452957454,19921.479452957454
,2039,,,1918,2039,,mine_H_publish,,,,,,,,IDLE,19921.479452957454,
,,,,1919,2040,,reorg_or_tip_change,,,2040,2039,,,,IDLE,19932.351324275223,
,2040,,,1919,2040,,publish,1919,H,,,2039,,,IDLE,19932.351324275223,19932.351324275223
,2040,,,1919,2040,,mine_H_publish,,,,,,,,IDLE,19932.351324275223,
1919,,,,1919,2040,19940.72774273259,mine_A_start_withhold,,,,,,2041,,WITHHOLD,19937.00868354402,
,,,,1920,2041,,reorg_or_tip_change,,,2041,2040,,,,WITHHOLD,19940.72774273259,
,2041,,,1920,2041,,publish,1920,A,,,2040,,,WITHHOLD,19940.72774273259,19940.72774273259
,,,2041,1920,2041,,release_bn,,,,,,,,WITHHOLD,19940.72774273259,
,,,,1920,2041,,release_no_race,,,,,,,,WITHHOLD,19940.72774273259,
,,,,1921,2042,,reorg_or_tip_change,,,2042,2041,,,,IDLE,19949.780959738706,
,2042,,,1921,2042,,publish,1921,H,,,2041,,,IDLE,19949.780959738706,19949.780959738706
,2042,,,1921,2042,,mine_H_publish,,,,,,,,IDLE,19949.780959738706,
1921,,,,1921,2042,19964.234634500084,mine_A_start_withhold,,,,,,2043,,WITHHOLD,19960.515575311514,
,,,,1922,2043,,reorg_or_tip_change,,,2043,2042,,,,WITHHOLD,19964.234634500084,
,2043,,,1922,2043,,publish,1922,A,,,2042,,,WITHHOLD,19964.234634500084,19964.234634500084
,,,2043,1922,2043,,release_bn,,,,,,,,WITHHOLD,19964.234634500084,
,,,,1922,2043,,release_no_race,,,,,,,,WITHHOLD,19964.234634500084,
,,,,1923,2044,,reorg_or_tip_change,,,2044,2043,,,,IDLE,19965.275446359403,
,2044,,,1923,2044,,publish,1923,H,,,2043,,,IDLE,19965.275446359403,19965.275446359403
,2044,,,1923,2044,,mine_H_publish,,,,,,,,IDLE,19965.275446359403,
1923,,,,1923,2044,19969.419953401964,mine_A_start_withhold,,,,,,2045,,WITHHOLD,19965.700894213394,
,,,,1924,2045,,reorg_or_tip_change,,,2045,2044,,,,WITHHOLD,19969.419953401964,
,2045,,,1924,2045,,publish,1924,A,,,2044,,,WITHHOLD,19969.419953401964,19969.419953401964
,,,2045,1924,2045,,release_bn,,,,,,,,WITHHOLD,19969.419953401964,
,,,,1924,2045,,release_no_race,,,,,,,,WITHHOLD,19969.419953401964,
1924,,,,1924,2045,19981.2941610938,mine_A_start_withhold,,,,,,2046,,WITHHOLD,19977.57510190523,
,,,,1925,2046,,reorg_or_tip_change,,,2046,2045,,,,WITHHOLD,19981.2941610938,
,2046,,,1925,2046,,publish,1925,A,,,2045,,,WITHHOLD,19981.2941610938,19981.2941610938
,,,2046,1925,2046,,release_bn,,,,,,,,WITHHOLD,19981.2941610938,
,,,,1925,2046,,release_no_race,,,,,,,,WITHHOLD,19981.2941610938,
1925,,,,1925,2046,20007.868629724228,mine_A_start_withhold,,,,,,2047,,WITHHOLD,20004.149570535657,
,,,,1926,2047,,reorg_or_tip_change,,,2047,2046,,,,WITHHOLD,20007.547478953253,
,2047,,,1926,2047,,publish,1926,A,,,2046,,,WITHHOLD,20007.547478953253,20007.547478953253
,,,,1927,2048,,reorg_or_tip_change,,,2048,2047,,,,WITHHOLD,20007.547478953253,
,2048,,,1927,2048,,publish,1927,A,,,2047,,,WITHHOLD,20007.547478953253,20007.547478953253
,,2048,2047,1927,2048,,mine_A_withhold_success,,,,,,,,WITHHOLD,20007.547478953253,
1927,,,,1927,2048,20012.607679784316,mine_A_start_withhold,,,,,,2049,,WITHHOLD,20008.888620595746,
,,,,1928,2049,,reorg_or_tip_change,,,2049,2048,,,,WITHHOLD,20012.607679784316,
,2049,,,1928,2049,,publish,1928,A,,,2048,,,WITHHOLD,20012.607679784316,20012.607679784316
,,,2049,1928,2049,,release_bn,,,,,,,,WITHHOLD,20012.607679784316,
,,,,1928,2049,,release_no_race,,,,,,,,WITHHOLD,20012.607679784316,
,,,,1929,2050,,reorg_or_tip_change,,,2050,2049,,,,IDLE,20013.022420965855,
,2050,,,1929,2050,,publish,1929,H,,,2049,,,IDLE,20013.022420965855,20013.022420965855
,2050,,,1929,2050,,mine_H_publish,,,,,,,,IDLE,20013.022420965855,
1929,,,,1929,2050,20022.492754857558,mine_A_start_withhold,,,,,,2051,,WITHHOLD,20018.773695668988,
,,,,1930,2051,,reorg_or_tip_change,,,2051,2050,,,,WITHHOLD,20021.878407467964,
,2051,,,1930,2051,,publish,1930,A,,,2050,,,WITHHOLD,20021.878407467964,20021.878407467964
,,,,1931,2052,,reorg_or_tip_change,,,2052,2051,,,,WITHHOLD,20021.878407467964,
,2052,,,1931,2052,,publish,1931,A,,,2051,,,WITHHOLD,20021.878407467964,20021.878407467964
,,2052,2051,1931,2052,,mine_A_withhold_success,,,,,,,,WITHHOLD,20021.878407467964,
1931,,,,1931,2052,20025.696927933703,mine_A_start_withhold,,,,,,2053,,WITHHOLD,20021.977868745133,
,,,,1932,2053,,reorg_or_tip_change,,,2053,2052,,,,WITHHOLD,20025.696927933703,
,2053,,,1932,2053,,publish,1932,A,,,2052,,,WITHHOLD,20025.696927933703,20025.696927933703
,,,2053,1932,2053,,release_bn,,,,,,,,WITHHOLD,20025.696927933703,
,,,,1932,2053,,release_no_race,,,,,,,,WITHHOLD,20025.696927933703,
1932,,,,1932,2053,20030.69329097694,mine_A_start_withhold,,,,,,2054,,WITHHOLD,20026.97423178837,
,,,,1933,2054,,reorg_or_tip_change,,,2054,2053,,,,WITHHOLD,20029.42502397305,
,2054,,,1933,2054,,publish,1933,A,,,2053,,,WITHHOLD,20029.42502397305,20029.42502397305
,,,,1934,2055,,reorg_or_tip_change,,,2055,2054,,,,WITHHOLD,20029.42502397305,
,2055,,,1934,2055,,publish,1934,A,,,2054,,,WITHHOLD,20029.42502397305,20029.42502397305
,,2055,2054,1934,2055,,mine_A_withhold_success,,,,,,,,WITHHOLD,20029.42502397305,
1934,,,,1934,2055,20075.527255286153,mine_A_start_withhold,,,,,,2056,,WITHHOLD,20071.808196097583,
,,,,1935,2056,,reorg_or_tip_change,,,2056,2055,,,,WITHHOLD,20075.527255286153,
,2056,,,1935,2056,,publish,1935,A,,,2055,,,WITHHOLD,20075.527255286153,20075.527255286153
,,,2056,1935,2056,,release_bn,,,,,,,,WITHHOLD,20075.527255286153,
,,,,1935,2056,,release_no_race,,,,,,,,WITHHOLD,20075.527255286153,
1935,,,,1935,2056,20083.738196270988,mine_A_start_withhold,,,,,,2057,,WITHHOLD,20080.019137082418,
,,,,1936,2058,,reorg_or_tip_change,,,2058,2056,,,,WITHHOLD,20080.17821346133,
,2058,,,1936,2058,,publish,1936,H,,,2056,,,WITHHOLD,20080.17821346133,20080.17821346133
,2058,,,1936,2058,,mine_H_publish,,,,,,,,WITHHOLD,20080.17821346133,
,2057,,,1936,2058,,publish,1936,A,,,2056,,,WITHHOLD,20083.738196270988,20083.738196270988
,,,2057,1936,2058,,release_bn,,,,,,,,WITHHOLD,20083.738196270988,
,,,,1936,2058,,release_enter_race,,,,,,,2057,RACE,20083.738196270988,
,,,,1937,2059,,reorg_or_tip_change,,,2059,2058,,,,RACE,20133.65587520222,
,2059,,,1937,2059,,publish,1937,H,,,2058,,,RACE,20133.65587520222,20133.65587520222
,2059,,,1937,2059,,mine_H_publish,,,,,,,,RACE,20133.65587520222,
,,,,1937,2059,,race_lost,,,,,,,,RACE,20133.65587520222,
1937,,,,1937,2059,20146.39924365934,mine_A_start_withhold,,,,,,2060,,WITHHOLD,20142.68018447077,
,,,,1938,2060,,reorg_or_tip_change,,,2060,2059,,,,WITHHOLD,20146.39924365934,
,2060,,,1938,2060,,publish,1938,A,,,2059,,,WITHHOLD,20146.39924365934,20146.39924365934
,,,2060,1938,2060,,release_bn,,,,,,,,WITHHOLD,20146.39924365934,
,,,,1938,2060,,release_no_race,,,,,,,,WITHHOLD,20146.39924365934,
1938,,,,1938,2060,20168.015303046304,mine_A_start_withhold,,,,,,2061,,WITHHOLD,20164.296243857734,
,,,,1939,2061,,reorg_or_tip_change,,,2061,2060,,,,WITHHOLD,20166.90541341348,
,2061,,,1939,2061,,publish,1939,A,,,2060,,,WITHHOLD,20166.90541341348,20166.90541341348
,,,,1940,2062,,reorg_or_tip_change,,,2062,2061,,,,WITHHOLD,20166.90541341348,
,2062,,,1940,2062,,publish,1940,A,,,2061,,,WITHHOLD,20166.90541341348,20166.90541341348
,,2062,2061,1940,2062,,mine_A_withhold_success,,,,,,,,WITHHOLD,20166.90541341348,
1940,,,,1940,2062,20173.529475628442,mine_A_start_withhold,,,,,,2063,,WITHHOLD,20169.810416439872,
,,,,1941,2063,,reorg_or_tip_change,,,2063,2062,,,,WITHHOLD,20173.529475628442,
,2063,,,1941,2063,,publish,1941,A,,,2062,,,WITHHOLD,20173.529475628442,20173.529475628442
,,,2063,1941,2063,,release_bn,,,,,,,,WITHHOLD,20173.529475628442,
,,,,1941,2063,,release_no_race,,,,,,,,WITHHOLD,20173.529475628442,
,,,,1942,2064,,reorg_or_tip_change,,,2064,2063,,,,IDLE,20184.409458444235,
,2064,,,1942,2064,,publish,1942,H,,,2063,,,IDLE,20184.409458444235,20184.409458444235
,2064,,,1942,2064,,mine_H_publish,,,,,,,,IDLE,20184.409458444235,
1942,,,,1942,2064,20195.95057359666,mine_A_start_withhold,,,,,,2065,,WITHHOLD,20192.23151440809,
,,,,1943,2065,,reorg_or_tip_change,,,2065,2064,,,,WITHHOLD,20195.44873598059,
,2065,,,1943,2065,,publish,1943,A,,,2064,,,WITHHOLD,20195.44873598059,20195.44873598059
,,,,1944,2066,,reorg_or_tip_change,,,2066,2065,,,,WITHHOLD,20195.44873598059,
,2066,,,1944,2066,,publish,1944,A,,,2065,,,WITHHOLD,20195.44873598059,20195.44873598059
,,2066,2065,1944,2066,,mine_A_withhold_success,,,,,,,,WITHHOLD,20195.44873598059,
,,,,1945,2067,,reorg_or_tip_change,,,2067,2066,,,,IDLE,20201.210017380665,
,2067,,,1945,2067,,publish,1945,H,,,2066,,,IDLE,20201.210017380665,20201.210017380665
,2067,,,1945,2067,,mine_H_publish,,,,,,,,IDLE,20201.210017380665,
,,,,1946,2068,,reorg_or_tip_change,,,2068,2067,,,,IDLE,20239.647462402576,
,2068,,,1946,2068,,publish,1946,H,,,2067,,,IDLE,20239.647462402576,20239.647462402576
,2068,,,1946,2068,,mine_H_publish,,,,,,,,IDLE,20239.647462402576,
1946,,,,1946,2068,20266.02462938084,mine_A_start_withhold,,,,,,2069,,WITHHOLD,20262.30557019227,
,,,,1947,2069,,reorg_or_tip_change,,,2069,2068,,,,WITHHOLD,20266.02462938084,
,2069,,,1947,2069,,publish,1947,A,,,2068,,,WITHHOLD,20266.02462938084,20266.02462938084
,,,2069,1947,2069,,release_bn,,,,,,,,WITHHOLD,20266.02462938084,
,,,,1947,2069,,release_no_race,,,,,,,,WITHHOLD,20266.02462938084,
1947,,,,1947,2069,20284.271476137994,mine_A_start_withhold,,,,,,2070,,WITHHOLD,20280.552416949424,
,,,,1948,2070,,reorg_or_tip_change,,,2070,2069,,,,WITHHOLD,20281.34529367733,
,2070,,,1948,2070,,publish,1948,A,,,2069,,,WITHHOLD,20281.34529367733,20281.34529367733
,,,,1949,2071,,reorg_or_tip_change,,,2071,2070,,,,WITHHOLD,20281.34529367733,
,2071,,,1949,2071,,publish,1949,A,,,2070,,,WITHHOLD,20281.34529367733,20281.34529367733
,,2071,2070,1949,2071,,mine_A_withhold_success,,,,,,,,WITHHOLD,20281.34529367733,
1949,,,,1949,2071,20289.723661395503,mine_A_start_withhold,,,,,,2072,,WITHHOLD,20286.004602206933,
,,,,1950,2072,,reorg_or_tip_change,,,2072,2071,,,,WITHHOLD,20289.723661395503,
,2072,,,1950,2072,,publish,1950,A,,,2071,,,WITHHOLD,20289.723661395503,20289.723661395503
,,,2072,1950,2072,,release_bn,,,,,,,,WITHHOLD,20289.723661395503,
,,,,1950,2072,,release_no_race,,,,,,,,WITHHOLD,20289.723661395503,
1950,,,,1950,2072,20313.680927177833,mine_A_start_withhold,,,,,,2073,,WITHHOLD,20309.961867989263,
,,,,1951,2073,,reorg_or_tip_change,,,2073,2072,,,,WITHHOLD,20310.70543030107,
,2073,,,1951,2073,,publish,1951,A,,,2072,,,WITHHOLD,20310.70543030107,20310.70543030107
,,,,1952,2074,,reorg_or_tip_change,,,2074,2073,,,,WITHHOLD,20310.70543030107,
,2074,,,1952,2074,,publish,1952,A,,,2073,,,WITHHOLD,20310.70543030107,20310.70543030107
,,2074,2073,1952,2074,,mine_A_withhold_success,,,,,,,,WITHHOLD,20310.70543030107,
,,,,1953,2075,,reorg_or_tip_change,,,2075,2074,,,,IDLE,20319.950697874723,
,2075,,,1953,2075,,publish,1953,H,,,2074,,,IDLE,20319.950697874723,20319.950697874723
,2075,,,1953,2075,,mine_H_publish,,,,,,,,IDLE,20319.950697874723,
1953,,,,1953,2075,20338.688755876137,mine_A_start_withhold,,,,,,2076,,WITHHOLD,20334.969696687567,
,,,,1954,2076,,reorg_or_tip_change,,,2076,2075,,,,WITHHOLD,20338.688755876137,
,2076,,,1954,2076,,publish,1954,A,,,2075,,,WITHHOLD,20338.688755876137,20338.688755876137
,,,2076,1954,2076,,release_bn,,,,,,,,WITHHOLD,20338.688755876137,
,,,,1954,2076,,release_no_race,,,,,,,,WITHHOLD,20338.688755876137,
1954,,,,1954,2076,20354.4363598495,mine_A_start_withhold,,,,,,2077,,WITHHOLD,20350.71730066093,
,,,,1955,2077,,reorg_or_tip_change,,,2077,2076,,,,WITHHOLD,20354.4363598495,
,2077,,,1955,2077,,publish,1955,A,,,2076,,,WITHHOLD,20354.4363598495,20354.4363598495
,,,2077,1955,2077,,release_bn,,,,,,,,WITHHOLD,20354.4363598495,
,,,,1955,2077,,release_no_race,,,,,,,,WITHHOLD,20354.4363598495,
1955,,,,1955,2077,20367.586068294757,mine_A_start_withhold,,,,,,2078,,WITHHOLD,20363.867009106187,
,,,,1956,2079,,reorg_or_tip_change,,,2079,2077,,,,WITHHOLD,20363.885309905916,
,2079,,,1956,2079,,publish,1956,H,,,2077,,,WITHHOLD,20363.885309905916,20363.885309905916
,2079,,,1956,2079,,mine_H_publish,,,,,,,,WITHHOLD,20363.885309905916,
,2078,,,1956,2079,,publish,1956,A,,,2077,,,WITHHOLD,20365.816030617996,20365.816030617996
,,,,1957,2080,,reorg_or_tip_change,,,2080,2079,,,,WITHHOLD,20365.816030617996,
,2080,,,1957,2080,,publish,1957,A,,,2078,,,WITHHOLD,20365.816030617996,20365.816030617996
,,2080,2078,1957,2080,,mine_A_withhold_success,,,,,,,,WITHHOLD,20365.816030617996,
,,,,1958,2081,,reorg_or_tip_change,,,2081,2080,,,,IDLE,20366.863232883476,
,2081,,,1958,2081,,publish,1958,H,,,2080,,,IDLE,20366.863232883476,20366.863232883476
,2081,,,1958,2081,,mine_H_publish,,,,,,,,IDLE,20366.863232883476,
1958,,,,1958,2081,20370.766078547145,mine_A_start_withhold,,,,,,2082,,WITHHOLD,20367.047019358575,
,,,,1959,2082,,reorg_or_tip_change,,,2082,2081,,,,WITHHOLD,20370.766078547145,
,2082,,,1959,2082,,publish,1959,A,,,2081,,,WITHHOLD,20370.766078547145,20370.766078547145
,,,2082,1959,2082,,release_bn,,,,,,,,WITHHOLD,20370.766078547145,
,,,,1959,2082,,release_no_race,,,,,,,,WITHHOLD,20370.766078547145,
,,,,1960,2083,,reorg_or_tip_change,,,2083,2082,,,,IDLE,20372.361921344524,
,2083,,,1960,2083,,publish,1960,H,,,2082,,,IDLE,20372.361921344524,20372.361921344524
,2083,,,1960,2083,,mine_H_publish,,,,,,,,IDLE,20372.361921344524,
1960,,,,1960,2083,20377.81142002046,mine_A_start_withhold,,,,,,2084,,WITHHOLD,20374.09236083189,
,,,,1961,2084,,reorg_or_tip_change,,,2084,2083,,,,WITHHOLD,20377.81142002046,
,2084,,,1961,2084,,publish,1961,A,,,2083,,,WITHHOLD,20377.81142002046,20377.81142002046
,,,2084,1961,2084,,release_bn,,,,,,,,WITHHOLD,20377.81142002046,
,,,,1961,2084,,release_no_race,,,,,,,,WITHHOLD,20377.81142002046,
1961,,,,1961,2084,20386.1739257019,mine_A_start_withhold,,,,,,2085,,WITHHOLD,20382.45486651333,
,,,,1962,2086,,reorg_or_tip_change,,,2086,2084,,,,WITHHOLD,20382.703914156165,
,2086,,,1962,2086,,publish,1962,H,,,2084,,,WITHHOLD,20382.703914156165,20382.703914156165
,2086,,,1962,2086,,mine_H_publish,,,,,,,,WITHHOLD,20382.703914156165,
,2085,,,1962,2086,,publish,1962,A,,,2084,,,WITHHOLD,20386.1739257019,20386.1739257019
,,,2085,1962,2086,,release_bn,,,,,,,,WITHHOLD,20386.1739257019,
,,,,1962,2086,,release_enter_race,,,,,,,2085,RACE,20386.1739257019,
,,,,1963,2087,,reorg_or_tip_change,,,2087,2086,,,,RACE,20398.687689585407,
,2087,,,1963,2087,,publish,1963,H,,,2086,,,RACE,20398.687689585407,20398.687689585407
,2087,,,1963,2087,,mine_H_publish,,,,,,,,RACE,20398.687689585407,
,,,,1963,2087,,race_lost,,,,,,,,RACE,20398.687689585407,
1963,,,,1963,2087,20404.298655494727,mine_A_start_withhold,,,,,,2088,,WITHHOLD,20400.579596306157,
,,,,1964,2088,,reorg_or_tip_change,,,2088,2087,,,,WITHHOLD,20404.298655494727,
,2088,,,1964,2088,,publish,1964,A,,,2087,,,WITHHOLD,20404.298655494727,20404.298655494727
,,,2088,1964,2088,,release_bn,,,,,,,,WITHHOLD,20404.298655494727,
,,,,1964,2088,,release_no_race,,,,,,,,WITHHOLD,20404.298655494727,
1964,,,,1964,2088,20436.51600592211,mine_A_start_withhold,,,,,,2089,,WITHHOLD,20432.79694673354,
,,,,1965,2089,,reorg_or_tip_change,,,2089,2088,,,,WITHHOLD,20433.831452982122,
,2089,,,1965,2089,,publish,1965,A,,,2088,,,WITHHOLD,20433.831452982122,20433.831452982122
,,,,1966,2090,,reorg_or_tip_change,,,2090,2089,,,,WITHHOLD,20433.831452982122,
,2090,,,1966,2090,,publish,1966,A,,,2089,,,WITHHOLD,20433.831452982122,20433.831452982122
,,2090,2089,1966,2090,,mine_A_withhold_success,,,,,,,,WITHHOLD,20433.831452982122,
1966,,,,1966,2090,20438.111742258217,mine_A_start_withhold,,,,,,2091,,WITHHOLD,20434.392683069647,
,,,,1967,2092,,reorg_or_tip_change,,,2092,2090,,,,WITHHOLD,20436.806932981166,
,2092,,,1967,2092,,publish,1967,H,,,2090,,,WITHHOLD,20436.806932981166,20436.806932981166
,2092,,,1967,2092,,mine_H_publish,,,,,,,,WITHHOLD,20436.806932981166,
,,,,1968,2093,,reorg_or_tip_change,,,2093,2092,,,,WITHHOLD,20438.07399752071,
,2093,,,1968,2093,,publish,1968,H,,,2092,,,WITHHOLD,20438.07399752071,20438.07399752071
,2093,,,1968,2093,,mine_H_publish,,,,,,,,WITHHOLD,20438.07399752071,
,,,,1968,2093,,withhold_abort_honest_advanced,,,,,,,,WITHHOLD,20438.07399752071,
1968,,,,1968,2093,20446.07151053826,mine_A_start_withhold,,,,,,2094,,WITHHOLD,20442.35245134969,
,,,,1969,2094,,reorg_or_tip_change,,,2094,2093,,,,WITHHOLD,20446.07151053826,
,2094,,,1969,2094,,publish,1969,A,,,2093,,,WITHHOLD,20446.07151053826,20446.07151053826
,,,2094,1969,2094,,release_bn,,,,,,,,WITHHOLD,20446.07151053826,
,,,,1969,2094,,release_no_race,,,,,,,,WITHHOLD,20446.07151053826,
1969,,,,1969,2094,20458.578125698456,mine_A_start_withhold,,,,,,2095,,WITHHOLD,20454.859066509885,
,,,,1970,2096,,reorg_or_tip_change,,,2096,2094,,,,WITHHOLD,20455.576266685774,
,2096,,,1970,2096,,publish,1970,H,,,2094,,,WITHHOLD,20455.576266685774,20455.576266685774
,2096,,,1970,2096,,mine_H_publish,,,,,,,,WITHHOLD,20455.576266685774,
,2095,,,1970,2096,,publish,1970,A,,,2094,,,WITHHOLD,20458.578125698456,20458.578125698456
,,,2095,1970,2096,,release_bn,,,,,,,,WITHHOLD,20458.578125698456,
,,,,1970,2096,,release_enter_race,,,,,,,2095,RACE,20458.578125698456,
,,,,1971,2097,,reorg_or_tip_change,,,2097,2096,,,,RACE,20463.584848849143,
,2097,,,1971,2097,,publish,1971,A,,,2095,,,RACE,20463.584848849143,20463.584848849143
,2097,,,1971,2097,,mine_A_race_success,,,,,,,,RACE,20463.584848849143,
1971,,,,1971,2097,20484.40535648073,mine_A_start_withhold,,,,,,2098,,WITHHOLD,20480.68629729216,
,,,,1972,2098,,reorg_or_tip_change,,,2098,2097,,,,WITHHOLD,20484.40535648073,
,2098,,,1972,2098,,publish,1972,A,,,2097,,,WITHHOLD,20484.40535648073,20484.40535648073
,,,2098,1972,2098,,release_bn,,,,,,,,WITHHOLD,20484.40535648073,
,,,,1972,2098,,release_no_race,,,,,,,,WITHHOLD,20484.40535648073,
1972,,,,1972,2098,20492.32226442777,mine_A_start_withhold,,,,,,2099,,WITHHOLD,20488.6032052392,
,,,,1973,2099,,reorg_or_tip_change,,,2099,2098,,,,WITHHOLD,20489.5255316382,
,2099,,,1973,2099,,publish,1973,A,,,2098,,,WITHHOLD,20489.5255316382,20489.5255316382
,,,,1974,2100,,reorg_or_tip_change,,,2100,2099,,,,WITHHOLD,20489.5255316382,
,2100,,,1974,2100,,publish,1974,A,,,2099,,,WITHHOLD,20489.5255316382,20489.5255316382
,,2100,2099,1974,2100,,mine_A_withhold_success,,,,,,,,WITHHOLD,20489.5255316382,
1974,,,,1974,2100,20505.31599311404,mine_A_start_withhold,,,,,,2101,,WITHHOLD,20501.59693392547,
,,,,1975,2101,,reorg_or_tip_change,,,2101,2100,,,,WITHHOLD,20503.39172123865,
,2101,,,1975,2101,,publish,1975,A,,,2100,,,WITHHOLD,20503.39172123865,20503.39172123865
,,,,1976,2102,,reorg_or_tip_change,,,2102,2101,,,,WITHHOLD,20503.39172123865,
,2102,,,1976,2102,,publish,1976,A,,,2101,,,WITHHOLD,20503.39172123865,20503.39172123865
,,2102,2101,1976,2102,,mine_A_withhold_success,,,,,,,,WITHHOLD,20503.39172123865,
,,,,1977,2103,,reorg_or_tip_change,,,2103,2102,,,,IDLE,20509.642561604065,
,2103,,,1977,2103,,publish,1977,H,,,2102,,,IDLE,20509.642561604065,20509.642561604065
,2103,,,1977,2103,,mine_H_publish,,,,,,,,IDLE,20509.642561604065,
1977,,,,1977,2103,20517.816908436598,mine_A_start_withhold,,,,,,2104,,WITHHOLD,20514.097849248028,
,,,,1978,2104,,reorg_or_tip_change,,,2104,2103,,,,WITHHOLD,20517.816908436598,
,2104,,,1978,2104,,publish,1978,A,,,2103,,,WITHHOLD,20517.816908436598,20517.816908436598
,,,2104,1978,2104,,release_bn,,,,,,,,WITHHOLD,20517.816908436598,
,,,,1978,2104,,release_no_race,,,,,,,,WITHHOLD,20517.816908436598,
,,,,1979,2105,,reorg_or_tip_change,,,2105,2104,,,,IDLE,20540.496502977156,
,2105,,,1979,2105,,publish,1979,H,,,2104,,,IDLE,20540.496502977156,20540.496502977156
,2105,,,1979,2105,,mine_H_publish,,,,,,,,IDLE,20540.496502977156,
1979,,,,1979,2105,20568.377347009657,mine_A_start_withhold,,,,,,2106,,WITHHOLD,20564.658287821087,
,,,,1980,2106,,reorg_or_tip_change,,,2106,2105,,,,WITHHOLD,20568.377347009657,
,2106,,,1980,2106,,publish,1980,A,,,2105,,,WITHHOLD,20568.377347009657,20568.377347009657
,,,2106,1980,2106,,release_bn,,,,,,,,WITHHOLD,20568.377347009657,
,,,,1980,2106,,release_no_race,,,,,,,,WITHHOLD,20568.377347009657,
,,,,1981,2107,,reorg_or_tip_change,,,2107,2106,,,,IDLE,20589.323253978433,
,2107,,,1981,2107,,publish,1981,H,,,2106,,,IDLE,20589.323253978433,20589.323253978433
,2107,,,1981,2107,,mine_H_publish,,,,,,,,IDLE,20589.323253978433,
,,,,1982,2108,,reorg_or_tip_change,,,2108,2107,,,,IDLE,20603.916883424292,
,2108,,,1982,2108,,publish,1982,H,,,2107,,,IDLE,20603.916883424292,20603.916883424292
,2108,,,1982,2108,,mine_H_publish,,,,,,,,IDLE,20603.916883424292,
,,,,1983,2109,,reorg_or_tip_change,,,2109,2108,,,,IDLE,20606.288747733946,
,2109,,,1983,2109,,publish,1983,H,,,2108,,,IDLE,20606.288747733946,20606.288747733946
,2109,,,1983,2109,,mine_H_publish,,,,,,,,IDLE,20606.288747733946,
1983,,,,1983,2109,20612.038649311722,mine_A_start_withhold,,,,,,2110,,WITHHOLD,20608.319590123152,
,,,,1984,2110,,reorg_or_tip_change,,,2110,2109,,,,WITHHOLD,20612.038649311722,
,2110,,,1984,2110,,publish,1984,A,,,2109,,,WITHHOLD,20612.038649311722,20612.038649311722
,,,2110,1984,2110,,release_bn,,,,,,,,WITHHOLD,20612.038649311722,
,,,,1984,2110,,release_no_race,,,,,,,,WITHHOLD,20612.038649311722,
1984,,,,1984,2110,20631.633471872796,mine_A_start_withhold,,,,,,2111,,WITHHOLD,20627.914412684226,
,,,,1985,2111,,reorg_or_tip_change,,,2111,2110,,,,WITHHOLD,20631.633471872796,
,2111,,,1985,2111,,publish,1985,A,,,2110,,,WITHHOLD,20631.633471872796,20631.633471872796
,,,2111,1985,2111,,release_bn,,,,,,,,WITHHOLD,20631.633471872796,
,,,,1985,2111,,release_no_race,,,,,,,,WITHHOLD,20631.633471872796,
1985,,,,1985,2111,20676.53870138816,mine_A_start_withhold,,,,,,2112,,WITHHOLD,20672.81964219959,
,,,,1986,2112,,reorg_or_tip_change,,,2112,2111,,,,WITHHOLD,20676.53870138816,
,2112,,,1986,2112,,publish,1986,A,,,2111,,,WITHHOLD,20676.53870138816,20676.53870138816
,,,2112,1986,2112,,release_bn,,,,,,,,WITHHOLD,20676.53870138816,
,,,,1986,2112,,release_no_race,,,,,,,,WITHHOLD,20676.53870138816,
,,,,1987,2113,,reorg_or_tip_change,,,2113,2112,,,,IDLE,20680.485903081084,
,2113,,,1987,2113,,publish,1987,H,,,2112,,,IDLE,20680.485903081084,20680.485903081084
,2113,,,1987,2113,,mine_H_publish,,,,,,,,IDLE,20680.485903081084,
1987,,,,1987,2113,20685.675108552947,mine_A_start_withhold,,,,,,2114,,WITHHOLD,20681.956049364377,
,,,,1988,2114,,reorg_or_tip_change,,,2114,2113,,,,WITHHOLD,20685.675108552947,
,2114,,,1988,2114,,publish,1988,A,,,2113,,,WITHHOLD,20685.675108552947,20685.675108552947
,,,2114,1988,2114,,release_bn,,,,,,,,WITHHOLD,20685.675108552947,
,,,,1988,2114,,release_no_race,,,,,,,,WITHHOLD,20685.675108552947,
1988,,,,1988,2114,20701.282608102334,mine_A_start_withhold,,,,,,2115,,WITHHOLD,20697.563548913764,
,,,,1989,2115,,reorg_or_tip_change,,,2115,2114,,,,WITHHOLD,20701.282608102334,
,2115,,,1989,2115,,publish,1989,A,,,2114,,,WITHHOLD,20701.282608102334,20701.282608102334
,,,2115,1989,2115,,release_bn,,,,,,,,WITHHOLD,20701.282608102334,
,,,,1989,2115,,release_no_race,,,,,,,,WITHHOLD,20701.282608102334,
1989,,,,1989,2115,20705.925968786603,mine_A_start_withhold,,,,,,2116,,WITHHOLD,20702.206909598033,
,,,,1990,2117,,reorg_or_tip_change,,,2117,2115,,,,WITHHOLD,20704.760062979978,
,2117,,,1990,2117,,publish,1990,H,,,2115,,,WITHHOLD,20704.760062979978,20704.760062979978
,2117,,,1990,2117,,mine_H_publish,,,,,,,,WITHHOLD,20704.760062979978,
,2116,,,1990,2117,,publish,1990,A,,,2115,,,WITHHOLD,20705.925968786603,20705.925968786603
,,,2116,1990,2117,,release_bn,,,,,,,,WITHHOLD,20705.925968786603,
,,,,1990,2117,,release_enter_race,,,,,,,2116,RACE,20705.925968786603,
,,,,1991,2118,,reorg_or_tip_change,,,2118,2117,,,,RACE,20710.354740120638,
,2118,,,1991,2118,,publish,1991,A,,,2116,,,RACE,20710.354740120638,20710.354740120638
,2118,,,1991,2118,,mine_A_race_success,,,,,,,,RACE,20710.354740120638,
1991,,,,1991,2118,20721.79976954284,mine_A_start_withhold,,,,,,2119,,WITHHOLD,20718.08071035427,
,,,,1992,2119,,reorg_or_tip_change,,,2119,2118,,,,WITHHOLD,20721.79976954284,
,2119,,,1992,2119,,publish,1992,A,,,2118,,,WITHHOLD,20721.79976954284,20721.79976954284
,,,2119,1992,2119,,release_bn,,,,,,,,WITHHOLD,20721.79976954284,
,,,,1992,2119,,release_no_race,,,,,,,,WITHHOLD,20721.79976954284,
,,,,1993,2120,,reorg_or_tip_change,,,2120,2119,,,,IDLE,20738.881081710344,
,2120,,,1993,2120,,publish,1993,H,,,2119,,,IDLE,20738.881081710344,20738.881081710344
,2120,,,1993,2120,,mine_H_publish,,,,,,,,IDLE,20738.881081710344,
1993,,,,1993,2120,20749.591817727767,mine_A_start_withhold,,,,,,2121,,WITHHOLD,20745.872758539197,
,,,,1994,2121,,reorg_or_tip_change,,,2121,2120,,,,WITHHOLD,20749.591817727767,
,2121,,,1994,2121,,publish,1994,A,,,2120,,,WITHHOLD,20749.591817727767,20749.591817727767
,,,2121,1994,2121,,release_bn,,,,,,,,WITHHOLD,20749.591817727767,
,,,,1994,2121,,release_no_race,,,,,,,,WITHHOLD,20749.591817727767,
,,,,1995,2122,,reorg_or_tip_change,,,2122,2121,,,,IDLE,20756.50073305437,
,2122,,,1995,2122,,publish,1995,H,,,2121,,,IDLE,20756.50073305437,20756.50073305437
,2122,,,1995,2122,,mine_H_publish,,,,,,,,IDLE,20756.50073305437,
1995,,,,1995,2122,20787.24178768831,mine_A_start_withhold,,,,,,2123,,WITHHOLD,20783.522728499738,
,,,,1996,2123,,reorg_or_tip_change,,,2123,2122,,,,WITHHOLD,20785.75031524212,
,2123,,,1996,2123,,publish,1996,A,,,2122,,,WITHHOLD,20785.75031524212,20785.75031524212
,,,,1997,2124,,reorg_or_tip_change,,,2124,2123,,,,WITHHOLD,20785.75031524212,
,2124,,,1997,2124,,publish,1997,A,,,2123,,,WITHHOLD,20785.75031524212,20785.75031524212
,,2124,2123,1997,2124,,mine_A_withhold_success,,,,,,,,WITHHOLD,20785.75031524212,
1997,,,,1997,2124,20809.925608867405,mine_A_start_withhold,,,,,,2125,,WITHHOLD,20806.206549678835,
,,,,1998,2125,,reorg_or_tip_change,,,2125,2124,,,,WITHHOLD,20809.925608867405,
,2125,,,1998,2125,,publish,1998,A,,,2124,,,WITHHOLD,20809.925608867405,20809.925608867405
,,,2125,1998,2125,,release_bn,,,,,,,,WITHHOLD,20809.925608867405,
,,,,1998,2125,,release_no_race,,,,,,,,WITHHOLD,20809.925608867405,
1998,,,,1998,2125,20820.429831559988,mine_A_start_withhold,,,,,,2126,,WITHHOLD,20816.710772371418,
,,,,1999,2126,,reorg_or_tip_change,,,2126,2125,,,,WITHHOLD,20817.87678680316,
,2126,,,1999,2126,,publish,1999,A,,,2125,,,WITHHOLD,20817.87678680316,20817.87678680316
,,,,2000,2127,,reorg_or_tip_change,,,2127,2126,,,,WITHHOLD,20817.87678680316,
,2127,,,2000,2127,,publish,2000,A,,,2126,,,WITHHOLD,20817.87678680316,20817.87678680316
,,2127,2126,2000,2127,,mine_A_withhold_success,,,,,,,,WITHHOLD,20817.87678680316,
2000,,,,2000,2127,20828.73303393983,mine_A_start_withhold,,,,,,2128,,WITHHOLD,20825.01397475126,
,,,,2001,2128,,reorg_or_tip_change,,,2128,2127,,,,WITHHOLD,20828.73303393983,
,2128,,,2001,2128,,publish,2001,A,,,2127,,,WITHHOLD,20828.73303393983,20828.73303393983
,,,2128,2001,2128,,release_bn,,,,,,,,WITHHOLD,20828.73303393983,
,,,,2001,2128,,release_no_race,,,,,,,,WITHHOLD,20828.73303393983,
,,,,2002,2129,,reorg_or_tip_change,,,2129,2128,,,,IDLE,20829.54203211415,
,2129,,,2002,2129,,publish,2002,H,,,2128,,,IDLE,20829.54203211415,20829.54203211415
,2129,,,2002,2129,,mine_H_publish,,,,,,,,IDLE,20829.54203211415,
2002,,,,2002,2129,20843.130180903467,mine_A_start_withhold,,,,,,2130,,WITHHOLD,20839.411121714897,
,,,,2003,2130,,reorg_or_tip_change,,,2130,2129,,,,WITHHOLD,20841.789008327967,
,2130,,,2003,2130,,publish,2003,A,,,2129,,,WITHHOLD,20841.789008327967,20841.789008327967
,,,,2004,2131,,reorg_or_tip_change,,,2131,2130,,,,WITHHOLD,20841.789008327967,
,2131,,,2004,2131,,publish,2004,A,,,2130,,,WITHHOLD,20841.789008327967,20841.789008327967
,,2131,2130,2004,2131,,mine_A_withhold_success,,,,,,,,WITHHOLD,20841.789008327967,
2004,,,,2004,2131,20860.880735881827,mine_A_start_withhold,,,,,,2132,,WITHHOLD,20857.161676693257,
,,,,2005,2132,,reorg_or_tip_change,,,2132,2131,,,,WITHHOLD,20859.014783203027,
,2132,,,2005,2132,,publish,2005,A,,,2131,,,WITHHOLD,20859.014783203027,20859.014783203027
,,,,2006,2133,,reorg_or_tip_change,,,2133,2132,,,,WITHHOLD,20859.014783203027,
,2133,,,2006,2133,,publish,2006,A,,,2132,,,WITHHOLD,20859.014783203027,20859.014783203027
,,2133,2132,2006,2133,,mine_A_withhold_success,,,,,,,,WITHHOLD,20859.014783203027,
2006,,,,2006,2133,20878.002582882113,mine_A_start_withhold,,,,,,2134,,WITHHOLD,20874.283523693543,
,,,,2007,2134,,reorg_or_tip_change,,,2134,2133,,,,WITHHOLD,20878.002582882113,
,2134,,,2007,2134,,publish,2007,A,,,2133,,,WITHHOLD,20878.002582882113,20878.002582882113
,,,2134,2007,2134,,release_bn,,,,,,,,WITHHOLD,20878.002582882113,
,,,,2007,2134,,release_no_race,,,,,,,,WITHHOLD,20878.002582882113,
,,,,2008,2135,,reorg_or_tip_change,,,2135,2134,,,,IDLE,20882.942912466817,
,2135,,,2008,2135,,publish,2008,H,,,2134,,,IDLE,20882.942912466817,20882.942912466817
,2135,,,2008,2135,,mine_H_publish,,,,,,,,IDLE,20882.942912466817,
2008,,,,2008,2135,20886.79329940633,mine_A_start_withhold,,,,,,2136,,WITHHOLD,20883.07424021776,
,,,,2009,2136,,reorg_or_tip_change,,,2136,2135,,,,WITHHOLD,20886.79329940633,
,2136,,,2009,2136,,publish,2009,A,,,2135,,,WITHHOLD,20886.79329940633,20886.79329940633
,,,2136,2009,2136,,release_bn,,,,,,,,WITHHOLD,20886.79329940633,
,,,,2009,2136,,release_no_race,,,,,,,,WITHHOLD,20886.79329940633,
,,,,2010,2137,,reorg_or_tip_change,,,2137,2136,,,,IDLE,20905.4337395964,
,2137,,,2010,2137,,publish,2010,H,,,2136,,,IDLE,20905.4337395964,20905.4337395964
,2137,,,2010,2137,,mine_H_publish,,,,,,,,IDLE,20905.4337395964,
2010,,,,2010,2137,20921.242828757837,mine_A_start_withhold,,,,,,2138,,WITHHOLD,20917.523769569267,
,,,,2011,2139,,reorg_or_tip_change,,,2139,2137,,,,WITHHOLD,20920.282534063263,
,2139,,,2011,2139,,publish,2011,H,,,2137,,,WITHHOLD,20920.282534063263,20920.282534063263
,2139,,,2011,2139,,mine_H_publish,,,,,,,,WITHHOLD,20920.282534063263,
,2138,,,2011,2139,,publish,2011,A,,,2137,,,WITHHOLD,20921.242828757837,20921.242828757837
,,,2138,2011,2139,,release_bn,,,,,,,,WITHHOLD,20921.242828757837,
,,,,2011,2139,,release_enter_race,,,,,,,2138,RACE,20921.242828757837,
,,,,2012,2140,,reorg_or_tip_change,,,2140,2139,,,,RACE,20925.561022058726,
,2140,,,2012,2140,,publish,2012,A,,,2138,,,RACE,20925.561022058726,20925.561022058726
,2140,,,2012,2140,,mine_A_race_success,,,,,,,,RACE,20925.561022058726,
,,,,2013,2141,,reorg_or_tip_change,,,2141,2140,,,,IDLE,20926.72392804007,
,2141,,,2013,2141,,publish,2013,H,,,2140,,,IDLE,20926.72392804007,20926.72392804007
,2141,,,2013,2141,,mine_H_publish,,,,,,,,IDLE,20926.72392804007,
2013,,,,2013,2141,20931.36963359283,mine_A_start_withhold,,,,,,2142,,WITHHOLD,20927.65057440426,
,,,,2014,2142,,reorg_or_tip_change,,,2142,2141,,,,WITHHOLD,20931.36963359283,
,2142,,,2014,2142,,publish,2014,A,,,2141,,,WITHHOLD,20931.36963359283,20931.36963359283
,,,2142,2014,2142,,release_bn,,,,,,,,WITHHOLD,20931.36963359283,
,,,,2014,2142,,release_no_race,,,,,,,,WITHHOLD,20931.36963359283,
2014,,,,2014,2142,20971.101035640535,mine_A_start_withhold,,,,,,2143,,WITHHOLD,20967.381976451965,
,,,,2015,2144,,reorg_or_tip_change,,,2144,2142,,,,WITHHOLD,20970.26153278091,
,2144,,,2015,2144,,publish,2015,H,,,2142,,,WITHHOLD,20970.26153278091,20970.26153278091
,2144,,,2015,2144,,mine_H_publish,,,,,,,,WITHHOLD,20970.26153278091,
,2143,,,2015,2144,,publish,2015,A,,,2142,,,WITHHOLD,20971.101035640535,20971.101035640535
,,,2143,2015,2144,,release_bn,,,,,,,,WITHHOLD,20971.101035640535,
,,,,2015,2144,,release_enter_race,,,,,,,2143,RACE,20971.101035640535,
,,,,2016,2145,,reorg_or_tip_change,,,2145,2144,,,,RACE,20975.847803880246,
,2145,,,2016,2145,,publish,2016,H,,,2144,,,RACE,20975.847803880246,20975.847803880246
,2145,,,2016,2145,,mine_H_publish,,,,,,,,RACE,20975.847803880246,
,,,,2016,2145,,race_lost,,,,,,,,RACE,20975.847803880246,
